doc,subset,n_lines,ops_removed_lines,judged_deleted,replace_str,remove_lines,remove_all,add_line,zipf_gap_all,zipf_gap_prose
UltraX-AICC:0,AICC,1,0,0,1,0,0,0,,
UltraX-AICC:1,AICC,6,3,3,1,3,0,0,,-0.9673690476190475
UltraX-AICC:2,AICC,50,9,1,1,4,0,0,,-0.10229040717605997
UltraX-AICC:3,AICC,4,1,1,1,1,0,0,,0.531637796504369
UltraX-AICC:4,AICC,123,69,27,1,69,0,0,,-0.3313599378282328
UltraX-AICC:5,AICC,4,0,0,1,0,0,0,,
UltraX-AICC:6,AICC,3,0,0,1,0,0,0,,
UltraX-AICC:7,AICC,26,3,3,1,3,0,0,,-0.8504341671735931
UltraX-AICC:8,AICC,9,6,3,1,6,0,0,,0.0936998722860789
UltraX-AICC:9,AICC,4,3,2,1,3,0,0,,0.04209899749373491
UltraX-AICC:10,AICC,12,3,3,1,3,0,0,,-1.7677985226761543
UltraX-AICC:11,AICC,4,0,0,1,0,0,0,,
UltraX-AICC:12,AICC,2,0,0,1,0,0,0,,
UltraX-AICC:13,AICC,28,8,4,1,2,0,0,,0.22174999999999923
UltraX-AICC:14,AICC,8,4,4,1,4,0,0,,-1.3194166666666667
UltraX-AICC:15,AICC,2,0,0,1,0,0,0,,
UltraX-AICC:16,AICC,28,2,2,1,2,0,0,,-1.5988089990821877
UltraX-AICC:17,AICC,13,0,2,1,0,0,0,,1.0227286231884056
UltraX-AICC:18,AICC,61,0,2,1,0,0,0,,-1.3154358353510895
UltraX-AICC:19,AICC,8,4,2,1,4,0,0,,0.6273958333333338
UltraX-AICC:20,AICC,1,0,0,1,0,0,0,,
UltraX-AICC:21,AICC,20,2,0,1,2,0,0,,
UltraX-AICC:22,AICC,12,0,0,1,0,0,0,,
UltraX-AICC:23,AICC,8,4,4,1,4,0,0,,-0.5598081140350883
UltraX-AICC:24,AICC,9,1,1,1,1,0,0,,-0.7706055967337342
UltraX-AICC:25,AICC,11,4,0,1,4,0,0,,
UltraX-AICC:26,AICC,5,4,3,1,4,0,0,,-0.04380555555555521
UltraX-AICC:27,AICC,12,0,0,1,0,0,0,,
UltraX-AICC:28,AICC,7,5,3,1,5,0,0,,-0.42529024148948213
UltraX-AICC:29,AICC,15,3,1,1,2,0,0,,-0.999166666666667
UltraX-AICC:30,AICC,9,6,6,1,6,0,0,,-0.041143667062784495
UltraX-AICC:31,AICC,5,0,0,1,0,0,0,,
UltraX-AICC:32,AICC,36,4,2,1,3,0,0,,0.7082381709440533
UltraX-AICC:33,AICC,29,0,0,1,0,0,0,,
UltraX-AICC:34,AICC,7,0,0,1,0,0,0,,
UltraX-AICC:35,AICC,68,11,5,1,10,0,0,,0.49057817861151154
UltraX-AICC:36,AICC,2,1,0,1,1,0,0,,
UltraX-AICC:37,AICC,4,0,0,1,0,0,0,,
UltraX-AICC:38,AICC,258,21,1,1,21,0,0,,-1.9136216667318013
UltraX-AICC:39,AICC,7,0,0,1,0,0,0,,
UltraX-AICC:40,AICC,23,2,2,1,2,0,0,,-0.992298552754435
UltraX-AICC:41,AICC,23,3,2,1,3,0,0,,-0.365711663116425
UltraX-AICC:42,AICC,21,4,2,1,4,0,0,,0.1510384293165572
UltraX-AICC:43,AICC,11,13,3,1,13,0,0,,0.31886904761904766
UltraX-AICC:44,AICC,16,1,0,1,1,0,0,,
UltraX-AICC:45,AICC,3,0,0,1,0,0,0,,
UltraX-AICC:46,AICC,36,9,7,13,9,0,0,,0.1916785714285716
UltraX-AICC:47,AICC,7,1,1,1,1,0,0,,-1.4898111111111114
UltraX-AICC:48,AICC,11,0,0,1,0,0,0,,
UltraX-AICC:49,AICC,8,4,0,1,4,0,0,,
UltraX-AICC:50,AICC,50,25,25,1,25,0,0,,-1.6141113469116712
UltraX-AICC:51,AICC,15,2,0,1,2,0,0,,
UltraX-AICC:52,AICC,6,2,2,1,2,0,0,,-1.6897380574452
UltraX-AICC:53,AICC,21,1,1,1,1,0,0,,-1.6080505738481805
UltraX-AICC:54,AICC,8,2,2,1,2,0,0,,-2.3086422408225475
UltraX-AICC:55,AICC,15,1,1,1,1,0,0,,-1.6454985236998558
UltraX-AICC:56,AICC,4,0,0,1,0,0,0,,
UltraX-AICC:57,AICC,1,0,0,1,0,0,0,,
UltraX-AICC:58,AICC,26,6,2,1,6,0,0,,0.8919363006801735
UltraX-AICC:59,AICC,7,1,1,1,1,0,0,,-1.870160923617445
UltraX-AICC:60,AICC,35,12,9,1,12,0,0,,-0.5523765692959097
UltraX-AICC:61,AICC,24,2,2,1,2,0,0,,-1.3692788732962144
UltraX-AICC:62,AICC,43,13,11,1,9,0,0,,0.3589264448461895
UltraX-AICC:63,AICC,7,0,0,1,0,0,0,,
UltraX-AICC:64,AICC,57,10,8,1,10,0,0,,-0.25617794398583804
UltraX-AICC:65,AICC,6,0,0,1,0,0,0,,
UltraX-AICC:66,AICC,32,5,3,1,5,0,0,,-1.349816659373508
UltraX-AICC:67,AICC,33,28,26,1,24,0,0,,0.8388618349686263
UltraX-AICC:68,AICC,10,0,0,1,0,0,0,,
UltraX-AICC:69,AICC,46,4,2,1,4,0,0,,0.2708759346713894
UltraX-AICC:70,AICC,4,2,0,1,2,0,0,,
UltraX-AICC:71,AICC,35,2,2,1,2,0,0,,-0.2507864338795285
UltraX-AICC:72,AICC,45,17,12,2,16,0,0,,0.22641706499518932
UltraX-AICC:73,AICC,8,1,1,1,1,0,0,,-1.4629113375677418
UltraX-AICC:74,AICC,10,0,0,1,0,0,0,,
UltraX-AICC:75,AICC,11,2,1,1,2,0,0,,-0.1553940259845179
UltraX-AICC:76,AICC,4,0,0,1,0,0,0,,
UltraX-AICC:77,AICC,25,1,0,1,1,0,0,,
UltraX-AICC:78,AICC,3,1,1,1,1,0,0,,-1.2453636363636362
UltraX-AICC:79,AICC,179,4,4,1,4,0,0,,0.3371014453819541
UltraX-AICC:80,AICC,211,0,0,1,0,0,0,,
UltraX-AICC:81,AICC,53,0,0,1,0,0,0,,
UltraX-AICC:82,AICC,29,20,18,1,20,0,0,,-0.6747849206349206
UltraX-AICC:83,AICC,67,3,3,1,3,0,0,,0.7719064834267035
UltraX-AICC:84,AICC,2,0,0,1,0,0,0,,
UltraX-AICC:85,AICC,29,0,0,1,0,0,0,,
UltraX-AICC:86,AICC,41,7,1,1,3,0,0,,-0.616422361592365
UltraX-AICC:87,AICC,33,8,6,5,7,0,5,-0.16955375180375132,0.037898204566208626
UltraX-AICC:88,AICC,4,0,0,1,0,0,0,,
UltraX-AICC:89,AICC,10,1,1,1,1,0,0,,1.012686186186186
UltraX-AICC:90,AICC,4,1,1,1,1,0,0,,-1.718677009265245
UltraX-AICC:91,AICC,17,16,8,1,16,0,0,,-0.6885556330450928
UltraX-AICC:92,AICC,12,5,3,1,1,0,0,,-0.3879629629629626
UltraX-AICC:93,AICC,4,0,0,1,0,0,0,,
UltraX-AICC:94,AICC,5,0,0,1,0,0,0,,
UltraX-AICC:95,AICC,18,7,1,1,5,0,0,,1.5360885182378823
UltraX-AICC:96,AICC,32,11,9,1,11,0,0,,-0.23572735310967818
UltraX-AICC:97,AICC,4,0,0,1,0,0,0,,
UltraX-AICC:98,AICC,11,8,1,1,8,0,0,,0.8832068160597579
UltraX-AICC:99,AICC,92,56,15,1,53,0,0,,0.6393707813560869
UltraX-AICC:100,AICC,8,4,3,1,4,0,0,,-0.7803055039146081
UltraX-AICC:101,AICC,27,7,7,1,7,0,0,,0.09666315073397769
UltraX-AICC:102,AICC,24,12,11,1,6,0,0,,-0.136391570464788
UltraX-AICC:103,AICC,11,2,0,1,2,0,0,,
UltraX-AICC:104,AICC,12,15,9,1,8,0,0,,0.01590354090354129
UltraX-AICC:105,AICC,167,11,12,1,11,0,0,,0.299754371017265
UltraX-AICC:106,AICC,14,4,3,1,4,0,0,,-0.43365418894830654
UltraX-AICC:107,AICC,14,2,2,1,2,0,0,,-0.3959007936507941
UltraX-AICC:108,AICC,16,0,0,1,0,0,0,,
UltraX-AICC:109,AICC,55,49,9,1,10,0,0,,0.00128033524164195
UltraX-AICC:110,AICC,6,2,2,1,2,0,0,,-1.87178175990676
UltraX-AICC:111,AICC,19,7,1,3,7,0,0,,0.8852387707143805
UltraX-AICC:112,AICC,15,6,6,1,6,0,0,,-0.8279370091896405
UltraX-AICC:113,AICC,6,0,0,1,0,0,0,,
UltraX-AICC:114,AICC,122,92,46,1,22,0,0,,0.09808597849419343
UltraX-AICC:115,AICC,6,1,0,1,1,0,0,,
UltraX-AICC:116,AICC,74,34,32,1,34,0,0,,-0.9470097789115646
UltraX-AICC:117,AICC,26,29,20,1,19,0,0,,-0.9025036066345846
UltraX-AICC:118,AICC,5,0,0,1,0,0,0,,
UltraX-AICC:119,AICC,41,7,7,1,7,0,0,,-1.758938693789744
UltraX-AICC:120,AICC,10,2,2,1,2,0,0,,-1.4242185986099356
UltraX-AICC:121,AICC,24,1,0,1,1,0,0,,
UltraX-AICC:122,AICC,24,10,10,1,6,0,0,,0.004184676115357888
UltraX-AICC:123,AICC,20,0,0,1,0,0,0,,
UltraX-AICC:124,AICC,9,2,1,7,2,0,0,,-0.38469262071457067
UltraX-AICC:125,AICC,5,1,0,1,1,0,0,,
UltraX-AICC:126,AICC,24,2,2,3,2,0,0,,0.43515961563688776
UltraX-AICC:127,AICC,15,20,11,1,17,0,0,,0.7986343837535008
UltraX-AICC:128,AICC,9,6,4,1,6,0,0,,1.078083082093512
UltraX-AICC:129,AICC,7,2,1,1,2,0,0,,1.0227182539682547
UltraX-AICC:130,AICC,4,0,0,1,0,0,0,,
UltraX-AICC:131,AICC,22,0,0,1,0,0,0,,
UltraX-AICC:132,AICC,12,1,1,1,1,0,0,,-0.4702169150079367
UltraX-AICC:133,AICC,20,0,0,1,0,0,0,,
UltraX-AICC:134,AICC,5,1,1,1,1,0,0,,-2.139989651416122
UltraX-AICC:135,AICC,9,0,0,1,0,0,0,,
UltraX-AICC:136,AICC,13,1,1,1,1,0,0,,0.2401516354016353
UltraX-AICC:137,AICC,10,0,0,1,0,0,0,,
UltraX-AICC:138,AICC,10,1,0,1,1,0,0,,
UltraX-AICC:139,AICC,20,12,12,1,3,0,0,,1.149096801134462
UltraX-AICC:140,AICC,12,2,2,1,2,0,0,,-0.7236903242955872
UltraX-AICC:141,AICC,5,1,0,1,1,0,0,,
UltraX-AICC:142,AICC,1,0,0,1,0,0,0,,
UltraX-AICC:143,AICC,55,74,43,1,25,0,0,,-0.05756198021844394
UltraX-AICC:144,AICC,23,15,12,1,12,0,0,,-0.3240554191695493
UltraX-AICC:145,AICC,7,2,2,1,2,0,0,,-0.7639043719610283
UltraX-AICC:146,AICC,4,1,1,1,1,0,0,,0.1518518518518519
UltraX-AICC:147,AICC,23,17,4,1,17,0,0,,0.9922761507589213
UltraX-AICC:148,AICC,70,8,4,1,8,0,0,,-1.6989378488606253
UltraX-AICC:149,AICC,11,1,1,1,1,0,0,,-1.6039720647773286
UltraX-AICC:150,AICC,18,5,4,1,5,0,0,,-0.28891448856217394
UltraX-AICC:151,AICC,132,0,0,1,0,0,0,,
UltraX-AICC:152,AICC,34,0,0,1,0,0,0,,
UltraX-AICC:153,AICC,77,40,39,1,40,0,0,,-1.9342325600173522
UltraX-AICC:154,AICC,65,5,4,1,5,0,0,,0.19071120512853845
UltraX-AICC:155,AICC,15,1,1,1,1,0,0,,-0.9991416563309672
UltraX-AICC:156,AICC,2,1,1,1,1,0,0,,-2.712620689655173
UltraX-AICC:157,AICC,21,8,7,1,8,0,0,,-0.5065025510204078
UltraX-AICC:158,AICC,7,6,6,1,6,0,0,,-0.45288636363636403
UltraX-AICC:159,AICC,61,0,0,1,0,0,0,,
UltraX-AICC:160,AICC,6,2,2,1,2,0,0,,1.7786069518716574
UltraX-AICC:161,AICC,25,12,0,1,12,0,0,,
UltraX-AICC:162,AICC,22,3,3,1,3,0,0,,-1.3994471959421486
UltraX-AICC:163,AICC,24,2,2,1,2,0,0,,-1.55294378199049
UltraX-AICC:164,AICC,11,0,0,1,0,0,0,,
UltraX-AICC:165,AICC,16,4,4,1,4,0,0,,-0.8009420988679707
UltraX-AICC:166,AICC,15,6,6,1,6,0,0,,-0.8124444999445002
UltraX-AICC:167,AICC,32,23,12,1,13,0,0,,-1.4467088784173345
UltraX-AICC:168,AICC,71,27,17,1,20,0,0,,-1.3711110576241228
UltraX-AICC:169,AICC,18,21,12,1,13,0,0,,-0.6842049804595538
UltraX-AICC:170,AICC,18,0,0,1,0,0,0,,
UltraX-AICC:171,AICC,44,38,38,1,38,0,0,,-1.0464884379154222
UltraX-AICC:172,AICC,20,6,5,1,6,0,0,,-0.33027697043697035
UltraX-AICC:173,AICC,14,3,2,1,3,0,0,,0.6757099952601298
UltraX-AICC:174,AICC,31,1,1,1,1,0,0,,-0.9450563330245041
UltraX-AICC:175,AICC,12,2,1,1,2,0,0,,-0.3440277692489202
UltraX-AICC:176,AICC,19,5,5,1,5,0,0,,1.7822068996908573
UltraX-AICC:177,AICC,2,0,0,1,0,0,0,,
UltraX-AICC:178,AICC,12,1,0,1,1,0,0,,
UltraX-AICC:179,AICC,4,2,2,1,2,0,0,,-1.4114361540794658
UltraX-AICC:180,AICC,12,2,2,1,2,0,0,,-0.47310642490143184
UltraX-AICC:181,AICC,2,0,0,1,0,0,0,,
UltraX-AICC:182,AICC,7,5,1,1,3,0,0,,1.4615669515669518
UltraX-AICC:183,AICC,20,5,4,1,5,0,0,,0.16096305020830748
UltraX-AICC:184,AICC,43,9,2,1,9,0,0,,-2.0539250335371557
UltraX-AICC:185,AICC,17,11,7,1,11,0,0,,-0.27152128491922767
UltraX-AICC:186,AICC,18,6,4,1,4,0,0,,-0.50654860514729
UltraX-AICC:187,AICC,6,3,1,1,3,0,0,,-1.215603264732839
UltraX-AICC:188,AICC,61,15,5,1,15,0,0,,-0.5986903558318009
UltraX-AICC:189,AICC,15,15,8,2,15,0,0,,-0.5170456274615116
UltraX-AICC:190,AICC,11,0,0,1,0,0,0,,
UltraX-AICC:191,AICC,8,1,1,1,1,0,0,,-1.582990663437092
UltraX-AICC:192,AICC,4,1,0,1,1,0,0,,
UltraX-AICC:193,AICC,9,0,0,1,0,0,0,,
UltraX-AICC:194,AICC,19,5,5,1,5,0,0,,0.40138320991789556
UltraX-AICC:195,AICC,19,6,5,1,6,0,0,,-0.25379407110101937
UltraX-AICC:196,AICC,16,9,6,1,9,0,0,,-0.009138888888888808
UltraX-AICC:197,AICC,23,1,0,1,1,0,0,,
UltraX-AICC:198,AICC,10,3,3,1,3,0,0,,-0.6949486961451248
UltraX-AICC:199,AICC,3,0,0,1,0,0,0,,
UltraX-AICC:200,AICC,96,0,0,1,0,0,0,,
UltraX-AICC:201,AICC,4,1,1,1,1,0,0,,-1.8219783950617288
UltraX-AICC:202,AICC,22,7,6,1,7,0,0,,0.06899789082822405
UltraX-AICC:203,AICC,8,9,5,1,9,0,0,,-0.39729338624338606
UltraX-AICC:204,AICC,67,0,0,1,0,0,0,,
UltraX-AICC:205,AICC,2,0,0,1,0,0,0,,
UltraX-AICC:206,AICC,106,5,4,1,5,0,0,,-1.3599423866993012
UltraX-AICC:207,AICC,20,2,2,1,2,0,0,,-0.8180692334728388
UltraX-AICC:208,AICC,3,0,0,1,0,0,0,,
UltraX-AICC:209,AICC,2,0,0,1,0,0,0,,
UltraX-AICC:210,AICC,30,9,7,1,9,0,0,,-0.32927939408989193
UltraX-AICC:211,AICC,27,3,3,1,3,0,0,,-0.5473665244086403
UltraX-AICC:212,AICC,24,26,14,1,22,0,0,,-0.39338169920994925
UltraX-AICC:213,AICC,10,1,1,1,1,0,0,,-1.355478807023804
UltraX-AICC:214,AICC,26,0,0,1,0,0,0,,
UltraX-AICC:215,AICC,12,0,0,2,0,0,0,,
UltraX-AICC:216,AICC,9,2,2,1,2,0,0,,-1.8930373804594303
UltraX-AICC:217,AICC,2,1,0,1,1,0,0,,
UltraX-AICC:218,AICC,10,12,2,1,8,0,0,,0.6367323301068764
UltraX-AICC:219,AICC,14,25,11,1,19,0,0,,-0.5412751889692062
UltraX-AICC:220,AICC,11,1,0,1,1,0,0,,
UltraX-AICC:221,AICC,40,0,0,1,0,0,0,,
UltraX-AICC:222,AICC,5,4,2,1,4,0,0,,-1.7284477611940297
UltraX-AICC:223,AICC,21,3,3,8,3,0,0,,-1.3950475978835541
UltraX-AICC:224,AICC,1,0,0,1,0,0,0,,
UltraX-AICC:225,AICC,6,1,1,1,1,0,0,,1.3422873563218394
UltraX-AICC:226,AICC,70,14,4,1,10,0,0,,-1.1508025771922243
UltraX-AICC:227,AICC,19,1,1,1,1,0,0,,-2.184220919465897
UltraX-AICC:228,AICC,81,5,5,1,5,0,0,,-1.1500851319502439
UltraX-AICC:229,AICC,9,4,0,1,4,0,0,,
UltraX-AICC:230,AICC,23,14,14,1,14,0,0,,-0.02770888491540635
UltraX-AICC:231,AICC,54,8,8,1,8,0,0,,1.2552630146814465
UltraX-AICC:232,AICC,62,29,29,1,29,0,0,,-0.9118032702946905
UltraX-AICC:233,AICC,14,4,3,1,4,0,0,,-1.5860567338042282
UltraX-AICC:234,AICC,33,9,9,1,9,0,0,,-1.4588496031746034
UltraX-AICC:235,AICC,15,5,3,1,4,0,0,,-1.6555238562381218
UltraX-AICC:236,AICC,9,0,0,1,0,0,0,,
UltraX-AICC:237,AICC,1,1,0,1,1,0,0,,
UltraX-AICC:238,AICC,28,2,1,1,2,0,0,,-0.4776871344381588
UltraX-AICC:239,AICC,5,0,0,1,0,0,0,,
UltraX-AICC:240,AICC,5,1,1,1,1,0,0,,-1.5574206349206352
UltraX-AICC:241,AICC,18,3,3,1,3,0,0,,-0.9130048249557419
UltraX-AICC:242,AICC,2,0,0,1,0,0,0,,
UltraX-AICC:243,AICC,6,0,0,1,0,0,0,,
UltraX-AICC:244,AICC,28,11,3,1,11,0,0,,0.1684228054282464
UltraX-AICC:245,AICC,7,0,0,1,0,0,0,,
UltraX-AICC:246,AICC,25,11,6,1,8,0,0,,-0.4198431843497632
UltraX-AICC:247,AICC,14,4,2,1,2,0,0,,-0.19833104395604462
UltraX-AICC:248,AICC,11,2,2,1,2,0,0,,-0.04457407407407388
UltraX-AICC:249,AICC,27,2,2,1,2,0,0,,-1.9884868004344032
UltraX-AICC:250,AICC,5,1,1,1,1,0,0,,-1.3318303613053617
UltraX-AICC:251,AICC,43,22,0,1,2,0,0,,
UltraX-AICC:252,AICC,12,3,3,1,3,0,0,,-1.2941961279461287
UltraX-AICC:253,AICC,11,18,7,1,14,0,0,,0.08908698361823397
UltraX-AICC:254,AICC,121,0,0,1,0,0,0,,
UltraX-AICC:255,AICC,8,2,2,1,2,0,0,,-0.04324629016816495
UltraX-AICC:256,AICC,7,2,2,1,2,0,0,,0.051133333333333475
UltraX-AICC:257,AICC,4,0,0,1,0,0,0,,
UltraX-AICC:258,AICC,12,0,0,1,0,0,0,,
UltraX-AICC:259,AICC,6,1,1,1,1,0,0,,0.7153126477541374
UltraX-AICC:260,AICC,4,1,1,1,1,0,0,,-0.9331531531531536
UltraX-AICC:261,AICC,2,0,0,1,0,0,0,,
UltraX-AICC:262,AICC,13,16,6,1,7,0,0,,-0.9664689965981266
UltraX-AICC:263,AICC,162,45,3,1,11,0,0,,0.2633582384378377
UltraX-AICC:264,AICC,4,0,0,1,0,0,0,,
UltraX-AICC:265,AICC,5,1,1,1,1,0,0,,-0.18472063310449993
UltraX-AICC:266,AICC,4,2,2,1,2,0,0,,-1.498290148448044
UltraX-AICC:267,AICC,65,0,2,1,0,0,0,,-0.2987494162484623
UltraX-AICC:268,AICC,53,51,25,1,22,0,0,,-0.48984409010423136
UltraX-AICC:269,AICC,5,3,1,1,3,0,0,,-0.7501470588235293
UltraX-AICC:270,AICC,124,0,0,1,0,0,0,,
UltraX-AICC:271,AICC,3,2,0,1,1,0,0,,
UltraX-AICC:272,AICC,25,2,2,1,2,0,0,,0.2628171757173776
UltraX-AICC:273,AICC,7,3,3,1,3,0,0,,0.01952052545155958
UltraX-AICC:274,AICC,9,1,0,1,1,0,0,,
UltraX-AICC:275,AICC,24,16,13,1,16,0,0,,-0.6264233544233546
UltraX-AICC:276,AICC,6,3,2,1,3,0,0,,-0.2635732323232327
UltraX-AICC:277,AICC,57,5,2,1,5,0,0,,-1.702581457250174
UltraX-AICC:278,AICC,65,0,0,1,0,0,0,,
UltraX-AICC:279,AICC,4,2,0,1,1,0,0,,
UltraX-AICC:280,AICC,3,1,1,1,1,0,0,,0.6111827956989249
UltraX-AICC:281,AICC,19,1,1,1,1,0,0,,-1.6289481271283721
UltraX-AICC:282,AICC,13,2,2,1,2,0,0,,0.975451879038836
UltraX-AICC:283,AICC,8,1,1,1,1,0,0,,0.9248707450459861
UltraX-AICC:284,AICC,399,2,2,1,2,0,0,,0.15816434183100814
UltraX-AICC:285,AICC,9,2,2,1,2,0,0,,0.4123220004927326
UltraX-AICC:286,AICC,14,2,0,1,2,0,0,,
UltraX-AICC:287,AICC,9,16,7,1,16,0,0,,-0.667291208791208
UltraX-AICC:288,AICC,19,4,4,1,4,0,0,,-0.9027040839618197
UltraX-AICC:289,AICC,18,0,0,1,0,0,0,,
UltraX-AICC:290,AICC,27,0,0,1,0,0,0,,
UltraX-AICC:291,AICC,19,12,9,1,12,0,0,,-0.25501767676767617
UltraX-AICC:292,AICC,5,1,1,1,1,0,0,,-1.094667050249328
UltraX-AICC:293,AICC,153,14,1,1,3,0,0,,0.7886054678866721
UltraX-AICC:294,AICC,16,3,0,1,3,0,0,,
UltraX-AICC:295,AICC,10,6,5,1,6,0,0,,-0.1503000000000001
UltraX-AICC:296,AICC,8,1,1,1,1,0,0,,-1.672063330496052
UltraX-AICC:297,AICC,105,10,4,1,10,0,0,,-0.8582494800500458
UltraX-AICC:298,AICC,12,1,1,1,1,0,0,,-2.092261890298559
UltraX-AICC:299,AICC,23,0,0,1,0,0,0,,
UltraX-AICC:300,AICC,8,1,1,1,1,0,0,,-0.8089376750700286
UltraX-AICC:301,AICC,3,1,1,1,1,0,0,,-1.282027777777778
UltraX-AICC:302,AICC,37,9,4,1,8,0,0,,0.11262589470515127
UltraX-AICC:303,AICC,33,0,0,1,0,0,0,,
UltraX-AICC:304,AICC,34,2,2,1,2,0,0,,-1.1526573197941188
UltraX-AICC:305,AICC,24,0,0,1,0,0,0,,
UltraX-AICC:306,AICC,7,2,1,1,2,0,0,,0.2252619047619051
UltraX-AICC:307,AICC,49,29,20,1,20,0,1,,0.2606960734907364
UltraX-AICC:308,AICC,5,1,1,1,1,0,0,,-1.0982250829270468
UltraX-AICC:309,AICC,25,4,4,1,2,0,0,,0.3052960927960928
UltraX-AICC:310,AICC,174,9,9,1,9,0,0,,-0.7403345929852652
UltraX-AICC:311,AICC,4,0,0,1,0,0,0,,
UltraX-AICC:312,AICC,104,0,0,1,0,0,0,,
UltraX-AICC:313,AICC,2,0,0,1,0,0,0,,
UltraX-AICC:314,AICC,11,3,1,1,3,0,0,,-0.26999090909090917
UltraX-AICC:315,AICC,14,0,0,1,0,0,0,,
UltraX-AICC:316,AICC,1,0,0,1,0,0,0,,
UltraX-AICC:317,AICC,54,15,12,1,15,0,0,,-0.3779715499025107
UltraX-AICC:318,AICC,17,2,2,1,2,0,0,,-1.255720618851452
UltraX-AICC:319,AICC,10,1,1,1,1,0,0,,-0.10240123456790151
UltraX-AICC:320,AICC,9,1,1,1,1,0,0,,-0.857014652014652
UltraX-AICC:321,AICC,8,4,3,1,4,0,0,,-0.2902988095238097
UltraX-AICC:322,AICC,6,3,0,1,2,0,0,,
UltraX-AICC:323,AICC,6,5,0,1,5,0,0,,
UltraX-AICC:324,AICC,53,16,17,1,16,0,0,,-0.8329539415766303
UltraX-AICC:325,AICC,17,0,0,1,0,0,0,,
UltraX-AICC:326,AICC,9,1,1,1,1,0,1,,-0.5430769230769235
UltraX-AICC:327,AICC,19,1,1,1,1,0,0,,-1.1069052987541683
UltraX-AICC:328,AICC,5,2,1,1,2,0,0,,0.6187976190476192
UltraX-AICC:329,AICC,12,3,0,1,3,0,0,,
UltraX-AICC:330,AICC,23,12,8,1,12,0,0,,-0.6177035033623328
UltraX-AICC:331,AICC,15,1,1,1,1,0,0,,-0.5916095904066543
UltraX-AICC:332,AICC,21,1,0,1,1,0,0,,
UltraX-AICC:333,AICC,4,0,0,1,0,0,0,,
UltraX-AICC:334,AICC,74,16,14,1,16,0,0,,-1.0451091540784816
UltraX-AICC:335,AICC,11,4,2,1,4,0,0,,1.7838286163026265
UltraX-AICC:336,AICC,7,2,2,1,2,0,0,,1.186642857142857
UltraX-AICC:337,AICC,5,12,4,1,6,0,0,,-0.7946010101010108
UltraX-AICC:338,AICC,64,6,6,1,6,0,0,,-0.9164449699473769
UltraX-AICC:339,AICC,14,4,1,1,4,0,0,,-0.2169372069215738
UltraX-AICC:340,AICC,38,3,1,1,1,0,0,,-1.058521295211274
UltraX-AICC:341,AICC,12,1,0,1,1,0,0,,
UltraX-AICC:342,AICC,22,0,0,1,0,0,0,,
UltraX-AICC:343,AICC,15,2,2,1,2,0,0,,0.06870489265881208
UltraX-AICC:344,AICC,35,1,1,1,1,0,0,,-0.9752567292601348
UltraX-AICC:345,AICC,65,0,0,1,0,0,0,,
UltraX-AICC:346,AICC,35,6,4,1,5,0,0,,1.1465792766614369
UltraX-AICC:347,AICC,11,1,1,1,1,0,0,,-1.3489432527041316
UltraX-AICC:348,AICC,31,2,0,1,2,0,1,,
UltraX-AICC:349,AICC,18,6,6,1,6,0,0,,-0.7285976638837521
UltraX-AICC:350,AICC,11,0,0,1,0,0,0,,
UltraX-AICC:351,AICC,19,2,0,1,2,0,0,,
UltraX-AICC:352,AICC,10,7,7,1,5,0,0,,0.9328931169605585
UltraX-AICC:353,AICC,53,1,1,1,1,0,0,,-1.205049188321726
UltraX-AICC:354,AICC,11,1,1,1,1,0,0,,-0.9120823707664885
UltraX-AICC:355,AICC,21,8,3,1,8,0,0,,0.1360193238046703
UltraX-AICC:356,AICC,24,4,4,1,4,0,0,,-0.6166337818443299
UltraX-AICC:357,AICC,8,6,6,1,6,0,0,,-1.019047619047619
UltraX-AICC:358,AICC,3,0,0,1,0,0,0,,
UltraX-AICC:359,AICC,19,1,1,1,1,0,0,,-1.71578523402904
UltraX-AICC:360,AICC,10,1,1,1,1,0,0,,-1.1634761264827382
UltraX-AICC:361,AICC,8,3,2,1,3,0,0,,-1.3766036747766588
UltraX-AICC:362,AICC,27,0,0,1,0,0,0,,
UltraX-AICC:363,AICC,3,0,0,1,0,0,0,,
UltraX-AICC:364,AICC,6,8,3,1,1,0,0,,0.9946031746031743
UltraX-AICC:365,AICC,22,10,8,2,8,0,0,,-0.6076686407672272
UltraX-AICC:366,AICC,25,1,1,1,1,0,0,,0.006406374875125742
UltraX-AICC:367,AICC,23,1,1,1,1,0,0,,-1.7498220361165209
UltraX-AICC:368,AICC,22,3,5,1,3,0,0,,-1.0519097845953498
UltraX-AICC:369,AICC,5,1,1,1,1,0,0,,-0.8845000000000001
UltraX-AICC:370,AICC,56,24,4,1,24,0,0,,-0.16119841468598572
UltraX-AICC:371,AICC,21,1,1,1,1,0,0,,-2.610557642700069
UltraX-AICC:372,AICC,18,3,3,1,3,0,0,,-1.245897811447811
UltraX-AICC:373,AICC,5,3,1,1,3,0,0,,0.10592756836659323
UltraX-AICC:374,AICC,4,1,0,1,1,0,0,,
UltraX-AICC:375,AICC,8,0,0,1,0,0,0,,
UltraX-AICC:376,AICC,3617,1,1,2,1,0,0,,1.610383219531459
UltraX-AICC:377,AICC,17,2,2,1,2,0,0,,-1.5589134228507309
UltraX-AICC:378,AICC,40,7,5,1,7,0,0,,-0.6780860874753172
UltraX-AICC:379,AICC,6,0,0,1,0,0,0,,
UltraX-AICC:380,AICC,12,5,3,1,5,0,0,,0.5905730195730197
UltraX-AICC:381,AICC,26,21,18,1,16,0,0,,0.46517253399454805
UltraX-AICC:382,AICC,9,3,1,1,3,0,0,,1.291696428571429
UltraX-AICC:383,AICC,32,7,7,1,7,0,0,,-1.7112087852639677
UltraX-AICC:384,AICC,33,9,7,1,9,0,0,,-0.30360289627681336
UltraX-AICC:385,AICC,7,1,1,1,1,0,0,,-1.9775727094593787
UltraX-AICC:386,AICC,15,10,5,1,10,0,0,,-0.863749358974359
UltraX-AICC:387,AICC,6,1,1,1,1,0,0,,-1.8678231292517014
UltraX-AICC:388,AICC,8,1,0,1,1,0,0,,
UltraX-AICC:389,AICC,16,2,2,1,2,0,0,,-1.8545053295624498
UltraX-AICC:390,AICC,23,5,5,1,5,0,0,,-1.2758783785946823
UltraX-AICC:391,AICC,4,0,0,1,0,0,0,,
UltraX-AICC:392,AICC,11,4,4,1,4,0,0,,0.34748735729924185
UltraX-AICC:393,AICC,63,17,16,1,17,0,0,,-1.2622635011219834
UltraX-AICC:394,AICC,13,4,4,1,4,0,0,,-1.1338991702741703
UltraX-AICC:395,AICC,5,0,0,1,0,0,0,,
UltraX-AICC:396,AICC,32,1,1,1,1,0,0,,-1.1931023899410729
UltraX-AICC:397,AICC,10,3,3,1,3,0,0,,-0.661079791918608
UltraX-AICC:398,AICC,5,3,2,1,3,0,0,,-0.925388007054674
UltraX-AICC:399,AICC,2,1,1,1,1,0,0,,0.2946666666666662
UltraX-AICC:400,AICC,31,1,1,1,1,0,0,,-0.3082166666666666
UltraX-AICC:401,AICC,90,13,5,1,7,0,0,,-1.1108396883099365
UltraX-AICC:402,AICC,20,3,1,1,3,0,0,,-1.4289925767982021
UltraX-AICC:403,AICC,23,25,9,1,14,0,0,,-0.030627549810609445
UltraX-AICC:404,AICC,4,4,1,1,4,0,0,,-1.3222303921568623
UltraX-AICC:405,AICC,4,6,2,1,5,0,0,,-0.2368412698412694
UltraX-AICC:406,AICC,60,14,12,1,14,0,0,,0.5017441393155311
UltraX-AICC:407,AICC,33,11,0,1,11,0,1,,
UltraX-AICC:408,AICC,6,1,1,1,1,0,0,,0.3088333333333333
UltraX-AICC:409,AICC,12,4,1,1,2,0,0,,-1.5907996382079963
UltraX-AICC:410,AICC,3,0,0,1,0,0,0,,
UltraX-AICC:411,AICC,94,23,23,1,23,0,0,,-1.237224291451568
UltraX-AICC:412,AICC,15,0,0,1,0,0,0,,
UltraX-AICC:413,AICC,37,0,0,1,0,0,0,,
UltraX-AICC:414,AICC,6,2,2,1,2,0,0,,-1.0492777777777782
UltraX-AICC:415,AICC,11,2,2,1,2,0,0,,-1.6379485412248576
UltraX-AICC:416,AICC,24,14,4,1,7,0,0,,0.908783333333333
UltraX-AICC:417,AICC,29,27,24,1,27,0,0,,-0.6167639790764792
UltraX-AICC:418,AICC,22,3,2,1,3,0,0,,0.5478882953612478
UltraX-AICC:419,AICC,9,0,0,1,0,0,0,,
UltraX-AICC:420,AICC,5,0,0,1,0,0,0,,
UltraX-AICC:421,AICC,5,0,0,1,0,0,0,,
UltraX-AICC:422,AICC,32,0,0,1,0,0,0,,
UltraX-AICC:423,AICC,70,1,1,1,1,0,0,,-1.3584866526890051
UltraX-AICC:424,AICC,48,17,17,1,17,0,0,,-0.18974596198101779
UltraX-AICC:425,AICC,9,0,0,1,0,0,0,,
UltraX-AICC:426,AICC,30,25,22,1,8,0,0,,1.1616116916526602
UltraX-AICC:427,AICC,16,2,2,1,2,0,0,,0.21291763802679053
UltraX-AICC:428,AICC,12,2,2,1,2,0,0,,-0.9203234708211472
UltraX-AICC:429,AICC,2,0,0,1,0,0,0,,
UltraX-AICC:430,AICC,7,0,0,1,0,0,0,,
UltraX-AICC:431,AICC,26,9,9,1,9,0,0,,-0.8685598012711582
UltraX-AICC:432,AICC,13,3,3,1,3,0,0,,-0.36181144349477723
UltraX-AICC:433,AICC,191,30,20,1,30,0,0,,-0.034395450457506804
UltraX-AICC:434,AICC,8,10,1,1,8,0,0,,-0.4229853142869322
UltraX-AICC:435,AICC,31,6,5,1,6,0,0,,-0.7265687743581664
UltraX-AICC:436,AICC,101,0,0,1,0,0,0,,
UltraX-AICC:437,AICC,16,1,1,1,1,0,0,,-2.7400443179662513
UltraX-AICC:438,AICC,8,1,1,1,1,0,0,,-0.28331547998325135
UltraX-AICC:439,AICC,31,5,3,1,5,0,0,,-1.44022039987835
UltraX-AICC:440,AICC,15,0,0,1,0,0,0,,
UltraX-AICC:441,AICC,53,3,4,1,3,0,0,,-0.9849246356412689
UltraX-AICC:442,AICC,3,10,2,1,4,0,0,,-0.3010548048048056
UltraX-AICC:443,AICC,12,3,3,1,3,0,0,,-0.8683366065573264
UltraX-AICC:444,AICC,10,6,6,1,6,0,0,,0.3121411218349852
UltraX-AICC:445,AICC,28,2,2,1,2,0,0,,-1.5988089990821877
UltraX-AICC:446,AICC,6,1,1,1,1,0,0,,1.2262309859154934
UltraX-AICC:447,AICC,2,0,0,1,0,0,0,,
UltraX-AICC:448,AICC,45,34,28,1,34,0,0,,-0.2711879439345166
UltraX-AICC:449,AICC,22,0,0,1,0,0,1,,
UltraX-AICC:450,AICC,5,3,1,1,3,0,0,,-1.1933394607843137
UltraX-AICC:451,AICC,12,3,2,1,3,0,0,,-1.8311403417430143
UltraX-AICC:452,AICC,7,5,5,1,5,0,0,,-0.2653459595959591
UltraX-AICC:453,AICC,23,11,4,1,10,0,0,,0.14293828431664135
UltraX-AICC:454,AICC,5,3,3,1,3,0,0,,-0.4280112044817921
UltraX-AICC:455,AICC,3,0,0,1,0,0,0,,
UltraX-AICC:456,AICC,26,8,5,1,8,0,0,,-0.5045491091496555
UltraX-AICC:457,AICC,4,1,1,1,1,0,0,,-1.8154912280701758
UltraX-AICC:458,AICC,13,1,1,2,1,0,0,,-0.2945882652714573
UltraX-AICC:459,AICC,180,7,3,1,7,0,0,,-0.6022233115444822
UltraX-AICC:460,AICC,63,5,5,1,5,0,0,,-1.632770835734096
UltraX-AICC:461,AICC,4,1,1,1,1,0,0,,-1.3387066260085132
UltraX-AICC:462,AICC,29,10,5,1,10,0,0,,-0.4178418118196561
UltraX-AICC:463,AICC,44,3,3,1,2,0,0,,0.5335278501018914
UltraX-AICC:464,AICC,7,6,4,1,6,0,0,,-0.6240952380952374
UltraX-AICC:465,AICC,15,1,1,1,1,0,0,,-0.6561038795037621
UltraX-AICC:466,AICC,5,2,0,1,2,0,0,,
UltraX-AICC:467,AICC,13,8,6,1,8,0,0,,-1.4722069233762398
UltraX-AICC:468,AICC,32,7,4,1,7,0,0,,-1.1199261319465146
UltraX-AICC:469,AICC,13,11,5,2,11,0,3,,1.3838333333333335
UltraX-AICC:470,AICC,4,1,0,1,1,0,0,,
UltraX-AICC:471,AICC,18,2,2,1,2,0,0,,0.5385842596793706
UltraX-AICC:472,AICC,21,6,6,1,6,0,0,,-0.49378075396825416
UltraX-AICC:473,AICC,19,5,5,1,5,0,0,,-0.5766290191290193
UltraX-AICC:474,AICC,38,22,15,1,21,0,0,,0.6769823342116821
UltraX-AICC:475,AICC,12,3,3,1,3,0,0,,-0.09232346991784102
UltraX-AICC:476,AICC,38,8,5,2,8,0,0,,0.0074813098352084495
UltraX-AICC:477,AICC,46,4,3,2,4,0,0,,-0.537083202812517
UltraX-AICC:478,AICC,3,0,0,3,0,0,0,,
UltraX-AICC:479,AICC,23,4,4,1,4,0,0,,-1.0143732051696785
UltraX-AICC:480,AICC,8,5,4,1,5,0,0,,-0.09490440115440091
UltraX-AICC:481,AICC,8,1,1,1,1,0,0,,0.29277648081985674
UltraX-AICC:482,AICC,191,1,1,1,1,0,0,,-0.7778782816180279
UltraX-AICC:483,AICC,21,8,5,1,6,0,0,,-1.1268740079365078
UltraX-AICC:484,AICC,132,4,2,1,4,0,0,,-0.5384836428849811
UltraX-AICC:485,AICC,19,3,2,1,3,0,0,,-0.7836086614678601
UltraX-AICC:486,AICC,9,10,2,1,4,0,0,,-0.10681638467352794
UltraX-AICC:487,AICC,3,1,1,1,1,0,0,,1.0823304213771845
UltraX-AICC:488,AICC,7,1,1,1,1,0,0,,0.48473134460907996
UltraX-AICC:489,AICC,95,10,6,1,10,0,0,,-0.8100860338144589
UltraX-AICC:490,AICC,6,1,1,1,1,0,0,,-1.3163731379731383
UltraX-AICC:491,AICC,27,26,26,1,26,0,0,,-1.0205416666666665
UltraX-AICC:492,AICC,13,5,0,3,5,0,1,,
UltraX-AICC:493,AICC,4,6,2,1,6,0,0,,0.4146544715447158
UltraX-AICC:494,AICC,8,1,1,1,1,0,0,,0.14549206349206312
UltraX-AICC:495,AICC,52,2,2,1,2,0,0,,-0.6083738854904555
UltraX-AICC:496,AICC,10,0,0,1,0,0,0,,
UltraX-AICC:497,AICC,33,18,14,1,18,0,0,,-0.3829702458677806
UltraX-AICC:498,AICC,13,3,3,1,3,0,0,,0.0259990438494615
UltraX-AICC:499,AICC,11,2,1,1,2,0,0,,0.825319271737035
UltraX-AICC:500,AICC,6,2,0,1,2,0,0,,
UltraX-AICC:501,AICC,16,10,1,1,9,0,0,,1.253333333333333
UltraX-AICC:502,AICC,13,3,1,1,2,0,0,,0.24819256294471792
UltraX-AICC:503,AICC,9,11,3,1,10,0,0,,-0.09272949735449743
UltraX-AICC:504,AICC,14,1,0,1,1,0,0,,
UltraX-AICC:505,AICC,32,7,7,1,7,0,0,,-0.6096578188458741
UltraX-AICC:506,AICC,17,3,3,1,3,0,0,,-0.755245666080052
UltraX-AICC:507,AICC,18,8,2,1,3,0,0,,-0.2033756732773897
UltraX-AICC:508,AICC,6,14,5,1,7,0,0,,-0.46657365636312953
UltraX-AICC:509,AICC,4,7,2,1,2,0,0,,-1.733191287878788
UltraX-AICC:510,AICC,1,0,0,1,0,0,0,,
UltraX-AICC:511,AICC,28,8,7,1,8,0,0,,-0.9678664260576024
UltraX-AICC:512,AICC,5,0,0,1,0,0,0,,
UltraX-AICC:513,AICC,108,63,53,1,6,0,0,,-0.41884456864743136
UltraX-AICC:514,AICC,9,2,1,1,2,0,0,,0.37930252782931273
UltraX-AICC:515,AICC,34,9,8,1,9,0,0,,-2.0553216237279694
UltraX-AICC:516,AICC,65,42,17,1,11,0,0,,0.043308128371515764
UltraX-AICC:517,AICC,51,20,18,1,20,0,0,,-0.9227733541750238
UltraX-AICC:518,AICC,3,0,0,1,0,0,0,,
UltraX-AICC:519,AICC,29,0,0,1,0,0,0,,
UltraX-AICC:520,AICC,40,34,30,1,30,0,0,,-0.986259683875713
UltraX-AICC:521,AICC,13,12,9,1,12,0,0,,0.4967713689544677
UltraX-AICC:522,AICC,11,4,4,1,4,0,0,,-1.0226917332150247
UltraX-AICC:523,AICC,6,1,0,1,1,0,0,,
UltraX-AICC:524,AICC,4,0,0,1,0,0,0,,
UltraX-AICC:525,AICC,18,2,1,1,2,0,0,,-0.03285024878624476
UltraX-AICC:526,AICC,7,3,3,1,3,0,0,,-1.0523227513227509
UltraX-AICC:527,AICC,48,2,2,1,2,0,0,,-0.1018233581980521
UltraX-AICC:528,AICC,37,5,2,1,2,0,0,,-0.9056647098359702
UltraX-AICC:529,AICC,4,0,0,1,0,0,0,,
UltraX-AICC:530,AICC,14,2,1,1,2,0,0,,-0.9769017593192189
UltraX-AICC:531,AICC,5,1,0,1,1,0,0,,
UltraX-AICC:532,AICC,107,0,0,1,0,0,0,,
UltraX-AICC:533,AICC,1,1,0,1,1,0,0,,
UltraX-AICC:534,AICC,36,4,3,3,4,0,0,,0.32645296743038976
UltraX-AICC:535,AICC,15,12,0,1,12,0,0,,
UltraX-AICC:536,AICC,204,1,1,1,1,0,0,,-1.3055364735533006
UltraX-AICC:537,AICC,43,18,4,1,10,0,0,,0.27449394319131226
UltraX-AICC:538,AICC,40,18,14,1,18,0,0,,-0.29727642882875305
UltraX-AICC:539,AICC,66,10,10,4,10,0,0,,0.31597113845446945
UltraX-AICC:540,AICC,8,3,1,1,3,0,0,,1.5502619047619044
UltraX-AICC:541,AICC,2,0,0,1,0,0,0,,
UltraX-AICC:542,AICC,40,12,11,1,3,0,0,,-0.5123348319974586
UltraX-AICC:543,AICC,5,0,0,1,0,0,0,,
UltraX-AICC:544,AICC,10,3,1,1,3,0,0,,-0.5904810056501235
UltraX-AICC:545,AICC,6,5,5,1,5,0,0,,-1.9094901098901103
UltraX-AICC:546,AICC,16,4,0,1,4,0,0,,
UltraX-AICC:547,AICC,22,1,1,1,1,0,0,,0.023105233286329963
UltraX-AICC:548,AICC,44,1,1,1,1,0,0,,-0.06849046443967488
UltraX-AICC:549,AICC,19,1,1,1,1,0,0,,-1.113541184426973
UltraX-AICC:550,AICC,5,0,0,1,0,0,0,,
UltraX-AICC:551,AICC,10,5,5,1,5,0,0,,0.9958666666666671
UltraX-AICC:552,AICC,7,1,1,1,1,0,0,,0.6104444444444441
UltraX-AICC:553,AICC,74,13,13,1,13,0,3,,-1.182971346221339
UltraX-AICC:554,AICC,10,1,1,1,1,0,0,,-1.8865808624088705
UltraX-AICC:555,AICC,3,0,0,1,0,0,0,,
UltraX-AICC:556,AICC,33,9,8,1,4,0,0,,-0.1738289060362339
UltraX-AICC:557,AICC,46,0,0,1,0,0,0,,
UltraX-AICC:558,AICC,3,0,0,1,0,0,0,,
UltraX-AICC:559,AICC,5,1,1,1,1,0,0,,0.2874761904761911
UltraX-AICC:560,AICC,12,1,1,1,1,0,0,,-0.20350876376943727
UltraX-AICC:561,AICC,24,9,5,1,7,0,0,,-0.2133170586720894
UltraX-AICC:562,AICC,42,15,14,1,15,0,0,,-0.5623966450216447
UltraX-AICC:563,AICC,6,1,1,1,1,0,0,,-1.381615384615384
UltraX-AICC:564,AICC,70,23,23,1,23,0,0,,-0.5084651347038376
UltraX-AICC:565,AICC,35,0,0,1,0,0,0,,
UltraX-AICC:566,AICC,27,5,0,1,5,0,0,,
UltraX-AICC:567,AICC,9,14,0,1,14,0,4,,
UltraX-AICC:568,AICC,5,4,4,1,4,0,0,,-1.0504093137254902
UltraX-AICC:569,AICC,11,0,0,1,0,0,0,,
UltraX-AICC:570,AICC,13,2,1,1,2,0,0,,-0.46517407084785134
UltraX-AICC:571,AICC,22,13,4,1,13,0,0,,-0.7049311954230646
UltraX-AICC:572,AICC,4,1,1,1,1,0,0,,-1.3408683897801543
UltraX-AICC:573,AICC,13,4,1,1,4,0,0,,0.9178139978213506
UltraX-AICC:574,AICC,22,19,18,1,13,0,0,,0.08069739428160361
UltraX-AICC:575,AICC,19,0,0,1,0,0,0,,
UltraX-AICC:576,AICC,88,11,10,1,11,0,0,,-2.043880863999499
UltraX-AICC:577,AICC,6,1,1,1,1,0,0,,-1.0871954887218047
UltraX-AICC:578,AICC,9,0,0,1,0,0,0,,
UltraX-AICC:579,AICC,1,0,0,1,0,0,0,,
UltraX-AICC:580,AICC,5,3,3,1,3,0,0,,-1.670694444444445
UltraX-AICC:581,AICC,7,2,2,1,2,0,0,,-1.3327733333333334
UltraX-AICC:582,AICC,23,14,13,1,14,0,0,,0.9725433825433827
UltraX-AICC:583,AICC,21,3,3,1,3,0,0,,-1.3091140987046161
UltraX-AICC:584,AICC,16,0,0,1,0,0,0,,
UltraX-AICC:585,AICC,10,0,0,1,0,0,0,,
UltraX-AICC:586,AICC,66,18,1,1,18,0,0,,0.4484784888904958
UltraX-AICC:587,AICC,13,2,1,1,2,0,0,,1.0679946864478111
UltraX-AICC:588,AICC,13,6,1,1,6,0,0,,-0.8174166666666669
UltraX-AICC:589,AICC,77,0,0,1,0,0,0,,
UltraX-AICC:590,AICC,3,0,0,1,0,0,0,,
UltraX-AICC:591,AICC,31,2,2,1,2,0,0,,0.050875715972406255
UltraX-AICC:592,AICC,26,3,1,1,3,0,0,,-1.0240476473299296
UltraX-AICC:593,AICC,10,2,0,1,2,0,0,,
UltraX-AICC:594,AICC,7,1,1,1,1,0,0,,-0.15874313725490197
UltraX-AICC:595,AICC,33,2,2,1,2,0,0,,-1.557308378041391
UltraX-AICC:596,AICC,247,17,15,1,17,0,0,,0.07108076838907085
UltraX-AICC:597,AICC,25,16,14,1,9,0,0,,0.8162631460080041
UltraX-AICC:598,AICC,34,27,18,1,20,0,0,,-0.6144230213828843
UltraX-AICC:599,AICC,206,0,0,1,0,0,0,,
UltraX-AICC:600,AICC,11,6,4,1,6,0,0,,0.4374574378994023
UltraX-AICC:601,AICC,107,17,10,1,16,0,0,,1.0189820141771166
UltraX-AICC:602,AICC,28,1,1,1,1,0,0,,1.7444506172839507
UltraX-AICC:603,AICC,41,11,1,1,3,0,0,,-0.6596531602387206
UltraX-AICC:604,AICC,46,3,3,1,3,0,0,,-0.5765447911837271
UltraX-AICC:605,AICC,9,1,1,1,1,0,0,,-0.878846566270739
UltraX-AICC:606,AICC,51,2,1,1,2,0,0,,-0.4593890582800282
UltraX-AICC:607,AICC,6,0,0,1,0,0,0,,
UltraX-AICC:608,AICC,4,0,0,1,0,0,0,,
UltraX-AICC:609,AICC,15,3,1,1,3,0,0,,-0.27747003878474485
UltraX-AICC:610,AICC,8,2,2,1,2,0,0,,-0.05742857142857183
UltraX-AICC:611,AICC,20,9,8,1,9,0,0,,-0.5831608787400677
UltraX-AICC:612,AICC,10,4,4,1,4,0,0,,-0.3909344400153225
UltraX-AICC:613,AICC,6,1,1,1,1,0,0,,1.1011788617886182
UltraX-AICC:614,AICC,10,7,5,1,7,0,0,,0.9725462121212116
UltraX-AICC:615,AICC,48,15,15,1,15,0,0,,1.0053455307794934
UltraX-AICC:616,AICC,8,6,3,4,4,0,0,,-0.9650490098252682
UltraX-AICC:617,AICC,7,2,2,1,2,0,0,,-2.1426631058126855
UltraX-AICC:618,AICC,30,15,7,2,15,0,6,,-1.460223064906963
UltraX-AICC:619,AICC,8,1,1,1,1,0,0,,-0.0841538773261421
UltraX-AICC:620,AICC,31,0,0,1,0,0,0,,
UltraX-AICC:621,AICC,46,119,43,1,10,0,0,,-0.37903203651215733
UltraX-AICC:622,AICC,5,0,0,1,0,0,0,,
UltraX-AICC:623,AICC,23,0,0,1,0,0,0,,
UltraX-AICC:624,AICC,13,8,0,1,5,0,0,,
UltraX-AICC:625,AICC,45,1,1,1,1,0,0,,-0.5222811457031771
UltraX-AICC:626,AICC,12,0,0,1,0,0,0,,
UltraX-AICC:627,AICC,10,1,0,1,1,0,0,,
UltraX-AICC:628,AICC,18,6,1,1,6,0,0,,0.8356037581699356
UltraX-AICC:629,AICC,29,9,4,1,6,0,0,,-1.2233314560439559
UltraX-AICC:630,AICC,4,1,1,1,1,0,0,,0.28823037323037326
UltraX-AICC:631,AICC,8,4,3,1,2,0,0,,-0.07018253968253951
UltraX-AICC:632,AICC,49,4,4,1,4,0,0,,0.14879019508206515
UltraX-AICC:633,AICC,13,0,0,1,0,0,0,,
UltraX-AICC:634,AICC,10,3,2,1,3,0,0,,-0.0022083333333338118
UltraX-AICC:635,AICC,2,0,0,1,0,0,0,,
UltraX-AICC:636,AICC,89,45,22,1,45,0,0,,-0.2287764356416533
UltraX-AICC:637,AICC,82,3,3,1,3,0,0,,0.04474205643556317
UltraX-AICC:638,AICC,48,8,7,1,8,0,0,,-2.4582304341880157
UltraX-AICC:639,AICC,3,1,1,1,1,0,0,,-0.09845309381237577
UltraX-AICC:640,AICC,38,3,3,1,3,0,0,,0.6763132653061223
UltraX-AICC:641,AICC,6,0,0,1,0,0,0,,
UltraX-AICC:642,AICC,8,0,0,1,0,0,0,,
UltraX-AICC:643,AICC,6,0,0,1,0,0,0,,
UltraX-AICC:644,AICC,9,3,1,1,2,0,0,,-0.7521988636363637
UltraX-AICC:645,AICC,8,0,0,1,0,0,0,,
UltraX-AICC:646,AICC,14,29,6,1,15,0,0,,1.0229662698412705
UltraX-AICC:647,AICC,42,13,11,1,13,0,0,,-0.29543332930047317
UltraX-AICC:648,AICC,11,2,2,1,2,0,0,,-0.9680791758744647
UltraX-AICC:649,AICC,20,7,6,2,7,0,0,,0.6981880898864281
UltraX-AICC:650,AICC,14,0,0,1,0,0,0,,
UltraX-AICC:651,AICC,29,5,3,1,5,0,0,,-1.3758116529854059
UltraX-AICC:652,AICC,4,1,1,1,1,0,0,,0.41980158730158745
UltraX-AICC:653,AICC,20,2,0,1,2,0,0,,
UltraX-AICC:654,AICC,27,4,1,1,4,0,0,,-1.2146389407220957
UltraX-AICC:655,AICC,44,4,4,4,4,0,0,,-1.0504873360257978
UltraX-AICC:656,AICC,8,10,2,1,10,0,0,,-1.0080390817529201
UltraX-AICC:657,AICC,40,5,4,1,5,0,0,,-0.15558726972007086
UltraX-AICC:658,AICC,39,1,1,1,1,0,0,,0.8461119711042313
UltraX-AICC:659,AICC,23,14,4,1,7,0,0,,0.870506438510068
UltraX-AICC:660,AICC,6,0,0,1,0,0,0,,
UltraX-AICC:661,AICC,19,12,0,1,12,0,0,,
UltraX-AICC:662,AICC,2,0,0,1,0,0,0,,
UltraX-AICC:663,AICC,23,7,7,1,7,0,0,,-2.040625883475809
UltraX-AICC:664,AICC,6,3,1,1,2,0,0,,-1.6255141328648994
UltraX-AICC:665,AICC,25,8,7,1,7,0,0,,-1.080828970523953
UltraX-AICC:666,AICC,14,1,1,1,1,0,0,,-1.3931146425037886
UltraX-AICC:667,AICC,12,2,2,1,2,0,0,,-0.9367018315018321
UltraX-AICC:668,AICC,34,9,9,1,9,0,0,,-1.0315327832235872
UltraX-AICC:669,AICC,16,9,1,1,9,0,0,,0.16502684610075935
UltraX-AICC:670,AICC,25,3,2,1,3,0,0,,-1.071284604969664
UltraX-AICC:671,AICC,30,23,0,1,23,0,0,,
UltraX-AICC:672,AICC,24,0,0,1,0,0,0,,
UltraX-AICC:673,AICC,16,3,3,1,3,0,0,,-2.69403938383227
UltraX-AICC:674,AICC,570,0,0,1,0,0,0,,
UltraX-AICC:675,AICC,41,5,5,2,5,0,0,,0.04808021388766903
UltraX-AICC:676,AICC,10,2,2,1,2,0,0,,1.079791666666666
UltraX-AICC:677,AICC,15,1,0,1,1,0,0,,
UltraX-AICC:678,AICC,4,1,1,1,1,0,0,,-0.3990952380952386
UltraX-AICC:679,AICC,31,15,9,1,7,0,0,,-0.0015279840285113977
UltraX-AICC:680,AICC,85,16,8,1,16,0,0,,0.08292927150755247
UltraX-AICC:681,AICC,5,0,0,1,0,0,0,,
UltraX-AICC:682,AICC,9,2,2,1,2,0,0,,-0.544917857142857
UltraX-AICC:683,AICC,9,5,2,1,3,0,0,,-0.21049450549450466
UltraX-AICC:684,AICC,1,0,0,1,0,0,0,,
UltraX-AICC:685,AICC,7,3,3,1,3,0,0,,-0.4418348318348322
UltraX-AICC:686,AICC,59,3,4,4,3,0,0,,0.08573844326472635
UltraX-AICC:687,AICC,11,0,0,1,0,0,0,,
UltraX-AICC:688,AICC,5,2,1,1,2,0,0,,-1.6834141414141413
UltraX-AICC:689,AICC,27,6,4,1,6,0,0,,-0.009535247954204351
UltraX-AICC:690,AICC,4,0,0,1,0,0,0,,
UltraX-AICC:691,AICC,11,1,1,1,1,0,0,,0.7675707699163583
UltraX-AICC:692,AICC,24,2,2,1,2,0,0,,-1.399526624396179
UltraX-AICC:693,AICC,12,8,7,1,8,0,0,,-1.0509047619047616
UltraX-AICC:694,AICC,8,1,1,1,1,0,0,,-2.3026140805972735
UltraX-AICC:695,AICC,15,12,6,1,12,0,0,,0.3947926076482986
UltraX-AICC:696,AICC,36,0,0,1,0,0,0,,
UltraX-AICC:697,AICC,6,0,0,1,0,0,0,,
UltraX-AICC:698,AICC,41,13,4,1,13,0,0,,0.9320952607414492
UltraX-AICC:699,AICC,95,2,2,1,2,0,0,,-1.5958046846417502
UltraX-AICC:700,AICC,20,10,9,2,9,0,1,,1.0255161443494778
UltraX-AICC:701,AICC,4,1,0,1,1,0,0,,
UltraX-AICC:702,AICC,5,6,1,1,6,0,0,,-0.6583333333333332
UltraX-AICC:703,AICC,23,1,1,1,1,0,0,,-1.0808729867411193
UltraX-AICC:704,AICC,18,12,9,1,9,0,0,,-0.5614422984422989
UltraX-AICC:705,AICC,1,0,0,1,0,0,0,,
UltraX-AICC:706,AICC,35,2,2,1,2,0,0,,-0.9850613367244883
UltraX-AICC:707,AICC,56,1,0,1,1,0,0,,
UltraX-AICC:708,AICC,30,6,1,1,3,0,0,,1.1613565717141423
UltraX-AICC:709,AICC,11,3,3,1,3,0,0,,-0.368450518906287
UltraX-AICC:710,AICC,44,40,40,1,3,0,0,,0.4109548719958198
UltraX-AICC:711,AICC,15,12,0,1,12,0,0,,
UltraX-AICC:712,AICC,16,5,3,1,5,0,0,,0.9399628797035966
UltraX-AICC:713,AICC,2,0,0,1,0,0,0,,
UltraX-AICC:714,AICC,3,0,0,1,0,0,0,,
UltraX-AICC:715,AICC,11,11,8,1,9,0,0,,-0.43699038461538464
UltraX-AICC:716,AICC,14,13,11,1,13,0,0,,0.8108167993731117
UltraX-AICC:717,AICC,13,1,1,1,1,0,0,,-2.4149507749816492
UltraX-AICC:718,AICC,137,15,12,1,12,0,0,,0.19138251569069364
UltraX-AICC:719,AICC,8,1,0,1,1,0,0,,
UltraX-AICC:720,AICC,35,0,0,1,0,0,0,,
UltraX-AICC:721,AICC,5,3,0,1,3,0,0,,
UltraX-AICC:722,AICC,6,1,1,1,1,0,0,,-1.5274773119987328
UltraX-AICC:723,AICC,8,7,6,1,7,0,0,,0.05657407407407433
UltraX-AICC:724,AICC,7,1,1,4,1,0,0,,0.6172371731716559
UltraX-AICC:725,AICC,9,6,4,1,4,0,0,,1.1124353913630225
UltraX-AICC:726,AICC,74,27,27,1,27,0,0,,-0.7213852985623084
UltraX-AICC:727,AICC,15,25,12,1,15,0,0,,0.900952083973233
UltraX-AICC:728,AICC,19,0,0,1,0,0,0,,
UltraX-AICC:729,AICC,5,3,1,1,3,0,0,,-0.9113624871001029
UltraX-AICC:730,AICC,35,10,7,1,8,0,0,,-0.6713815338781304
UltraX-AICC:731,AICC,13,0,0,1,0,0,0,,
UltraX-AICC:732,AICC,25,2,2,1,2,0,0,,-1.006389931708255
UltraX-AICC:733,AICC,54,18,15,1,18,0,0,,-1.4476619655479706
UltraX-AICC:734,AICC,6,0,0,1,0,0,0,,
UltraX-AICC:735,AICC,2,0,0,1,0,0,0,,
UltraX-AICC:736,AICC,46,2,2,1,2,0,0,,-0.08836183876283688
UltraX-AICC:737,AICC,8,2,2,1,2,0,0,,-0.35986916786916723
UltraX-AICC:738,AICC,39,9,17,1,9,0,0,,-0.3011419450392072
UltraX-AICC:739,AICC,207,7,5,1,7,0,0,,0.2316004129548297
UltraX-AICC:740,AICC,10,1,1,1,1,0,0,,-1.892400558542148
UltraX-AICC:741,AICC,34,0,0,1,0,0,0,,
UltraX-AICC:742,AICC,17,6,4,1,6,0,0,,-1.124686310629789
UltraX-AICC:743,AICC,24,0,0,1,0,0,0,,
UltraX-AICC:744,AICC,7,3,2,1,3,0,0,,0.2285833333333338
UltraX-AICC:745,AICC,19,3,3,1,3,0,0,,-0.37251497508057696
UltraX-AICC:746,AICC,104,49,7,1,49,0,0,,-0.9533319746250593
UltraX-AICC:747,AICC,21,6,0,1,6,0,0,,
UltraX-AICC:748,AICC,23,2,2,1,2,0,0,,0.47986968725886125
UltraX-AICC:749,AICC,8,3,3,1,3,0,0,,-0.14423184460103577
UltraX-AICC:750,AICC,53,3,3,1,3,0,0,,-1.1980094687132787
UltraX-AICC:751,AICC,54,19,19,1,19,0,0,,-0.5573943333764713
UltraX-AICC:752,AICC,7,0,0,1,0,0,0,,
UltraX-AICC:753,AICC,11,3,0,1,3,0,0,,
UltraX-AICC:754,AICC,50,3,1,1,3,0,0,,0.2967540320266311
UltraX-AICC:755,AICC,14,5,5,1,5,0,0,,0.5382517418357837
UltraX-AICC:756,AICC,54,0,0,1,0,0,0,,
UltraX-AICC:757,AICC,17,1,0,1,1,0,0,,
UltraX-AICC:758,AICC,10,2,0,1,2,0,0,,
UltraX-AICC:759,AICC,52,6,4,1,5,0,0,,0.06021083473336741
UltraX-AICC:760,AICC,4,0,0,1,0,0,0,,
UltraX-AICC:761,AICC,49,11,10,1,11,0,0,,-1.0384687904687908
UltraX-AICC:762,AICC,7,4,0,1,4,0,0,,
UltraX-AICC:763,AICC,5,2,1,1,2,0,0,,-0.04308928571428616
UltraX-AICC:764,AICC,1,0,0,1,0,0,0,,
UltraX-AICC:765,AICC,17,1,1,1,1,0,0,,-1.4895899477031427
UltraX-AICC:766,AICC,17,13,13,1,12,0,0,,0.27366647387700027
UltraX-AICC:767,AICC,20,6,0,1,6,0,0,,
UltraX-AICC:768,AICC,35,4,4,1,4,0,0,,-2.9485327962807806
UltraX-AICC:769,AICC,14,0,0,1,0,0,0,,
UltraX-AICC:770,AICC,5,4,4,1,1,0,0,,-0.555158333333333
UltraX-AICC:771,AICC,11,2,2,1,2,0,0,,-1.1888933779177453
UltraX-AICC:772,AICC,7,2,1,1,2,0,0,,-0.024604617604617296
UltraX-AICC:773,AICC,31,6,2,1,6,0,0,,-0.17185978835978766
UltraX-AICC:774,AICC,1,1,0,0,1,0,0,,
UltraX-AICC:775,AICC,7,4,0,1,3,0,0,,
UltraX-AICC:776,AICC,10,8,5,1,8,0,0,,-0.3846950854700859
UltraX-AICC:777,AICC,18,17,7,1,13,0,0,,-1.3743755411255405
UltraX-AICC:778,AICC,19,4,2,1,3,0,0,,0.3344302119457421
UltraX-AICC:779,AICC,9,0,0,1,0,0,0,,
UltraX-AICC:780,AICC,7,4,2,1,4,0,0,,-0.6765850080850084
UltraX-AICC:781,AICC,20,7,7,1,4,0,0,,-0.8921061459522992
UltraX-AICC:782,AICC,147,44,2,1,10,0,0,,0.1332476414390209
UltraX-AICC:783,AICC,15,0,0,1,0,0,0,,
UltraX-AICC:784,AICC,2,0,0,1,0,0,0,,
UltraX-AICC:785,AICC,11,13,4,1,10,0,0,,-0.49484768907563037
UltraX-AICC:786,AICC,6,4,0,1,4,0,0,,
UltraX-AICC:787,AICC,8,0,0,1,0,0,0,,
UltraX-AICC:788,AICC,2,0,0,1,0,0,0,,
UltraX-AICC:789,AICC,6,2,2,1,2,0,0,,-0.10565476190476186
UltraX-AICC:790,AICC,208,34,33,1,34,0,0,,0.8433825742222654
UltraX-AICC:791,AICC,3,0,0,1,0,0,0,,
UltraX-AICC:792,AICC,43,8,1,1,5,0,0,,-1.0324318319174095
UltraX-AICC:793,AICC,34,24,17,1,18,0,0,,0.5737844881588998
UltraX-AICC:794,AICC,8,2,1,1,2,0,0,,0.3642839411433192
UltraX-AICC:795,AICC,31,26,17,1,24,0,0,,-0.5537792020675028
UltraX-AICC:796,AICC,21,1,1,1,1,0,0,,-0.7120892941644819
UltraX-AICC:797,AICC,12,16,7,1,14,0,0,,-0.6723690476190471
UltraX-AICC:798,AICC,8,4,4,1,2,0,0,,0.3427018678160918
UltraX-AICC:799,AICC,18,2,2,1,2,0,0,,-0.7281765517814041
UltraX-AICC:800,AICC,28,1,1,1,1,0,0,,-1.4610721462170764
UltraX-AICC:801,AICC,26,2,1,1,2,0,0,,0.2984186761776231
UltraX-AICC:802,AICC,26,1,1,1,1,0,0,,-1.8140341584610553
UltraX-AICC:803,AICC,23,7,4,1,7,0,0,,0.24757735247208945
UltraX-AICC:804,AICC,18,7,3,2,7,0,0,,-0.026146401778102124
UltraX-AICC:805,AICC,28,12,8,1,7,0,0,,-0.44764410861979087
UltraX-AICC:806,AICC,33,3,2,1,3,0,0,,-0.491798474019312
UltraX-AICC:807,AICC,21,1,1,1,1,0,0,,-2.1639568263492976
UltraX-AICC:808,AICC,18,0,0,1,0,0,0,,
UltraX-AICC:809,AICC,2,0,0,1,0,0,0,,
UltraX-AICC:810,AICC,23,0,0,1,0,0,0,,
UltraX-AICC:811,AICC,7,0,0,1,0,0,0,,
UltraX-AICC:812,AICC,6,8,3,1,8,0,0,,0.06791666666666707
UltraX-AICC:813,AICC,25,13,9,1,13,0,0,,0.1370164268829308
UltraX-AICC:814,AICC,13,3,2,1,3,0,0,,-0.48406060606060564
UltraX-AICC:815,AICC,88,2,2,1,2,0,0,,0.3694296717403267
UltraX-AICC:816,AICC,9,7,5,1,7,0,0,,-0.17776515151515238
UltraX-AICC:817,AICC,17,0,0,1,0,0,0,,
UltraX-AICC:818,AICC,48,3,3,1,3,0,0,,-0.5408846923659194
UltraX-AICC:819,AICC,2,2,0,1,1,0,0,,
UltraX-AICC:820,AICC,7,0,0,1,0,0,0,,
UltraX-AICC:821,AICC,3,1,1,1,1,0,0,,0.7110191637630665
UltraX-AICC:822,AICC,4,0,0,1,0,0,0,,
UltraX-AICC:823,AICC,11,1,0,1,1,0,0,,
UltraX-AICC:824,AICC,55,7,6,1,7,0,0,,-0.13991524324954963
UltraX-AICC:825,AICC,22,2,1,1,2,0,0,,-2.0515354687240377
UltraX-AICC:826,AICC,11,3,2,1,3,0,0,,0.1939519739519744
UltraX-AICC:827,AICC,2,1,1,1,1,0,0,,-1.6448148148148154
UltraX-AICC:828,AICC,8,2,2,1,2,0,0,,-0.9522290897035139
UltraX-AICC:829,AICC,10,1,1,1,1,0,0,,-0.2882779434953351
UltraX-AICC:830,AICC,33,17,17,1,17,0,0,,-1.4769186322256176
UltraX-AICC:831,AICC,40,28,0,1,28,0,0,,
UltraX-AICC:832,AICC,9,4,3,1,4,0,0,,-1.0077125420875421
UltraX-AICC:833,AICC,8,2,1,1,2,0,0,,-1.5949149659863946
UltraX-AICC:834,AICC,17,1,1,4,1,0,0,,-1.66235501933651
UltraX-AICC:835,AICC,23,14,5,1,14,0,0,,0.3482629028379023
UltraX-AICC:836,AICC,155,23,15,4,20,0,0,,-0.7904927714172212
UltraX-AICC:837,AICC,26,8,5,1,8,0,0,,-0.589251700680272
UltraX-AICC:838,AICC,39,4,0,2,4,0,0,,
UltraX-AICC:839,AICC,29,2,2,1,2,0,0,,-0.5446012391503947
UltraX-AICC:840,AICC,7,2,1,1,2,0,0,,-0.6448124999999996
UltraX-AICC:841,AICC,16,0,3,1,0,0,0,,0.2920687561262234
UltraX-AICC:842,AICC,28,8,2,1,8,0,0,,-0.9318127611169658
UltraX-AICC:843,AICC,6,1,1,1,1,0,0,,1.1326229508196723
UltraX-AICC:844,AICC,25,3,3,1,3,0,0,,-1.562186433412545
UltraX-AICC:845,AICC,14,12,11,1,12,0,1,,-0.29712337662337696
UltraX-AICC:846,AICC,2,2,1,1,2,0,0,,-0.6964999999999995
UltraX-AICC:847,AICC,11,0,0,1,0,0,0,,
UltraX-AICC:848,AICC,7,0,0,1,0,0,0,,
UltraX-AICC:849,AICC,3,1,0,1,1,0,0,,
UltraX-AICC:850,AICC,70,2,1,1,2,0,0,,-0.46431173684335647
UltraX-AICC:851,AICC,2,0,0,1,0,0,0,,
UltraX-AICC:852,AICC,140,3,2,12,3,0,0,,1.2488446298227327
UltraX-AICC:853,AICC,46,1,0,1,1,0,0,,
UltraX-AICC:854,AICC,6,0,0,1,0,0,0,,
UltraX-AICC:855,AICC,12,15,9,1,14,0,0,,0.8932698803755708
UltraX-AICC:856,AICC,9,2,2,1,2,0,0,,-0.10667602658779174
UltraX-AICC:857,AICC,4,2,2,1,2,0,0,,-1.4298160173160173
UltraX-AICC:858,AICC,7,2,1,1,2,0,0,,0.37332875295508305
UltraX-AICC:859,AICC,2,1,1,1,1,0,0,,-1.9449808429118773
UltraX-AICC:860,AICC,15,5,2,3,5,0,5,,0.1916195207570217
UltraX-AICC:861,AICC,20,0,0,1,0,0,0,,
UltraX-AICC:862,AICC,7,3,3,1,3,0,0,,-0.6701090615959311
UltraX-AICC:863,AICC,86,5,2,1,5,0,0,,0.6514266719536748
UltraX-AICC:864,AICC,25,0,0,1,0,0,0,,
UltraX-AICC:865,AICC,33,16,6,1,16,0,0,,-0.4611371346518398
UltraX-AICC:866,AICC,19,0,0,1,0,0,0,,
UltraX-AICC:867,AICC,5,2,1,1,2,0,0,,-0.07620567375886544
UltraX-AICC:868,AICC,19,2,2,1,2,0,0,,-1.277482081194587
UltraX-AICC:869,AICC,70,0,0,1,0,0,0,,
UltraX-AICC:870,AICC,13,0,0,1,0,0,0,,
UltraX-AICC:871,AICC,4,0,0,1,0,0,0,,
UltraX-AICC:872,AICC,47,0,3,1,0,0,0,,-0.2684327487757727
UltraX-AICC:873,AICC,124,8,5,1,8,0,0,,0.20800710549870782
UltraX-AICC:874,AICC,53,15,15,3,15,0,0,,-1.2596094593699254
UltraX-AICC:875,AICC,57,5,5,1,5,0,0,,0.4233662419938735
UltraX-AICC:876,AICC,53,0,0,1,0,0,0,,
UltraX-AICC:877,AICC,11,4,4,1,4,0,0,,-0.8513095238095234
UltraX-AICC:878,AICC,4,2,2,1,2,0,0,,-1.1349999999999998
UltraX-AICC:879,AICC,4,1,1,1,1,0,0,,-1.3956776556776562
UltraX-AICC:880,AICC,15,7,7,1,7,0,0,,-0.7002227182539684
UltraX-AICC:881,AICC,17,11,9,1,11,0,0,,0.27261641758100463
UltraX-AICC:882,AICC,6,4,2,1,4,0,0,,0.47010784313725473
UltraX-AICC:883,AICC,12,5,0,1,5,0,0,,
UltraX-AICC:884,AICC,3,1,0,1,1,0,0,,
UltraX-AICC:885,AICC,111,4,4,1,4,0,0,,-0.9555793211860619
UltraX-AICC:886,AICC,8,0,0,1,0,0,0,,
UltraX-AICC:887,AICC,4,2,1,1,2,0,0,,-1.880522144522144
UltraX-AICC:888,AICC,49,2,2,1,2,0,0,,-0.14715389088141073
UltraX-AICC:889,AICC,22,3,3,1,3,0,0,,-0.8907449329028276
UltraX-AICC:890,AICC,13,1,0,1,1,0,0,,
UltraX-AICC:891,AICC,20,1,0,3,1,0,0,,
UltraX-AICC:892,AICC,11,5,5,1,5,0,0,,-0.7036428174106524
UltraX-AICC:893,AICC,6,2,2,1,2,0,0,,1.4134712885154057
UltraX-AICC:894,AICC,4,2,2,1,1,0,0,,0.6285294117647062
UltraX-AICC:895,AICC,48,7,7,1,7,0,0,,-0.3613529795855417
UltraX-AICC:896,AICC,20,9,3,1,6,0,0,,0.13196046110752047
UltraX-AICC:897,AICC,10,6,5,1,6,0,0,,0.5901000000000005
UltraX-AICC:898,AICC,143,22,7,1,22,0,0,,-0.5540387653469132
UltraX-AICC:899,AICC,1,0,0,1,0,0,0,,
UltraX-AICC:900,AICC,2,1,1,1,1,0,0,,-1.8288571428571432
UltraX-AICC:901,AICC,12,4,4,1,4,0,0,,-0.2711824633699642
UltraX-AICC:902,AICC,16,2,1,1,2,0,0,,-1.5590694062450812
UltraX-AICC:903,AICC,7,6,6,1,3,0,0,,1.0511240842490839
UltraX-AICC:904,AICC,3,0,0,1,0,0,0,,
UltraX-AICC:905,AICC,21,4,3,1,4,0,0,,-0.4117582663169719
UltraX-AICC:906,AICC,90,21,10,1,21,0,0,,0.23070825885345592
UltraX-AICC:907,AICC,18,5,1,1,5,0,0,,0.0839996830628813
UltraX-AICC:908,AICC,15,15,13,1,15,0,0,,0.5544167206269237
UltraX-AICC:909,AICC,6,0,0,1,0,0,0,,
UltraX-AICC:910,AICC,8,1,1,1,1,0,0,,-0.5415246111085636
UltraX-AICC:911,AICC,8,0,0,1,0,0,0,,
UltraX-AICC:912,AICC,7,0,0,1,0,0,0,,
UltraX-AICC:913,AICC,15,0,0,1,0,0,0,,
UltraX-AICC:914,AICC,33,24,16,1,24,0,0,,-1.3037984311966735
UltraX-AICC:915,AICC,10,0,0,1,0,0,0,,
UltraX-AICC:916,AICC,19,1,1,1,1,0,0,,-1.0869606431121301
UltraX-AICC:917,AICC,18,1,1,1,1,0,0,,-1.1925104181285073
UltraX-AICC:918,AICC,41,0,0,1,0,0,0,,
UltraX-AICC:919,AICC,5,0,0,1,0,0,0,,
UltraX-AICC:920,AICC,27,4,3,1,4,0,0,,0.2837017313759773
UltraX-AICC:921,AICC,3,1,1,1,1,0,0,,-2.4299553571428576
UltraX-AICC:922,AICC,28,0,0,1,0,0,0,,
UltraX-AICC:923,AICC,14,4,3,1,4,0,0,,-0.75749929891911
UltraX-AICC:924,AICC,11,2,0,1,2,0,0,,
UltraX-AICC:925,AICC,20,4,4,1,4,0,0,,-1.413582915622702
UltraX-AICC:926,AICC,10,4,1,1,4,0,0,,-1.1448796296296297
UltraX-AICC:927,AICC,30,10,7,1,7,0,0,,0.6203646596459098
UltraX-AICC:928,AICC,21,5,5,1,5,0,0,,-0.5192726920485176
UltraX-AICC:929,AICC,2,1,1,1,1,0,0,,-0.3528571428571432
UltraX-AICC:930,AICC,2,0,0,1,0,0,0,,
UltraX-AICC:931,AICC,3,1,1,1,1,0,0,,-0.437666666666666
UltraX-AICC:932,AICC,32,3,1,1,3,0,0,,1.3194131066784127
UltraX-AICC:933,AICC,23,14,7,1,14,0,0,,-1.295978352070723
UltraX-AICC:934,AICC,61,1,1,1,1,0,0,,-0.8180277056277063
UltraX-AICC:935,AICC,3,3,0,1,3,0,0,,
UltraX-AICC:936,AICC,14,0,0,1,0,0,0,,
UltraX-AICC:937,AICC,12,8,8,1,8,0,0,,-1.499237103174603
UltraX-AICC:938,AICC,50,3,3,1,3,0,1,,
UltraX-AICC:939,AICC,41,3,2,1,3,0,0,,-0.04077625431630061
UltraX-AICC:940,AICC,106,7,7,1,7,0,0,,-1.1999598624112116
UltraX-AICC:941,AICC,4,0,0,1,0,0,0,,
UltraX-AICC:942,AICC,21,4,4,1,4,0,0,,0.9854950980392161
UltraX-AICC:943,AICC,2,0,0,1,0,0,0,,
UltraX-AICC:944,AICC,8,2,0,1,2,0,0,,
UltraX-AICC:945,AICC,22,6,2,1,6,0,0,,-0.4301522921522922
UltraX-AICC:946,AICC,6,4,3,1,4,0,0,,-0.1862005206122852
UltraX-AICC:947,AICC,54,5,0,1,2,0,0,,
UltraX-AICC:948,AICC,12,1,0,1,1,0,0,,
UltraX-AICC:949,AICC,9,0,0,1,0,0,0,,
UltraX-AICC:950,AICC,23,1,1,1,1,0,0,,-2.0676771470926454
UltraX-AICC:951,AICC,15,2,2,1,2,0,0,,-1.5483059377191242
UltraX-AICC:952,AICC,19,3,1,1,3,0,0,,-1.5901147848384372
UltraX-AICC:953,AICC,54,1,1,1,1,0,0,,-0.058416032902378845
UltraX-AICC:954,AICC,5,0,0,2,0,0,1,,
UltraX-AICC:955,AICC,52,10,5,1,10,0,0,,0.9550486535487659
UltraX-AICC:956,AICC,2,0,0,1,0,0,0,,
UltraX-AICC:957,AICC,6,3,2,1,3,0,0,,0.9675000000000002
UltraX-AICC:958,AICC,12,1,1,1,1,0,0,,-2.272248260296442
UltraX-AICC:959,AICC,36,1,1,1,1,0,0,,-1.579559540522685
UltraX-AICC:960,AICC,25,9,1,1,9,0,0,,1.2630998931623925
UltraX-AICC:961,AICC,18,0,0,1,0,0,0,,
UltraX-AICC:962,AICC,81,7,7,1,7,0,0,,-0.8697067977067978
UltraX-AICC:963,AICC,11,2,2,1,2,0,0,,-1.436152828652829
UltraX-AICC:964,AICC,13,2,2,1,2,0,0,,0.1375365418894834
UltraX-AICC:965,AICC,52,3,3,1,3,0,0,,-0.36891250466073533
UltraX-AICC:966,AICC,24,0,0,1,0,0,0,,
UltraX-AICC:967,AICC,55,22,7,1,2,0,0,,0.5870739087301589
UltraX-AICC:968,AICC,8,14,5,1,7,0,0,,0.3285313131313128
UltraX-AICC:969,AICC,17,4,0,1,3,0,0,,
UltraX-AICC:970,AICC,1,0,0,1,0,0,0,,
UltraX-AICC:971,AICC,90,17,17,1,17,0,0,,-0.7507140644591912
UltraX-AICC:972,AICC,8,1,1,1,1,0,0,,-1.5715194426041963
UltraX-AICC:973,AICC,10,1,1,1,1,0,0,,0.7566748855009724
UltraX-AICC:974,AICC,53,8,3,2,8,0,0,,-0.582900626838772
UltraX-AICC:975,AICC,12,1,0,1,1,0,0,,
UltraX-AICC:976,AICC,30,1,1,1,1,0,0,,-1.1788782187103166
UltraX-AICC:977,AICC,13,6,0,1,2,0,0,,
UltraX-AICC:978,AICC,19,21,18,1,21,0,0,,-0.028497474747473994
UltraX-AICC:979,AICC,5,2,0,1,2,0,0,,
UltraX-AICC:980,AICC,81,22,8,1,22,0,0,,-0.8044068759470102
UltraX-AICC:981,AICC,160,88,47,1,14,0,0,,-0.2461696632098631
UltraX-AICC:982,AICC,4,1,1,1,1,0,0,,-1.973613149057091
UltraX-AICC:983,AICC,7,2,2,1,2,0,0,,-1.9052090909090902
UltraX-AICC:984,AICC,15,2,1,2,2,0,0,,0.17566314993738796
UltraX-AICC:985,AICC,14,7,1,1,6,0,0,,0.6171296470623391
UltraX-AICC:986,AICC,9,0,0,1,0,0,0,,
UltraX-AICC:987,AICC,6,0,0,1,0,0,0,,
UltraX-AICC:988,AICC,9,1,1,1,1,0,0,,-0.9992301587301586
UltraX-AICC:989,AICC,10,0,0,1,0,0,0,,
UltraX-AICC:990,AICC,12,1,1,1,1,0,0,,0.5067482630637974
UltraX-AICC:991,AICC,42,11,6,5,11,0,0,,-0.5984922140270132
UltraX-AICC:992,AICC,22,2,0,1,2,0,0,,
UltraX-AICC:993,AICC,38,1,0,1,1,0,0,,
UltraX-AICC:994,AICC,18,17,8,1,15,0,0,,-0.48094392239186323
UltraX-AICC:995,AICC,68,0,0,1,0,0,0,,
UltraX-AICC:996,AICC,51,25,22,1,25,0,0,,-0.833733102843814
UltraX-AICC:997,AICC,7,1,1,1,1,0,0,,0.8208392700912395
UltraX-AICC:998,AICC,17,15,13,1,15,0,0,,0.9706987179487179
UltraX-AICC:999,AICC,22,0,0,1,0,0,0,,
UltraX-AICC:1000,AICC,11,2,2,1,2,0,0,,-1.360077832666553
UltraX-AICC:1001,AICC,21,5,3,1,5,0,0,,-0.40567979306300295
UltraX-AICC:1002,AICC,30,1,1,1,1,0,0,,-0.8751016583427531
UltraX-AICC:1003,AICC,2,0,0,1,0,0,0,,
UltraX-AICC:1004,AICC,92,44,24,1,44,0,0,,0.41330120798319303
UltraX-AICC:1005,AICC,5,3,2,1,3,0,0,,-0.8185395622895619
UltraX-AICC:1006,AICC,19,13,7,1,11,0,0,,0.6559597505668933
UltraX-AICC:1007,AICC,6,1,1,1,1,0,0,,-1.3958103519668739
UltraX-AICC:1008,AICC,12,2,2,1,2,0,0,,-1.6318912018214338
UltraX-AICC:1009,AICC,19,5,0,1,5,0,0,,
UltraX-AICC:1010,AICC,34,12,11,1,12,0,0,,-0.7696993081282528
UltraX-AICC:1011,AICC,18,6,6,1,6,0,0,,-1.6675024143973505
UltraX-AICC:1012,AICC,12,7,4,1,7,0,0,,-0.7974783549783551
UltraX-AICC:1013,AICC,14,1,0,1,1,0,0,,
UltraX-AICC:1014,AICC,4,0,0,1,0,0,0,,
UltraX-AICC:1015,AICC,11,6,6,1,6,0,0,,-0.8656203703703707
UltraX-AICC:1016,AICC,34,8,8,1,8,0,0,,-0.8910878024679603
UltraX-AICC:1017,AICC,11,4,4,1,4,0,0,,-0.2829064039408866
UltraX-AICC:1018,AICC,5,0,0,1,0,0,0,,
UltraX-AICC:1019,AICC,40,0,0,1,0,0,0,,
UltraX-AICC:1020,AICC,89,7,5,1,7,0,0,,-0.25564188852376724
UltraX-AICC:1021,AICC,7,0,0,1,0,0,0,,
UltraX-AICC:1022,AICC,5,0,0,1,0,0,0,,
UltraX-AICC:1023,AICC,23,0,0,1,0,0,0,,
UltraX-AICC:1024,AICC,73,5,5,1,5,0,0,,0.08598075270317906
UltraX-AICC:1025,AICC,13,6,4,1,6,0,0,,-1.6573542798159648
UltraX-AICC:1026,AICC,4,1,1,1,1,0,0,,-0.5265669988925801
UltraX-AICC:1027,AICC,14,11,6,4,11,0,0,,-0.39982297572596526
UltraX-AICC:1028,AICC,6,3,0,1,3,0,0,,
UltraX-AICC:1029,AICC,12,3,3,1,3,0,0,,-0.731252045438926
UltraX-AICC:1030,AICC,363,45,0,3,45,0,0,,
UltraX-AICC:1031,AICC,6,3,2,1,3,0,0,,0.22565130708602688
UltraX-AICC:1032,AICC,6,1,1,1,1,0,0,,-1.7631294962720494
UltraX-AICC:1033,AICC,55,8,7,1,8,0,0,,0.5134711640758161
UltraX-AICC:1034,AICC,10,0,0,1,0,0,0,,
UltraX-AICC:1035,AICC,6,0,0,1,0,0,0,,
UltraX-AICC:1036,AICC,4,1,1,1,1,0,0,,-2.030107376283847
UltraX-AICC:1037,AICC,10,3,3,1,3,0,0,,-2.012654365063838
UltraX-AICC:1038,AICC,4,0,0,1,0,0,0,,
UltraX-AICC:1039,AICC,12,2,3,1,2,0,0,,-0.7099751136722086
UltraX-AICC:1040,AICC,53,16,13,1,16,0,0,,0.4375571698777554
UltraX-AICC:1041,AICC,2,0,0,1,0,0,0,,
UltraX-AICC:1042,AICC,25,3,3,1,3,0,0,,-2.1845958426448413
UltraX-AICC:1043,AICC,12,0,0,1,0,0,0,,
UltraX-AICC:1044,AICC,5,0,0,1,0,0,0,,
UltraX-AICC:1045,AICC,5,4,1,3,2,0,0,,0.6532608695652167
UltraX-AICC:1046,AICC,18,6,6,2,6,0,0,,
UltraX-AICC:1047,AICC,10,0,0,1,0,0,0,,
UltraX-AICC:1048,AICC,5,1,0,1,1,0,0,,
UltraX-AICC:1049,AICC,13,3,1,1,3,0,0,,-1.7734763153513153
UltraX-AICC:1050,AICC,18,12,7,1,8,0,0,,-0.7772327858498889
UltraX-AICC:1051,AICC,2,0,0,1,0,0,0,,
UltraX-AICC:1052,AICC,72,16,6,1,11,0,0,,0.620309529679961
UltraX-AICC:1053,AICC,5,0,0,1,0,0,0,,
UltraX-AICC:1054,AICC,8,1,1,1,1,0,0,,0.1763867749897159
UltraX-AICC:1055,AICC,88,13,11,1,13,0,0,,-0.22136878513148694
UltraX-AICC:1056,AICC,10,14,7,1,14,0,0,,0.9531642246642251
UltraX-AICC:1057,AICC,40,7,5,1,7,0,0,,-0.6459180747236442
UltraX-AICC:1058,AICC,39,12,6,1,12,0,0,,-0.4526226743539725
UltraX-AICC:1059,AICC,50,16,6,1,12,0,0,,-1.4480512945935473
UltraX-AICC:1060,AICC,31,10,10,9,10,0,0,,0.5249356364641304
UltraX-AICC:1061,AICC,14,3,1,1,2,0,0,,-0.5313079399233249
UltraX-AICC:1062,AICC,5,2,1,1,2,0,0,,-1.9540314685314688
UltraX-AICC:1063,AICC,19,4,4,1,4,0,0,,-0.884480554921586
UltraX-AICC:1064,AICC,33,30,21,1,30,0,0,,-0.22618367097022052
UltraX-AICC:1065,AICC,24,0,0,1,0,0,0,,
UltraX-AICC:1066,AICC,23,1,1,1,1,0,0,,-1.313437622390385
UltraX-AICC:1067,AICC,8,0,0,1,0,0,0,,
UltraX-AICC:1068,AICC,7,0,0,1,0,0,0,,
UltraX-AICC:1069,AICC,15,8,2,1,8,0,0,,0.9603279975838115
UltraX-AICC:1070,AICC,31,21,8,1,21,0,0,,0.6915521909652345
UltraX-AICC:1071,AICC,62,19,17,1,19,0,0,,-1.0165588459259531
UltraX-AICC:1072,AICC,9,1,1,1,1,0,0,,0.07856802505948668
UltraX-AICC:1073,AICC,43,9,6,3,9,0,0,,-1.2097341098025067
UltraX-AICC:1074,AICC,10,0,0,1,0,0,0,,
UltraX-AICC:1075,AICC,17,4,4,1,4,0,0,,-1.071608953894489
UltraX-AICC:1076,AICC,10,3,3,1,3,0,0,,-2.0211557230025052
UltraX-AICC:1077,AICC,4,0,0,1,0,0,0,,
UltraX-AICC:1078,AICC,17,1,1,1,1,0,0,,0.8573124970547346
UltraX-AICC:1079,AICC,14,2,0,1,1,0,0,,
UltraX-AICC:1080,AICC,42,0,0,1,0,0,0,,
UltraX-AICC:1081,AICC,28,0,0,1,0,0,0,,
UltraX-AICC:1082,AICC,53,11,7,1,11,0,0,,-1.09148145552299
UltraX-AICC:1083,AICC,42,24,24,1,24,0,0,,-0.9589897461833736
UltraX-AICC:1084,AICC,46,7,5,1,5,0,0,,-0.10884412560316381
UltraX-AICC:1085,AICC,16,13,7,2,8,0,0,,0.11682581816510407
UltraX-AICC:1086,AICC,5,5,0,1,1,0,0,,
UltraX-AICC:1087,AICC,72,31,7,1,27,0,0,,-0.17666551788027807
UltraX-AICC:1088,AICC,24,2,2,1,2,0,0,,-0.0773637149141182
UltraX-AICC:1089,AICC,7,11,6,1,4,0,0,,-0.9572222222222226
UltraX-AICC:1090,AICC,2,0,0,1,0,0,0,,
UltraX-AICC:1091,AICC,8,4,2,1,4,0,0,,-0.1280081716036774
UltraX-AICC:1092,AICC,128,0,0,1,0,0,0,,
UltraX-AICC:1093,AICC,42,0,2,2,0,0,0,,-0.08938403716835008
UltraX-AICC:1094,AICC,52,5,3,1,4,0,0,,-0.7832549993572568
UltraX-AICC:1095,AICC,4,4,2,1,4,0,0,,1.4905384615384616
UltraX-AICC:1096,AICC,41,12,0,1,12,0,0,,
UltraX-AICC:1097,AICC,19,9,5,1,3,0,0,,-0.5025782967032963
UltraX-AICC:1098,AICC,38,2,2,1,2,0,0,,0.3061335246705177
UltraX-AICC:1099,AICC,43,2,2,1,2,0,0,,-0.4149386543235183
UltraX-AICC:1100,AICC,9,1,1,1,1,0,0,,0.13969628903497266
UltraX-AICC:1101,AICC,7,1,1,1,1,0,0,,-1.2389236906883965
UltraX-AICC:1102,AICC,3,0,0,1,0,0,0,,
UltraX-AICC:1103,AICC,4,0,0,1,0,0,0,,
UltraX-AICC:1104,AICC,8,4,4,1,4,0,0,,2.1222395833333327
UltraX-AICC:1105,AICC,8,3,0,1,3,0,0,,
UltraX-AICC:1106,AICC,8,5,2,1,3,0,0,,0.5550457987682247
UltraX-AICC:1107,AICC,8,2,1,1,2,0,0,,-1.9308699916557064
UltraX-AICC:1108,AICC,30,3,3,1,3,0,0,,-1.0216335978835982
UltraX-AICC:1109,AICC,44,3,1,1,3,0,0,,-0.06161615310420743
UltraX-AICC:1110,AICC,3,1,1,1,1,0,0,,-1.622260040160643
UltraX-AICC:1111,AICC,12,5,0,1,2,0,0,,
UltraX-AICC:1112,AICC,53,23,22,1,23,0,0,,-1.0773461592221185
UltraX-AICC:1113,AICC,10,0,0,1,0,0,0,,
UltraX-AICC:1114,AICC,10,2,2,1,2,0,0,,0.5103716895849244
UltraX-AICC:1115,AICC,7,0,0,1,0,0,0,,
UltraX-AICC:1116,AICC,5,1,0,1,1,0,0,,
UltraX-AICC:1117,AICC,43,12,12,1,12,0,0,,-1.3900159409742163
UltraX-AICC:1118,AICC,5,3,1,1,3,0,0,,0.9443912376379302
UltraX-AICC:1119,AICC,136,14,5,1,14,0,0,,-0.492220313401611
UltraX-AICC:1120,AICC,27,17,0,1,17,0,2,,
UltraX-AICC:1121,AICC,2,0,0,1,0,0,0,,
UltraX-AICC:1122,AICC,9,1,1,1,1,0,0,,-0.9950392666682051
UltraX-AICC:1123,AICC,2,0,0,1,0,0,0,,
UltraX-AICC:1124,AICC,2,1,1,1,1,0,0,,-1.397573529411765
UltraX-AICC:1125,AICC,5,5,2,1,3,0,0,,-0.033333333333333215
UltraX-AICC:1126,AICC,28,43,24,1,15,0,0,,0.3946981872294373
UltraX-AICC:1127,AICC,19,29,15,1,12,0,0,,-0.7446439184200804
UltraX-AICC:1128,AICC,15,6,6,1,6,0,0,,-0.3034525422635186
UltraX-AICC:1129,AICC,17,7,5,1,7,0,0,,-0.28126190476190427
UltraX-AICC:1130,AICC,4,0,0,1,0,0,0,,
UltraX-AICC:1131,AICC,6,0,0,2,0,0,0,,
UltraX-AICC:1132,AICC,53,10,10,1,10,0,0,,-1.7853653253933075
UltraX-AICC:1133,AICC,25,5,4,1,5,0,0,,-0.825478438426634
UltraX-AICC:1134,AICC,12,0,0,1,0,0,0,,
UltraX-AICC:1135,AICC,5,0,0,1,0,0,0,,
UltraX-AICC:1136,AICC,63,15,13,1,15,0,0,,-1.498178071295217
UltraX-AICC:1137,AICC,31,1,0,1,1,0,0,,
UltraX-AICC:1138,AICC,14,2,2,0,2,0,2,-1.8263333333333334,-0.42819935946406495
UltraX-AICC:1139,AICC,7,1,1,1,1,0,0,,-1.1319661395666687
UltraX-AICC:1140,AICC,6,1,1,1,1,0,0,,-1.133213333333333
UltraX-AICC:1141,AICC,25,0,0,1,0,0,0,,
UltraX-AICC:1142,AICC,5,1,1,1,1,0,0,,1.3096031746031747
UltraX-AICC:1143,AICC,45,22,17,1,22,0,0,,-0.10458358494913078
UltraX-AICC:1144,AICC,4,0,0,1,0,0,0,,
UltraX-AICC:1145,AICC,104,17,11,1,17,0,0,,0.7218955812841443
UltraX-AICC:1146,AICC,11,6,1,1,6,0,0,,0.9015452380952382
UltraX-AICC:1147,AICC,30,1,1,1,1,0,0,,-0.9529503365777527
UltraX-AICC:1148,AICC,23,13,10,1,13,0,0,,0.27411587856587794
UltraX-AICC:1149,AICC,6,0,0,1,0,0,0,,
UltraX-AICC:1150,AICC,39,1,1,1,1,0,0,,-2.004877930657339
UltraX-AICC:1151,AICC,2,1,1,1,1,0,0,,
UltraX-AICC:1152,AICC,93,7,8,1,7,0,0,,-0.4340802520791005
UltraX-AICC:1153,AICC,35,17,8,1,17,0,0,,-1.4769470275659726
UltraX-AICC:1154,AICC,3,1,0,1,1,0,0,,
UltraX-AICC:1155,AICC,20,1,1,1,1,0,0,,-0.644352781163593
UltraX-AICC:1156,AICC,52,1,1,1,1,0,0,,-0.1284856608824878
UltraX-AICC:1157,AICC,30,65,0,1,1,0,0,,
UltraX-AICC:1158,AICC,3,0,0,1,0,0,0,,
UltraX-AICC:1159,AICC,20,7,5,2,7,0,0,,-1.288157116505758
UltraX-AICC:1160,AICC,12,2,0,1,1,0,0,,
UltraX-AICC:1161,AICC,1,0,0,1,0,0,0,,
UltraX-AICC:1162,AICC,22,3,3,1,3,0,0,,-0.13538623072833555
UltraX-AICC:1163,AICC,36,8,8,1,8,0,0,,-1.1195953106737475
UltraX-AICC:1164,AICC,10,8,6,1,8,0,0,,0.4760657051282058
UltraX-AICC:1165,AICC,11,7,2,1,7,0,0,,-0.035648148148148096
UltraX-AICC:1166,AICC,9,2,2,1,2,0,0,,-1.4043493246573995
UltraX-AICC:1167,AICC,14,13,6,1,7,0,0,,-1.0279163773424642
UltraX-AICC:1168,AICC,82,2,2,1,2,0,0,,0.7810075120461049
UltraX-AICC:1169,AICC,5,1,1,1,1,0,0,,-0.25649350649350655
UltraX-AICC:1170,AICC,52,14,13,1,14,0,0,,-0.60862929307633
UltraX-AICC:1171,AICC,33,0,0,1,0,0,0,,
UltraX-AICC:1172,AICC,5,1,1,1,1,0,0,,-1.797857142857143
UltraX-AICC:1173,AICC,29,2,1,1,2,0,0,,-0.5095593206151561
UltraX-AICC:1174,AICC,4,1,1,1,1,0,0,,0.059905106473434167
UltraX-AICC:1175,AICC,19,13,9,1,13,0,0,,-0.0003765432098763455
UltraX-AICC:1176,AICC,6,3,2,1,3,0,0,,0.9609162110024183
UltraX-AICC:1177,AICC,123,12,11,1,12,0,0,,-1.5264775522707135
UltraX-AICC:1178,AICC,10,0,0,1,0,0,0,,
UltraX-AICC:1179,AICC,9,0,0,1,0,0,0,,
UltraX-AICC:1180,AICC,8,4,4,1,4,0,0,,-0.18919757326007325
UltraX-AICC:1181,AICC,55,11,10,1,11,0,8,,-0.9661341531308203
UltraX-AICC:1182,AICC,94,6,3,1,6,0,0,,-0.8989238845101761
UltraX-AICC:1183,AICC,7,1,1,1,1,0,0,,-0.9952945646687796
UltraX-AICC:1184,AICC,57,25,24,1,25,0,0,,-2.355772661045501
UltraX-AICC:1185,AICC,11,10,6,1,5,0,0,,-0.14242739898989942
UltraX-AICC:1186,AICC,22,21,18,1,10,0,0,,0.44394754039598894
UltraX-AICC:1187,AICC,11,7,5,1,7,0,0,,-1.201646739453357
UltraX-AICC:1188,AICC,8,1,1,1,1,0,0,,0.5542857142857143
UltraX-AICC:1189,AICC,16,7,6,1,4,0,0,,0.6850207039337475
UltraX-AICC:1190,AICC,26,1,1,1,1,0,0,,-0.7396678733031674
UltraX-AICC:1191,AICC,256,9,8,1,9,0,0,,0.016510964989298493
UltraX-AICC:1192,AICC,81,12,11,1,12,0,0,,-1.268073380301665
UltraX-AICC:1193,AICC,11,0,0,1,0,0,0,,
UltraX-AICC:1194,AICC,17,13,11,1,13,0,0,,0.171003754011819
UltraX-AICC:1195,AICC,20,5,2,1,3,0,0,,0.28175761722313464
UltraX-AICC:1196,AICC,22,14,12,1,14,0,0,,-0.34829553173392735
UltraX-AICC:1197,AICC,12,9,4,1,9,0,4,,-0.38591826923076944
UltraX-AICC:1198,AICC,14,0,0,1,0,0,0,,
UltraX-AICC:1199,AICC,16,3,1,1,3,0,0,,0.16896332052563068
UltraX-FineWeb:0,FineWeb,3,1,1,1,1,0,0,,0.4711218905472636
UltraX-FineWeb:1,FineWeb,7,0,0,1,0,0,0,,
UltraX-FineWeb:2,FineWeb,8,0,0,0,0,0,0,,
UltraX-FineWeb:3,FineWeb,8,1,1,1,1,0,0,,-0.444841227500274
UltraX-FineWeb:4,FineWeb,16,0,1,0,0,0,0,,-0.04411200845537877
UltraX-FineWeb:5,FineWeb,3,1,1,1,1,0,0,,0.632568342151675
UltraX-FineWeb:6,FineWeb,5,1,1,1,1,0,0,,-0.8871191553544495
UltraX-FineWeb:7,FineWeb,8,0,0,0,0,0,0,,
UltraX-FineWeb:8,FineWeb,27,0,0,0,0,0,0,,
UltraX-FineWeb:9,FineWeb,8,0,0,1,0,0,0,,
UltraX-FineWeb:10,FineWeb,15,2,2,1,1,0,0,,0.3626293324905445
UltraX-FineWeb:11,FineWeb,3,0,0,1,0,0,0,,
UltraX-FineWeb:12,FineWeb,6,4,3,1,1,0,0,,-0.8382698412698408
UltraX-FineWeb:13,FineWeb,6,7,4,1,1,0,0,,-0.007430555555556495
UltraX-FineWeb:14,FineWeb,2,0,0,1,0,0,0,,
UltraX-FineWeb:15,FineWeb,20,1,1,1,1,0,0,,-0.15895321971449228
UltraX-FineWeb:16,FineWeb,16,1,1,4,1,0,0,,-0.08205242530103174
UltraX-FineWeb:17,FineWeb,15,1,2,3,1,0,0,,-0.7873458795415686
UltraX-FineWeb:18,FineWeb,1,0,0,0,0,0,0,,
UltraX-FineWeb:19,FineWeb,8,1,1,0,1,0,0,,-0.4631890322195007
UltraX-FineWeb:20,FineWeb,14,2,1,1,1,0,0,,-1.0419733265049453
UltraX-FineWeb:21,FineWeb,4,1,1,1,1,0,0,,-0.4584157163221674
UltraX-FineWeb:22,FineWeb,7,0,0,0,0,0,0,,
UltraX-FineWeb:23,FineWeb,8,1,1,1,1,0,0,,1.5049274162495188
UltraX-FineWeb:24,FineWeb,10,1,1,0,1,0,0,,0.09805577935439036
UltraX-FineWeb:25,FineWeb,14,2,2,0,1,0,0,,-1.1815685646579626
UltraX-FineWeb:26,FineWeb,15,0,0,0,0,0,0,,
UltraX-FineWeb:27,FineWeb,8,0,0,2,0,0,0,,
UltraX-FineWeb:28,FineWeb,7,0,0,0,0,0,0,,
UltraX-FineWeb:29,FineWeb,12,1,1,1,1,0,0,,-0.10520434555201952
UltraX-FineWeb:30,FineWeb,7,0,0,0,0,0,0,,
UltraX-FineWeb:31,FineWeb,14,13,13,1,1,0,0,,0.3052534775595923
UltraX-FineWeb:32,FineWeb,26,1,1,1,1,0,0,,-0.36590327157092783
UltraX-FineWeb:33,FineWeb,4,2,2,1,1,0,0,,1.6522499999999996
UltraX-FineWeb:34,FineWeb,9,1,1,0,1,0,0,,0.01034790100250671
UltraX-FineWeb:35,FineWeb,5,0,0,0,0,0,0,,
UltraX-FineWeb:36,FineWeb,8,0,0,0,0,0,0,,
UltraX-FineWeb:37,FineWeb,55,2,2,4,2,0,0,,-0.05774332952025052
UltraX-FineWeb:38,FineWeb,8,2,2,0,2,0,0,,1.2178097798259087
UltraX-FineWeb:39,FineWeb,9,0,0,0,0,0,0,,
UltraX-FineWeb:40,FineWeb,6,0,0,6,0,0,0,,
UltraX-FineWeb:41,FineWeb,12,0,0,0,0,0,0,,
UltraX-FineWeb:42,FineWeb,14,0,0,1,0,0,0,,
UltraX-FineWeb:43,FineWeb,6,0,0,0,0,0,0,,
UltraX-FineWeb:44,FineWeb,17,4,4,0,2,0,0,,0.537316024240071
UltraX-FineWeb:45,FineWeb,2,0,0,0,0,0,0,,
UltraX-FineWeb:46,FineWeb,7,1,1,1,1,0,0,,0.6659676961781464
UltraX-FineWeb:47,FineWeb,4,0,0,0,0,0,0,,
UltraX-FineWeb:48,FineWeb,2,1,1,1,1,0,0,,-0.26187499999999986
UltraX-FineWeb:49,FineWeb,11,0,0,0,0,0,0,,
UltraX-FineWeb:50,FineWeb,63,3,3,1,2,0,0,,-0.580704295964396
UltraX-FineWeb:51,FineWeb,40,3,3,0,1,0,0,,0.8238660242850289
UltraX-FineWeb:52,FineWeb,6,0,0,0,0,0,0,,
UltraX-FineWeb:53,FineWeb,5,1,1,1,1,0,0,,0.866992438867439
UltraX-FineWeb:54,FineWeb,26,2,2,1,1,0,0,,-1.1667229133228858
UltraX-FineWeb:55,FineWeb,25,0,1,2,0,0,0,,0.19320557763160284
UltraX-FineWeb:56,FineWeb,7,0,0,0,0,0,0,,
UltraX-FineWeb:57,FineWeb,5,0,0,0,0,0,0,,
UltraX-FineWeb:58,FineWeb,35,0,0,1,0,0,0,,
UltraX-FineWeb:59,FineWeb,9,0,0,0,0,0,0,,
UltraX-FineWeb:60,FineWeb,10,1,1,1,1,0,0,,0.21634376528820987
UltraX-FineWeb:61,FineWeb,12,0,0,1,0,0,0,,
UltraX-FineWeb:62,FineWeb,18,2,2,1,1,0,0,,-1.7942560311096942
UltraX-FineWeb:63,FineWeb,16,0,0,0,0,0,0,,
UltraX-FineWeb:64,FineWeb,9,1,1,1,1,0,0,,0.4860310075140237
UltraX-FineWeb:65,FineWeb,20,0,0,0,0,0,0,,
UltraX-FineWeb:66,FineWeb,17,1,1,0,1,0,0,,0.1589393930689038
UltraX-FineWeb:67,FineWeb,52,1,1,1,1,0,0,,-0.24876191330661435
UltraX-FineWeb:68,FineWeb,2,0,0,1,0,0,0,,
UltraX-FineWeb:69,FineWeb,14,9,8,1,2,0,0,,0.014500811688312076
UltraX-FineWeb:70,FineWeb,4,2,2,0,1,0,0,,-0.6786763686763688
UltraX-FineWeb:71,FineWeb,9,5,5,0,2,0,0,,-0.893563311688311
UltraX-FineWeb:72,FineWeb,40,0,0,0,0,0,0,,
UltraX-FineWeb:73,FineWeb,32,5,6,13,4,0,0,,-0.42665922302182846
UltraX-FineWeb:74,FineWeb,7,1,1,3,1,0,0,,-0.9413398550724641
UltraX-FineWeb:75,FineWeb,9,0,0,0,0,0,0,,
UltraX-FineWeb:76,FineWeb,4,2,2,1,2,0,0,,-0.39138678160919405
UltraX-FineWeb:77,FineWeb,40,0,0,0,0,0,0,,
UltraX-FineWeb:78,FineWeb,2,0,0,1,0,0,0,,
UltraX-FineWeb:79,FineWeb,16,4,4,1,1,0,0,,-0.25098785297479154
UltraX-FineWeb:80,FineWeb,3,0,0,0,0,0,0,,
UltraX-FineWeb:81,FineWeb,17,10,10,1,1,0,0,,-0.6906859978353106
UltraX-FineWeb:82,FineWeb,3,1,1,1,1,0,0,,0.5455641025641027
UltraX-FineWeb:83,FineWeb,6,0,0,1,0,0,0,,
UltraX-FineWeb:84,FineWeb,15,0,0,0,0,0,0,,
UltraX-FineWeb:85,FineWeb,23,1,1,0,1,0,0,,-0.2180819861956218
UltraX-FineWeb:86,FineWeb,11,4,4,1,1,0,0,,-1.2236363507343517
UltraX-FineWeb:87,FineWeb,23,3,3,1,1,0,0,,0.16509834517366073
UltraX-FineWeb:88,FineWeb,12,0,0,0,0,0,0,,
UltraX-FineWeb:89,FineWeb,53,10,10,3,3,0,0,,0.0890674554532529
UltraX-FineWeb:90,FineWeb,7,0,0,0,0,0,0,,
UltraX-FineWeb:91,FineWeb,6,1,1,1,1,0,0,,0.5821347789115645
UltraX-FineWeb:92,FineWeb,7,0,0,0,0,0,0,,
UltraX-FineWeb:93,FineWeb,12,1,1,1,1,0,0,,-0.6892257018374757
UltraX-FineWeb:94,FineWeb,7,1,1,1,1,0,0,,0.5638824855485076
UltraX-FineWeb:95,FineWeb,3,0,0,0,0,0,0,,
UltraX-FineWeb:96,FineWeb,16,2,2,1,1,0,0,,-0.4146670759074116
UltraX-FineWeb:97,FineWeb,161,0,0,0,0,0,0,,
UltraX-FineWeb:98,FineWeb,3,0,0,0,0,0,0,,
UltraX-FineWeb:99,FineWeb,4,1,1,0,1,0,0,,-0.6261481481481486
UltraX-FineWeb:100,FineWeb,18,1,1,1,1,0,0,,0.44848453342725136
UltraX-FineWeb:101,FineWeb,28,0,0,0,0,0,0,,
UltraX-FineWeb:102,FineWeb,21,2,2,0,2,0,0,,0.465968540911347
UltraX-FineWeb:103,FineWeb,55,1,1,1,1,0,0,,-0.22927147859594665
UltraX-FineWeb:104,FineWeb,3,1,1,1,1,0,0,,0.8787429378531071
UltraX-FineWeb:105,FineWeb,5,0,0,0,0,0,0,,
UltraX-FineWeb:106,FineWeb,8,1,1,1,1,0,0,,0.6860573454769217
UltraX-FineWeb:107,FineWeb,2,0,0,0,0,0,0,,
UltraX-FineWeb:108,FineWeb,16,1,1,0,1,0,0,,-2.174871610720417
UltraX-FineWeb:109,FineWeb,53,2,2,0,2,0,0,,-2.3398342241103336
UltraX-FineWeb:110,FineWeb,29,1,1,1,1,0,0,,-0.37659238517958205
UltraX-FineWeb:111,FineWeb,5,1,1,1,1,0,0,,0.11352433944592377
UltraX-FineWeb:112,FineWeb,23,0,0,1,0,0,0,,
UltraX-FineWeb:113,FineWeb,9,1,1,0,1,0,0,,-0.4011190476190478
UltraX-FineWeb:114,FineWeb,13,4,3,1,2,0,0,,-0.27195740746891595
UltraX-FineWeb:115,FineWeb,107,1,0,0,1,0,0,,
UltraX-FineWeb:116,FineWeb,9,1,1,1,1,0,0,,0.34813677957351885
UltraX-FineWeb:117,FineWeb,11,2,2,1,1,0,0,,-0.8131755383358001
UltraX-FineWeb:118,FineWeb,2,0,0,0,0,0,0,,
UltraX-FineWeb:119,FineWeb,34,3,3,1,1,0,0,,0.3979588387714532
UltraX-FineWeb:120,FineWeb,13,6,6,1,2,0,0,,-1.0284262126762131
UltraX-FineWeb:121,FineWeb,9,4,4,0,1,0,0,,-1.20047555157198
UltraX-FineWeb:122,FineWeb,15,1,1,0,1,0,0,,-1.257291607525751
UltraX-FineWeb:123,FineWeb,3,0,0,0,0,0,0,,
UltraX-FineWeb:124,FineWeb,14,0,0,0,0,0,0,,
UltraX-FineWeb:125,FineWeb,36,11,11,2,1,0,0,,0.558378684995203
UltraX-FineWeb:126,FineWeb,6,1,1,1,1,0,0,,0.03575028058361429
UltraX-FineWeb:127,FineWeb,10,0,0,0,0,0,0,,
UltraX-FineWeb:128,FineWeb,101,11,11,0,11,0,0,,0.40580689741111087
UltraX-FineWeb:129,FineWeb,10,0,0,0,0,0,0,,
UltraX-FineWeb:130,FineWeb,6,0,0,0,0,0,0,,
UltraX-FineWeb:131,FineWeb,2,0,0,1,0,0,0,,
UltraX-FineWeb:132,FineWeb,29,2,2,1,2,0,0,,0.15481572127488707
UltraX-FineWeb:133,FineWeb,10,2,2,1,1,0,0,,-0.14042186420524416
UltraX-FineWeb:134,FineWeb,9,0,0,0,0,0,0,,
UltraX-FineWeb:135,FineWeb,19,7,6,1,1,0,0,,-0.6217466781584431
UltraX-FineWeb:136,FineWeb,14,5,5,1,1,0,0,,0.12426552189066253
UltraX-FineWeb:137,FineWeb,9,2,2,0,1,0,0,,0.5522767131242743
UltraX-FineWeb:138,FineWeb,58,5,5,1,3,0,0,,0.06136421518902235
UltraX-FineWeb:139,FineWeb,24,3,3,0,2,0,0,,-0.2605634424060499
UltraX-FineWeb:140,FineWeb,6,1,1,1,1,0,0,,-0.8986768267651888
UltraX-FineWeb:141,FineWeb,7,1,1,1,1,0,0,,0.2584383227639808
UltraX-FineWeb:142,FineWeb,4,2,1,0,1,0,0,,-0.002095238095238372
UltraX-FineWeb:143,FineWeb,26,1,1,1,1,0,0,,0.28496418162675763
UltraX-FineWeb:144,FineWeb,5,1,1,0,1,0,0,,0.29571287350699116
UltraX-FineWeb:145,FineWeb,4,0,0,0,0,0,0,,
UltraX-FineWeb:146,FineWeb,30,0,0,0,0,0,0,,
UltraX-FineWeb:147,FineWeb,4,0,0,0,0,0,0,,
UltraX-FineWeb:148,FineWeb,11,2,2,0,2,0,0,,-0.5808222462722465
UltraX-FineWeb:149,FineWeb,8,0,0,0,0,0,0,,
UltraX-FineWeb:150,FineWeb,28,0,0,0,0,0,0,,
UltraX-FineWeb:151,FineWeb,4,1,1,1,1,0,0,,-0.22992307692307712
UltraX-FineWeb:152,FineWeb,4,1,1,1,1,0,0,,-0.07721693121693107
UltraX-FineWeb:153,FineWeb,11,1,1,0,1,0,0,,-0.04070786553103645
UltraX-FineWeb:154,FineWeb,4,1,1,0,1,0,0,,0.09902777777777771
UltraX-FineWeb:155,FineWeb,37,0,0,0,0,0,0,,
UltraX-FineWeb:156,FineWeb,8,1,1,1,1,0,0,,0.05810308808380338
UltraX-FineWeb:157,FineWeb,5,5,3,1,1,0,0,,-0.18980158730158792
UltraX-FineWeb:158,FineWeb,8,3,3,1,2,0,0,,-0.15806089392278722
UltraX-FineWeb:159,FineWeb,18,0,0,0,0,0,0,,
UltraX-FineWeb:160,FineWeb,6,0,0,0,0,0,0,,
UltraX-FineWeb:161,FineWeb,3,0,0,0,0,0,0,,
UltraX-FineWeb:162,FineWeb,5,0,0,0,0,0,0,,
UltraX-FineWeb:163,FineWeb,8,0,0,0,0,0,0,,
UltraX-FineWeb:164,FineWeb,22,0,0,0,0,0,0,,
UltraX-FineWeb:165,FineWeb,9,1,1,0,1,0,0,,0.40742830086580106
UltraX-FineWeb:166,FineWeb,17,0,0,0,0,0,0,,
UltraX-FineWeb:167,FineWeb,26,0,0,0,0,0,0,,
UltraX-FineWeb:168,FineWeb,24,0,0,0,0,0,0,,
UltraX-FineWeb:169,FineWeb,18,13,13,1,1,0,0,,-0.1949475268825802
UltraX-FineWeb:170,FineWeb,10,1,1,1,1,0,0,,-1.28734469515096
UltraX-FineWeb:171,FineWeb,6,1,1,1,1,0,0,,-0.2303707085165172
UltraX-FineWeb:172,FineWeb,4,0,0,0,0,0,0,,
UltraX-FineWeb:173,FineWeb,16,0,0,1,0,0,0,,
UltraX-FineWeb:174,FineWeb,5,1,1,0,1,0,0,,0.2842916666666664
UltraX-FineWeb:175,FineWeb,30,0,0,0,0,0,0,,
UltraX-FineWeb:176,FineWeb,3,2,2,1,1,0,0,,-1.7933708646093964
UltraX-FineWeb:177,FineWeb,3,0,0,0,0,0,0,,
UltraX-FineWeb:178,FineWeb,5,4,4,1,1,0,0,,-1.5916742424242427
UltraX-FineWeb:179,FineWeb,10,0,0,0,0,0,0,,
UltraX-FineWeb:180,FineWeb,43,1,1,1,1,0,0,,-0.5002511656796029
UltraX-FineWeb:181,FineWeb,6,0,0,0,0,0,0,,
UltraX-FineWeb:182,FineWeb,10,0,0,0,0,0,0,,
UltraX-FineWeb:183,FineWeb,5,1,1,1,1,0,0,,-0.0646660304564719
UltraX-FineWeb:184,FineWeb,7,1,1,1,1,0,0,,-0.5245117998540412
UltraX-FineWeb:185,FineWeb,7,1,1,0,1,0,0,,-0.7468371212121214
UltraX-FineWeb:186,FineWeb,4,1,1,1,1,0,0,,0.7843990934815812
UltraX-FineWeb:187,FineWeb,4,0,0,0,0,0,0,,
UltraX-FineWeb:188,FineWeb,13,3,2,0,1,0,0,,0.9531317767990464
UltraX-FineWeb:189,FineWeb,3,2,1,1,2,0,0,,0.6235714285714282
UltraX-FineWeb:190,FineWeb,5,0,0,0,0,0,0,,
UltraX-FineWeb:191,FineWeb,7,1,1,0,1,0,0,,0.4905929292929283
UltraX-FineWeb:192,FineWeb,23,2,2,0,2,0,0,,-1.9221286961151751
UltraX-FineWeb:193,FineWeb,7,0,0,0,0,0,0,,
UltraX-FineWeb:194,FineWeb,9,1,0,1,1,0,0,,
UltraX-FineWeb:195,FineWeb,26,0,0,0,0,0,0,,
UltraX-FineWeb:196,FineWeb,13,1,1,1,1,0,0,,-0.6036388147778426
UltraX-FineWeb:197,FineWeb,4,0,0,0,0,0,0,,
UltraX-FineWeb:198,FineWeb,36,2,2,1,1,0,0,,-0.059653269986363
UltraX-FineWeb:199,FineWeb,12,1,1,0,1,0,0,,0.2997228165063097
UltraX-FineWeb:200,FineWeb,4,1,1,1,1,0,0,,0.20827016854851887
UltraX-FineWeb:201,FineWeb,17,1,1,3,1,0,0,,0.043980117928798634
UltraX-FineWeb:202,FineWeb,4,3,2,1,1,0,0,,0.7587153846153853
UltraX-FineWeb:203,FineWeb,14,0,0,0,0,0,0,,
UltraX-FineWeb:204,FineWeb,6,1,1,1,1,0,0,,-0.8167067431850796
UltraX-FineWeb:205,FineWeb,12,0,0,0,0,0,0,,
UltraX-FineWeb:206,FineWeb,13,1,1,1,1,0,0,,0.1163822380335251
UltraX-FineWeb:207,FineWeb,13,2,2,1,1,0,0,,0.2207363753817253
UltraX-FineWeb:208,FineWeb,2,0,0,0,0,0,0,,
UltraX-FineWeb:209,FineWeb,30,0,0,1,0,0,0,,
UltraX-FineWeb:210,FineWeb,40,0,0,0,0,0,0,,
UltraX-FineWeb:211,FineWeb,1,0,0,0,0,0,0,,
UltraX-FineWeb:212,FineWeb,20,0,0,0,0,0,0,,
UltraX-FineWeb:213,FineWeb,5,1,1,1,1,0,0,,-1.2240715579710137
UltraX-FineWeb:214,FineWeb,11,1,1,1,1,0,0,,-0.04391318201239702
UltraX-FineWeb:215,FineWeb,3,1,1,1,1,0,0,,0.2364920634920642
UltraX-FineWeb:216,FineWeb,25,8,8,1,2,0,0,,-0.38119632845532614
UltraX-FineWeb:217,FineWeb,3,0,0,0,0,0,0,,
UltraX-FineWeb:218,FineWeb,2,0,0,0,0,0,0,,
UltraX-FineWeb:219,FineWeb,14,1,1,1,1,0,0,,-0.02906825254163614
UltraX-FineWeb:220,FineWeb,4,3,3,1,1,0,0,,-0.33010989010989
UltraX-FineWeb:221,FineWeb,4,0,0,1,0,0,0,,
UltraX-FineWeb:222,FineWeb,3,1,1,1,1,0,0,,-1.2238790849673205
UltraX-FineWeb:223,FineWeb,1,0,0,0,0,0,0,,
UltraX-FineWeb:224,FineWeb,16,0,0,0,0,0,0,,
UltraX-FineWeb:225,FineWeb,5,1,1,1,1,0,0,,-0.05931726338177867
UltraX-FineWeb:226,FineWeb,2,0,0,0,0,0,0,,
UltraX-FineWeb:227,FineWeb,5,0,0,1,0,0,0,,
UltraX-FineWeb:228,FineWeb,1,0,0,0,0,0,0,,
UltraX-FineWeb:229,FineWeb,15,1,1,1,1,0,0,,0.08882952502281327
UltraX-FineWeb:230,FineWeb,5,0,0,0,0,0,0,,
UltraX-FineWeb:231,FineWeb,49,7,7,1,1,0,0,,0.9360993772224706
UltraX-FineWeb:232,FineWeb,19,1,1,1,1,0,0,,-1.2128806306930722
UltraX-FineWeb:233,FineWeb,9,2,2,1,1,0,0,,-0.16108148517622034
UltraX-FineWeb:234,FineWeb,22,4,4,0,2,0,0,,0.5188074608979774
UltraX-FineWeb:235,FineWeb,5,0,0,2,0,0,0,,
UltraX-FineWeb:236,FineWeb,11,4,4,1,1,0,0,,-0.22054506982400035
UltraX-FineWeb:237,FineWeb,2,0,0,0,0,0,0,,
UltraX-FineWeb:238,FineWeb,14,1,1,1,1,0,0,,0.7136675631217644
UltraX-FineWeb:239,FineWeb,77,5,5,1,3,0,0,,-0.2616056027994542
UltraX-FineWeb:240,FineWeb,51,1,1,1,1,0,0,,0.34106875852147045
UltraX-FineWeb:241,FineWeb,15,0,0,0,0,0,0,,
UltraX-FineWeb:242,FineWeb,7,0,0,0,0,0,0,,
UltraX-FineWeb:243,FineWeb,19,0,0,0,0,0,0,,
UltraX-FineWeb:244,FineWeb,43,0,0,0,0,0,0,,
UltraX-FineWeb:245,FineWeb,6,0,0,0,0,0,0,,
UltraX-FineWeb:246,FineWeb,5,0,0,1,0,0,0,,
UltraX-FineWeb:247,FineWeb,3,1,1,1,1,0,0,,0.6876339285714286
UltraX-FineWeb:248,FineWeb,4,4,3,1,2,0,0,,-0.07995555555555534
UltraX-FineWeb:249,FineWeb,8,0,0,0,0,0,0,,
UltraX-FineWeb:250,FineWeb,7,0,0,0,0,0,0,,
UltraX-FineWeb:251,FineWeb,40,1,1,1,1,0,0,,0.5925290896143265
UltraX-FineWeb:252,FineWeb,31,4,4,0,4,0,0,,-1.0811728842869437
UltraX-FineWeb:253,FineWeb,14,1,1,0,1,0,0,,-0.4355694927544338
UltraX-FineWeb:254,FineWeb,22,4,2,1,4,0,0,,-0.12306504294734744
UltraX-FineWeb:255,FineWeb,8,0,0,0,0,0,0,,
UltraX-FineWeb:256,FineWeb,19,0,0,0,0,0,0,,
UltraX-FineWeb:257,FineWeb,10,2,2,1,2,0,0,,0.2942767857142856
UltraX-FineWeb:258,FineWeb,64,1,1,0,1,0,0,,0.6703880924140568
UltraX-FineWeb:259,FineWeb,4,3,3,1,1,0,0,,0.5600718065003774
UltraX-FineWeb:260,FineWeb,3,0,0,0,0,0,0,,
UltraX-FineWeb:261,FineWeb,21,8,8,1,1,0,0,,0.5918538202491757
UltraX-FineWeb:262,FineWeb,5,2,2,1,1,0,0,,0.39989710640236975
UltraX-FineWeb:263,FineWeb,5,0,0,0,0,0,0,,
UltraX-FineWeb:264,FineWeb,10,0,0,0,0,0,0,,
UltraX-FineWeb:265,FineWeb,10,1,1,1,1,0,0,,0.022340221946392624
UltraX-FineWeb:266,FineWeb,14,0,0,0,0,0,0,,
UltraX-FineWeb:267,FineWeb,16,0,0,0,0,0,0,,
UltraX-FineWeb:268,FineWeb,10,3,2,1,1,0,0,,-0.2089016003865236
UltraX-FineWeb:269,FineWeb,2,1,1,1,1,0,0,,0.4160638297872339
UltraX-FineWeb:270,FineWeb,10,1,1,0,1,0,0,,0.8200335135294807
UltraX-FineWeb:271,FineWeb,4,0,0,0,0,0,0,,
UltraX-FineWeb:272,FineWeb,11,2,2,2,2,0,0,,-0.13209354300869336
UltraX-FineWeb:273,FineWeb,1,0,0,0,0,0,0,,
UltraX-FineWeb:274,FineWeb,14,0,0,0,0,0,0,,
UltraX-FineWeb:275,FineWeb,10,2,2,0,1,0,0,,-0.47721663602098374
UltraX-FineWeb:276,FineWeb,13,2,2,1,2,0,0,,-1.4030409466980895
UltraX-FineWeb:277,FineWeb,3,1,1,1,1,0,0,,-0.31224171539961
UltraX-FineWeb:278,FineWeb,11,0,0,1,0,0,0,,
UltraX-FineWeb:279,FineWeb,5,0,0,3,0,0,0,,
UltraX-FineWeb:280,FineWeb,8,0,0,0,0,0,0,,
UltraX-FineWeb:281,FineWeb,58,2,2,1,2,0,0,,-0.2539418867812939
UltraX-FineWeb:282,FineWeb,7,1,1,1,1,0,0,,0.4232517904800508
UltraX-FineWeb:283,FineWeb,11,3,3,1,1,0,0,,0.9426818941927628
UltraX-FineWeb:284,FineWeb,13,1,1,1,1,0,0,,-1.282948853599713
UltraX-FineWeb:285,FineWeb,4,4,2,1,1,0,0,,-0.013928743961352907
UltraX-FineWeb:286,FineWeb,69,6,6,0,5,0,0,,-1.3134538785873202
UltraX-FineWeb:287,FineWeb,7,0,0,1,0,0,0,,
UltraX-FineWeb:288,FineWeb,2,0,0,0,0,0,0,,
UltraX-FineWeb:289,FineWeb,3,0,0,0,0,0,0,,
UltraX-FineWeb:290,FineWeb,36,2,2,0,1,0,0,,-0.6987656395891699
UltraX-FineWeb:291,FineWeb,3,1,1,0,1,0,0,,-0.5839549549549545
UltraX-FineWeb:292,FineWeb,9,0,0,1,0,0,0,,
UltraX-FineWeb:293,FineWeb,16,3,3,1,1,0,0,,-1.1525366937458585
UltraX-FineWeb:294,FineWeb,9,3,3,0,1,0,0,,-0.708055307145381
UltraX-FineWeb:295,FineWeb,4,2,2,0,1,0,0,,-0.07492032967032891
UltraX-FineWeb:296,FineWeb,3,0,0,0,0,0,0,,
UltraX-FineWeb:297,FineWeb,5,0,0,0,0,0,0,,
UltraX-FineWeb:298,FineWeb,10,0,0,0,0,0,0,,
UltraX-FineWeb:299,FineWeb,8,4,4,0,1,0,0,,1.0429600225225233
UltraX-FineWeb:300,FineWeb,14,0,0,0,0,0,0,,
UltraX-FineWeb:301,FineWeb,11,0,0,0,0,0,0,,
UltraX-FineWeb:302,FineWeb,21,0,1,5,0,0,0,,0.9264195091007705
UltraX-FineWeb:303,FineWeb,8,0,0,0,0,0,0,,
UltraX-FineWeb:304,FineWeb,6,0,0,1,0,0,0,,
UltraX-FineWeb:305,FineWeb,5,1,1,1,1,0,0,,0.502636409865242
UltraX-FineWeb:306,FineWeb,23,0,0,0,0,0,0,,
UltraX-FineWeb:307,FineWeb,26,0,0,0,0,0,0,,
UltraX-FineWeb:308,FineWeb,7,0,0,0,0,0,0,,
UltraX-FineWeb:309,FineWeb,5,0,0,0,0,0,0,,
UltraX-FineWeb:310,FineWeb,6,1,1,1,1,0,0,,-0.3640565184952491
UltraX-FineWeb:311,FineWeb,2,0,0,0,0,0,0,,
UltraX-FineWeb:312,FineWeb,4,0,0,0,0,0,0,,
UltraX-FineWeb:313,FineWeb,39,5,5,1,3,0,0,,0.44743961688837874
UltraX-FineWeb:314,FineWeb,6,0,0,0,0,0,0,,
UltraX-FineWeb:315,FineWeb,4,1,1,1,1,0,0,,-0.367733533296569
UltraX-FineWeb:316,FineWeb,13,1,1,0,1,0,0,,0.24168340026773727
UltraX-FineWeb:317,FineWeb,8,0,0,0,0,0,0,,
UltraX-FineWeb:318,FineWeb,7,2,2,0,1,0,0,,-0.5105986842105263
UltraX-FineWeb:319,FineWeb,17,1,1,1,1,0,0,,-1.1838895187577334
UltraX-FineWeb:320,FineWeb,6,1,1,1,1,0,0,,0.5619957264957263
UltraX-FineWeb:321,FineWeb,6,4,4,0,2,0,0,,-0.9758283730158732
UltraX-FineWeb:322,FineWeb,7,1,1,0,1,0,0,,-1.3907553226500595
UltraX-FineWeb:323,FineWeb,11,0,0,0,0,0,0,,
UltraX-FineWeb:324,FineWeb,6,1,1,1,1,0,0,,0.7012326330532206
UltraX-FineWeb:325,FineWeb,5,0,0,0,0,0,0,,
UltraX-FineWeb:326,FineWeb,16,5,5,1,2,0,0,,0.710304901888235
UltraX-FineWeb:327,FineWeb,14,0,0,0,0,0,0,,
UltraX-FineWeb:328,FineWeb,1,0,0,1,0,0,0,,
UltraX-FineWeb:329,FineWeb,10,2,2,1,1,0,0,,0.4314720667157017
UltraX-FineWeb:330,FineWeb,21,0,0,0,0,0,0,,
UltraX-FineWeb:331,FineWeb,45,0,0,0,0,0,0,,
UltraX-FineWeb:332,FineWeb,9,0,0,0,0,0,0,,
UltraX-FineWeb:333,FineWeb,17,1,1,1,1,0,0,,-0.20681932427705352
UltraX-FineWeb:334,FineWeb,5,0,0,0,0,0,0,,
UltraX-FineWeb:335,FineWeb,28,3,3,1,1,0,0,,-0.3268521661738184
UltraX-FineWeb:336,FineWeb,12,5,5,1,1,0,0,,-0.10523423124038889
UltraX-FineWeb:337,FineWeb,2,0,0,0,0,0,0,,
UltraX-FineWeb:338,FineWeb,4,1,1,1,1,0,0,,0.13576492483920877
UltraX-FineWeb:339,FineWeb,12,0,0,0,0,0,0,,
UltraX-FineWeb:340,FineWeb,16,1,1,1,1,0,0,,0.37241957730935304
UltraX-FineWeb:341,FineWeb,26,2,2,1,1,0,0,,0.18063072223610632
UltraX-FineWeb:342,FineWeb,16,4,4,0,1,0,0,,-0.20172205296065648
UltraX-FineWeb:343,FineWeb,10,1,1,1,1,0,0,,-0.18740678445650083
UltraX-FineWeb:344,FineWeb,10,2,2,1,1,0,0,,-0.9683424729511989
UltraX-FineWeb:345,FineWeb,9,1,1,1,1,0,0,,0.14951665314792706
UltraX-FineWeb:346,FineWeb,33,1,1,0,1,0,0,,-0.45385775545100593
UltraX-FineWeb:347,FineWeb,38,10,10,0,2,0,0,,-0.3446865121804876
UltraX-FineWeb:348,FineWeb,4,1,1,0,1,0,0,,0.5610472972972973
UltraX-FineWeb:349,FineWeb,6,0,0,0,0,0,0,,
UltraX-FineWeb:350,FineWeb,6,0,0,1,0,0,0,,
UltraX-FineWeb:351,FineWeb,5,0,0,1,0,0,0,,
UltraX-FineWeb:352,FineWeb,3,1,1,1,1,0,0,,0.0421219512195119
UltraX-FineWeb:353,FineWeb,3,1,1,1,1,0,0,,-1.399519230769231
UltraX-FineWeb:354,FineWeb,26,1,1,1,1,0,0,,-2.396182231529675
UltraX-FineWeb:355,FineWeb,21,1,1,1,1,0,0,,0.09071328960398972
UltraX-FineWeb:356,FineWeb,26,2,2,3,2,0,0,,-0.6056033573062534
UltraX-FineWeb:357,FineWeb,2,0,0,0,0,0,0,,
UltraX-FineWeb:358,FineWeb,2,0,0,0,0,0,0,,
UltraX-FineWeb:359,FineWeb,2,1,1,1,1,0,0,,-0.3962182539682546
UltraX-FineWeb:360,FineWeb,6,2,2,0,1,0,0,,0.08238164481309784
UltraX-FineWeb:361,FineWeb,36,0,0,0,0,0,0,,
UltraX-FineWeb:362,FineWeb,47,1,1,1,1,0,0,,0.3433506879555672
UltraX-FineWeb:363,FineWeb,5,2,2,0,2,0,0,,-0.09110902255639086
UltraX-FineWeb:364,FineWeb,7,3,3,1,2,0,0,,0.1801901260504195
UltraX-FineWeb:365,FineWeb,8,1,1,1,1,0,0,,0.39325057963965904
UltraX-FineWeb:366,FineWeb,27,1,1,1,1,0,0,,0.7228013899375476
UltraX-FineWeb:367,FineWeb,8,0,0,1,0,0,0,,
UltraX-FineWeb:368,FineWeb,3,2,1,1,2,0,0,,-0.6492242324561399
UltraX-FineWeb:369,FineWeb,17,4,3,0,4,0,0,,-0.932437363149325
UltraX-FineWeb:370,FineWeb,15,0,0,0,0,0,0,,
UltraX-FineWeb:371,FineWeb,7,0,0,0,0,0,0,,
UltraX-FineWeb:372,FineWeb,7,2,2,1,1,0,0,,-1.1173382084582082
UltraX-FineWeb:373,FineWeb,7,0,0,0,0,0,0,,
UltraX-FineWeb:374,FineWeb,6,3,3,0,1,0,0,,-0.09725589931450784
UltraX-FineWeb:375,FineWeb,33,7,0,1,2,0,0,,
UltraX-FineWeb:376,FineWeb,1,0,0,1,0,0,1,,
UltraX-FineWeb:377,FineWeb,6,1,1,1,1,0,0,,-0.6925497148126452
UltraX-FineWeb:378,FineWeb,10,3,3,0,1,0,0,,-1.2477907252444078
UltraX-FineWeb:379,FineWeb,10,0,0,2,0,0,0,,
UltraX-FineWeb:380,FineWeb,17,2,2,1,1,0,0,,1.343983671299461
UltraX-FineWeb:381,FineWeb,14,8,8,1,1,0,0,,0.534192908106971
UltraX-FineWeb:382,FineWeb,22,10,9,0,3,0,0,,0.1285516494999257
UltraX-FineWeb:383,FineWeb,14,2,2,0,2,0,0,,-0.09440769263649695
UltraX-FineWeb:384,FineWeb,10,0,0,0,0,0,0,,
UltraX-FineWeb:385,FineWeb,24,3,2,1,2,0,0,,-0.0999326975015471
UltraX-FineWeb:386,FineWeb,7,1,1,1,1,0,0,,-0.394744188051968
UltraX-FineWeb:387,FineWeb,46,0,0,0,0,0,0,,
UltraX-FineWeb:388,FineWeb,8,2,1,1,1,0,0,,-0.9158386995005081
UltraX-FineWeb:389,FineWeb,7,2,2,1,1,0,0,,-0.8327781914893624
UltraX-FineWeb:390,FineWeb,2,0,0,0,0,0,0,,
UltraX-FineWeb:391,FineWeb,20,5,5,1,2,0,0,,1.3433753178194356
UltraX-FineWeb:392,FineWeb,5,1,1,0,1,0,0,,-0.21064617673992636
UltraX-FineWeb:393,FineWeb,2,1,1,0,1,0,0,,-1.047428571428572
UltraX-FineWeb:394,FineWeb,5,2,2,1,1,0,0,,-0.08953174603174574
UltraX-FineWeb:395,FineWeb,2,0,0,0,0,0,0,,
UltraX-FineWeb:396,FineWeb,7,1,1,1,1,0,0,,0.30010576923076915
UltraX-FineWeb:397,FineWeb,55,5,5,5,4,0,0,,0.229679233302714
UltraX-FineWeb:398,FineWeb,2,0,0,1,0,0,0,,
UltraX-FineWeb:399,FineWeb,18,5,5,1,1,0,0,,0.024606952628691836
UltraX-FineWeb:400,FineWeb,13,0,0,0,0,0,0,,
UltraX-FineWeb:401,FineWeb,11,0,0,0,0,0,0,,
UltraX-FineWeb:402,FineWeb,23,0,0,0,0,0,0,,
UltraX-FineWeb:403,FineWeb,41,8,7,1,2,0,0,,0.691728296438197
UltraX-FineWeb:404,FineWeb,5,1,1,1,1,0,0,,-0.04898359319402257
UltraX-FineWeb:405,FineWeb,48,34,30,1,2,0,0,,-0.8789827756606856
UltraX-FineWeb:406,FineWeb,9,1,1,1,1,0,0,,-0.9671709383836973
UltraX-FineWeb:407,FineWeb,5,0,0,0,0,0,0,,
UltraX-FineWeb:408,FineWeb,4,0,0,0,0,0,0,,
UltraX-FineWeb:409,FineWeb,30,27,26,1,2,0,0,,-0.2019047419364588
UltraX-FineWeb:410,FineWeb,121,11,7,1,1,0,0,,0.40551515361797996
UltraX-FineWeb:411,FineWeb,8,1,1,1,1,0,0,,-0.2068248398774708
UltraX-FineWeb:412,FineWeb,5,1,1,1,1,0,0,,-1.0286299780032175
UltraX-FineWeb:413,FineWeb,37,1,1,0,1,0,0,,0.6430078878497625
UltraX-FineWeb:414,FineWeb,5,1,1,2,1,0,0,,-0.29249633699633737
UltraX-FineWeb:415,FineWeb,3,0,0,1,0,0,0,,
UltraX-FineWeb:416,FineWeb,10,4,0,1,1,0,0,,
UltraX-FineWeb:417,FineWeb,36,0,0,0,0,0,0,,
UltraX-FineWeb:418,FineWeb,3,1,1,1,1,0,0,,0.29170329670329753
UltraX-FineWeb:419,FineWeb,3,0,0,0,0,0,0,,
UltraX-FineWeb:420,FineWeb,5,0,0,0,0,0,0,,
UltraX-FineWeb:421,FineWeb,2,0,0,0,0,0,0,,
UltraX-FineWeb:422,FineWeb,11,1,1,1,1,0,0,,-0.3493018089946984
UltraX-FineWeb:423,FineWeb,9,0,0,0,0,0,0,,
UltraX-FineWeb:424,FineWeb,10,1,1,1,1,0,0,,0.19029653557633175
UltraX-FineWeb:425,FineWeb,3,0,0,0,0,0,0,,
UltraX-FineWeb:426,FineWeb,22,10,8,1,2,0,0,,0.22779835032585538
UltraX-FineWeb:427,FineWeb,5,4,4,1,2,0,0,,0.6258180286694435
UltraX-FineWeb:428,FineWeb,17,0,0,0,0,0,0,,
UltraX-FineWeb:429,FineWeb,5,0,0,0,0,0,0,,
UltraX-FineWeb:430,FineWeb,14,1,1,1,1,0,0,,-0.4100232534338639
UltraX-FineWeb:431,FineWeb,19,2,2,1,2,0,0,,-0.14515113388800582
UltraX-FineWeb:432,FineWeb,4,0,0,0,0,0,0,,
UltraX-FineWeb:433,FineWeb,3,0,0,0,0,0,0,,
UltraX-FineWeb:434,FineWeb,13,6,6,1,1,0,0,,0.14346495048016372
UltraX-FineWeb:435,FineWeb,4,1,1,0,1,0,0,,0.3531993911719944
UltraX-FineWeb:436,FineWeb,6,0,0,0,0,0,0,,
UltraX-FineWeb:437,FineWeb,5,0,0,1,0,0,0,,
UltraX-FineWeb:438,FineWeb,10,0,0,0,0,0,0,,
UltraX-FineWeb:439,FineWeb,7,1,1,1,1,0,0,,-0.06490695189823104
UltraX-FineWeb:440,FineWeb,46,1,1,1,1,0,0,,-0.005671351031810268
UltraX-FineWeb:441,FineWeb,5,0,0,0,0,0,0,,
UltraX-FineWeb:442,FineWeb,15,0,0,0,0,0,0,,
UltraX-FineWeb:443,FineWeb,8,2,2,1,2,0,0,,0.17894349747474614
UltraX-FineWeb:444,FineWeb,4,1,1,1,1,0,0,,0.21866585612968592
UltraX-FineWeb:445,FineWeb,15,0,0,0,0,0,0,,
UltraX-FineWeb:446,FineWeb,4,1,1,1,1,0,0,,-1.614631507775524
UltraX-FineWeb:447,FineWeb,5,1,1,0,1,0,0,,-0.16005555555555606
UltraX-FineWeb:448,FineWeb,6,1,1,1,1,0,0,,0.1739758708239716
UltraX-FineWeb:449,FineWeb,5,0,0,0,0,0,0,,
UltraX-FineWeb:450,FineWeb,4,0,0,1,0,0,0,,
UltraX-FineWeb:451,FineWeb,20,0,0,1,0,0,0,,
UltraX-FineWeb:452,FineWeb,35,5,5,1,1,0,0,,-0.22175982940009398
UltraX-FineWeb:453,FineWeb,7,3,3,0,2,0,0,,-0.004965106257039054
UltraX-FineWeb:454,FineWeb,11,5,5,1,2,0,0,,-0.16159764304481072
UltraX-FineWeb:455,FineWeb,18,1,1,1,1,0,0,,-0.04387888358950587
UltraX-FineWeb:456,FineWeb,40,2,2,1,1,0,0,,0.4227186340419449
UltraX-FineWeb:457,FineWeb,10,0,0,0,0,0,0,,
UltraX-FineWeb:458,FineWeb,6,0,0,1,0,0,0,,
UltraX-FineWeb:459,FineWeb,4,0,0,0,0,0,0,,
UltraX-FineWeb:460,FineWeb,10,1,1,1,1,0,0,,-0.17866079389020584
UltraX-FineWeb:461,FineWeb,7,1,1,1,1,0,0,,0.3271846764346762
UltraX-FineWeb:462,FineWeb,8,1,1,0,1,0,0,,-0.20639140888239282
UltraX-FineWeb:463,FineWeb,3,2,2,1,2,0,0,,-0.27519444444444474
UltraX-FineWeb:464,FineWeb,13,2,2,1,2,0,0,,-0.4278153296606133
UltraX-FineWeb:465,FineWeb,17,1,1,1,1,0,0,,1.182803778139923
UltraX-FineWeb:466,FineWeb,29,3,2,0,3,0,0,,-1.0535737410737407
UltraX-FineWeb:467,FineWeb,133,16,18,2,13,0,0,,-0.33327294806164964
UltraX-FineWeb:468,FineWeb,21,0,0,0,0,0,0,,
UltraX-FineWeb:469,FineWeb,28,2,2,1,1,0,0,,-0.06369435382815958
UltraX-FineWeb:470,FineWeb,17,13,13,1,1,0,0,,0.6767532873109801
UltraX-FineWeb:471,FineWeb,5,2,2,1,1,0,0,,-0.1354864672364675
UltraX-FineWeb:472,FineWeb,17,1,1,0,1,0,0,,0.290788068387938
UltraX-FineWeb:473,FineWeb,9,8,7,1,1,0,0,,-0.6442554259799156
UltraX-FineWeb:474,FineWeb,35,2,1,1,1,0,0,,0.44387703511647203
UltraX-FineWeb:475,FineWeb,3,0,0,1,0,0,0,,
UltraX-FineWeb:476,FineWeb,2,0,0,0,0,0,0,,
UltraX-FineWeb:477,FineWeb,9,0,0,0,0,0,0,,
UltraX-FineWeb:478,FineWeb,6,1,1,1,1,0,0,,-0.10667165976061277
UltraX-FineWeb:479,FineWeb,11,1,1,1,1,0,0,,-0.6472930940046986
UltraX-FineWeb:480,FineWeb,14,0,0,0,0,0,0,,
UltraX-FineWeb:481,FineWeb,2,0,0,1,0,0,0,,
UltraX-FineWeb:482,FineWeb,21,0,0,0,0,0,0,,
UltraX-FineWeb:483,FineWeb,2,0,0,0,0,0,0,,
UltraX-FineWeb:484,FineWeb,101,0,0,6,0,0,0,,
UltraX-FineWeb:485,FineWeb,7,5,5,1,1,0,0,,0.5814958761528324
UltraX-FineWeb:486,FineWeb,9,1,2,2,1,0,0,,-0.6488531731426468
UltraX-FineWeb:487,FineWeb,3,0,0,0,0,0,0,,
UltraX-FineWeb:488,FineWeb,9,1,1,0,1,0,0,,-0.026499170971483466
UltraX-FineWeb:489,FineWeb,5,2,2,1,1,0,0,,0.8432998885172793
UltraX-FineWeb:490,FineWeb,7,1,1,0,1,0,0,,-0.45061510159816276
UltraX-FineWeb:491,FineWeb,19,2,2,1,1,0,0,,-1.000270724012589
UltraX-FineWeb:492,FineWeb,5,2,2,1,1,0,0,,0.37438492063492124
UltraX-FineWeb:493,FineWeb,6,5,4,1,1,0,0,,-1.2213859649122814
UltraX-FineWeb:494,FineWeb,49,1,1,0,1,0,0,,-0.5643880819019751
UltraX-FineWeb:495,FineWeb,3,0,0,1,0,0,0,,
UltraX-FineWeb:496,FineWeb,10,0,0,0,0,0,0,,
UltraX-FineWeb:497,FineWeb,10,1,1,2,1,0,0,,-1.5260284078382043
UltraX-FineWeb:498,FineWeb,15,2,2,1,2,0,0,,0.13343909535516651
UltraX-FineWeb:499,FineWeb,13,0,0,0,0,0,0,,
UltraX-FineWeb:500,FineWeb,20,0,0,0,0,0,0,,
UltraX-FineWeb:501,FineWeb,26,0,0,10,0,0,0,,
UltraX-FineWeb:502,FineWeb,5,0,0,4,0,0,0,,
UltraX-FineWeb:503,FineWeb,3,0,0,0,0,0,0,,
UltraX-FineWeb:504,FineWeb,1,0,0,0,0,0,0,,
UltraX-FineWeb:505,FineWeb,5,0,0,0,0,0,0,,
UltraX-FineWeb:506,FineWeb,4,0,0,1,0,0,0,,
UltraX-FineWeb:507,FineWeb,2,0,0,0,0,0,0,,
UltraX-FineWeb:508,FineWeb,7,0,0,0,0,0,0,,
UltraX-FineWeb:509,FineWeb,5,1,1,1,1,0,0,,1.0072777777777784
UltraX-FineWeb:510,FineWeb,65,1,1,1,1,0,0,,0.2869655169386194
UltraX-FineWeb:511,FineWeb,5,0,0,0,0,0,0,,
UltraX-FineWeb:512,FineWeb,23,1,1,1,1,0,0,,0.5982460145538422
UltraX-FineWeb:513,FineWeb,16,3,3,1,1,0,0,,-0.44209986959708036
UltraX-FineWeb:514,FineWeb,17,1,1,0,1,0,0,,-1.0042740044261516
UltraX-FineWeb:515,FineWeb,11,0,0,2,0,0,0,,
UltraX-FineWeb:516,FineWeb,12,0,0,1,0,0,0,,
UltraX-FineWeb:517,FineWeb,4,1,1,1,1,0,0,,0.16560398860398884
UltraX-FineWeb:518,FineWeb,16,0,0,0,0,0,0,,
UltraX-FineWeb:519,FineWeb,3,2,2,1,1,0,0,,-1.0963405088062625
UltraX-FineWeb:520,FineWeb,19,0,0,0,0,0,0,,
UltraX-FineWeb:521,FineWeb,8,0,0,0,0,0,0,,
UltraX-FineWeb:522,FineWeb,8,1,1,0,1,0,0,,0.275929600427923
UltraX-FineWeb:523,FineWeb,8,4,4,1,2,0,0,,0.25698556121012306
UltraX-FineWeb:524,FineWeb,6,1,1,0,1,0,0,,1.204289170171129
UltraX-FineWeb:525,FineWeb,12,0,0,0,0,0,0,,
UltraX-FineWeb:526,FineWeb,4,0,0,0,0,0,0,,
UltraX-FineWeb:527,FineWeb,5,0,0,0,0,0,0,,
UltraX-FineWeb:528,FineWeb,10,0,0,0,0,0,0,,
UltraX-FineWeb:529,FineWeb,22,0,0,0,0,0,0,,
UltraX-FineWeb:530,FineWeb,3,0,0,0,0,0,0,,
UltraX-FineWeb:531,FineWeb,17,0,0,0,0,0,0,,
UltraX-FineWeb:532,FineWeb,3,0,0,0,0,0,0,,
UltraX-FineWeb:533,FineWeb,4,2,2,0,1,0,0,,1.2225048742138362
UltraX-FineWeb:534,FineWeb,11,1,1,0,1,0,0,,0.2909280112527375
UltraX-FineWeb:535,FineWeb,11,3,3,1,1,0,0,,0.19925296482628152
UltraX-FineWeb:536,FineWeb,13,1,1,1,1,0,0,,0.1637285954785952
UltraX-FineWeb:537,FineWeb,21,0,0,0,0,0,0,,
UltraX-FineWeb:538,FineWeb,12,0,1,7,0,0,0,,0.07784782419507685
UltraX-FineWeb:539,FineWeb,3,1,1,0,1,0,0,,-0.06254331508550148
UltraX-FineWeb:540,FineWeb,27,1,1,1,1,0,0,,-1.2075423424823741
UltraX-FineWeb:541,FineWeb,21,1,1,0,1,0,0,,0.43376758639123913
UltraX-FineWeb:542,FineWeb,3,0,0,0,0,0,0,,
UltraX-FineWeb:543,FineWeb,4,0,0,0,0,0,0,,
UltraX-FineWeb:544,FineWeb,13,0,0,4,0,0,0,,
UltraX-FineWeb:545,FineWeb,13,0,0,0,0,0,0,,
UltraX-FineWeb:546,FineWeb,11,0,0,1,0,0,0,,
UltraX-FineWeb:547,FineWeb,14,1,1,1,1,0,0,,0.4788610833610836
UltraX-FineWeb:548,FineWeb,20,0,0,1,0,0,0,,
UltraX-FineWeb:549,FineWeb,16,3,3,1,1,0,0,,-0.8408431704990171
UltraX-FineWeb:550,FineWeb,5,2,2,0,2,0,0,,-0.15824543836226024
UltraX-FineWeb:551,FineWeb,10,1,1,3,1,0,0,,0.32745953102887615
UltraX-FineWeb:552,FineWeb,51,2,2,1,1,0,0,,-0.4542515909121896
UltraX-FineWeb:553,FineWeb,6,0,0,0,0,0,0,,
UltraX-FineWeb:554,FineWeb,20,0,0,1,0,0,0,,
UltraX-FineWeb:555,FineWeb,5,0,0,0,0,0,0,,
UltraX-FineWeb:556,FineWeb,3,2,2,1,1,0,0,,-0.02451724137931066
UltraX-FineWeb:557,FineWeb,22,5,5,1,1,0,0,,-0.11234041492844327
UltraX-FineWeb:558,FineWeb,7,0,0,1,0,0,0,,
UltraX-FineWeb:559,FineWeb,4,0,0,0,0,0,0,,
UltraX-FineWeb:560,FineWeb,7,0,0,0,0,0,0,,
UltraX-FineWeb:561,FineWeb,7,0,0,0,0,0,0,,
UltraX-FineWeb:562,FineWeb,13,2,2,1,1,0,0,,0.25744456073505084
UltraX-FineWeb:563,FineWeb,10,0,0,0,0,0,0,,
UltraX-FineWeb:564,FineWeb,5,0,0,1,0,0,0,,
UltraX-FineWeb:565,FineWeb,12,0,0,0,0,0,0,,
UltraX-FineWeb:566,FineWeb,5,2,2,1,1,0,0,,-0.36248196502783614
UltraX-FineWeb:567,FineWeb,44,3,1,1,2,0,0,,-0.3617452103464114
UltraX-FineWeb:568,FineWeb,24,2,2,1,1,0,0,,0.15229908049105578
UltraX-FineWeb:569,FineWeb,3,2,1,1,1,0,0,,0.3298030303030304
UltraX-FineWeb:570,FineWeb,18,0,0,0,0,0,0,,
UltraX-FineWeb:571,FineWeb,20,1,0,1,1,0,1,,
UltraX-FineWeb:572,FineWeb,22,0,0,1,0,0,0,,
UltraX-FineWeb:573,FineWeb,15,0,0,3,0,0,0,,
UltraX-FineWeb:574,FineWeb,2,1,1,1,1,0,0,,-1.2772506166465893
UltraX-FineWeb:575,FineWeb,7,0,0,1,0,0,0,,
UltraX-FineWeb:576,FineWeb,22,5,4,0,3,0,0,,-0.3961613653299292
UltraX-FineWeb:577,FineWeb,11,2,2,1,1,0,0,,0.08458841846856036
UltraX-FineWeb:578,FineWeb,8,2,1,1,2,0,1,,-0.1904272108843541
UltraX-FineWeb:579,FineWeb,4,0,0,1,0,0,0,,
UltraX-FineWeb:580,FineWeb,4,0,0,4,0,0,0,,
UltraX-FineWeb:581,FineWeb,9,0,0,0,0,0,0,,
UltraX-FineWeb:582,FineWeb,15,0,0,0,0,0,0,,
UltraX-FineWeb:583,FineWeb,7,0,0,2,0,0,0,,
UltraX-FineWeb:584,FineWeb,4,0,0,0,0,0,0,,
UltraX-FineWeb:585,FineWeb,7,1,1,1,1,0,0,,-0.09827757436330309
UltraX-FineWeb:586,FineWeb,5,1,1,1,1,0,0,,0.3382618534587545
UltraX-FineWeb:587,FineWeb,4,0,0,0,0,0,0,,
UltraX-FineWeb:588,FineWeb,5,0,0,0,0,0,0,,
UltraX-FineWeb:589,FineWeb,17,0,0,0,0,0,0,,
UltraX-FineWeb:590,FineWeb,20,0,0,0,0,0,0,,
UltraX-FineWeb:591,FineWeb,4,0,1,1,0,0,0,,-0.18518530326186688
UltraX-FineWeb:592,FineWeb,28,0,0,0,0,0,0,,
UltraX-FineWeb:593,FineWeb,5,0,0,0,0,0,0,,
UltraX-FineWeb:594,FineWeb,11,0,0,0,0,0,0,,
UltraX-FineWeb:595,FineWeb,20,0,0,1,0,0,0,,
UltraX-FineWeb:596,FineWeb,6,1,1,1,1,0,0,,-0.10536202029228114
UltraX-FineWeb:597,FineWeb,8,0,0,0,0,0,0,,
UltraX-FineWeb:598,FineWeb,20,1,1,1,1,0,0,,0.2522659128510032
UltraX-FineWeb:599,FineWeb,54,0,0,0,0,0,0,,
UltraX-FineWeb:600,FineWeb,9,1,1,1,1,0,0,,0.17898756942610117
UltraX-FineWeb:601,FineWeb,126,0,0,0,0,0,0,,
UltraX-FineWeb:602,FineWeb,5,0,0,0,0,0,0,,
UltraX-FineWeb:603,FineWeb,6,0,0,0,0,0,0,,
UltraX-FineWeb:604,FineWeb,5,2,2,1,1,0,0,,0.8369319503939927
UltraX-FineWeb:605,FineWeb,12,1,1,1,1,0,0,,0.48626451253424996
UltraX-FineWeb:606,FineWeb,3,0,0,0,0,0,0,,
UltraX-FineWeb:607,FineWeb,11,2,2,0,1,0,0,,-0.7771035353535343
UltraX-FineWeb:608,FineWeb,43,6,6,3,4,0,0,,-0.03872099413155716
UltraX-FineWeb:609,FineWeb,9,4,4,1,2,0,0,,0.7758690476190475
UltraX-FineWeb:610,FineWeb,5,1,1,0,1,0,0,,-0.398763300191872
UltraX-FineWeb:611,FineWeb,7,0,0,0,0,0,0,,
UltraX-FineWeb:612,FineWeb,4,0,0,1,0,0,0,,
UltraX-FineWeb:613,FineWeb,45,23,22,1,1,0,0,,-2.1703184337673433
UltraX-FineWeb:614,FineWeb,44,1,1,0,1,0,0,,-0.10373312076391183
UltraX-FineWeb:615,FineWeb,26,0,0,0,0,0,0,,
UltraX-FineWeb:616,FineWeb,20,5,3,0,2,0,0,,-0.8012604121656883
UltraX-FineWeb:617,FineWeb,14,1,1,1,1,0,0,,-0.3661039276627509
UltraX-FineWeb:618,FineWeb,3,1,1,1,1,0,0,,-0.29049603174603167
UltraX-FineWeb:619,FineWeb,7,0,0,0,0,0,0,,
UltraX-FineWeb:620,FineWeb,12,1,1,0,1,0,0,,-2.3446943166137895
UltraX-FineWeb:621,FineWeb,8,1,1,0,1,0,0,,-0.9573807012889661
UltraX-FineWeb:622,FineWeb,9,0,0,0,0,0,0,,
UltraX-FineWeb:623,FineWeb,4,0,0,1,0,0,0,,
UltraX-FineWeb:624,FineWeb,26,0,0,0,0,0,0,,
UltraX-FineWeb:625,FineWeb,44,2,2,1,1,0,0,,0.031837190443556374
UltraX-FineWeb:626,FineWeb,8,1,1,1,1,0,0,,-0.33917662000685933
UltraX-FineWeb:627,FineWeb,9,0,0,0,0,0,0,,
UltraX-FineWeb:628,FineWeb,7,0,0,0,0,0,0,,
UltraX-FineWeb:629,FineWeb,3,0,0,1,0,0,0,,
UltraX-FineWeb:630,FineWeb,8,5,3,1,2,0,0,,-0.924371748336358
UltraX-FineWeb:631,FineWeb,4,0,0,0,0,0,0,,
UltraX-FineWeb:632,FineWeb,22,1,1,1,1,0,0,,0.40330390665037896
UltraX-FineWeb:633,FineWeb,33,1,1,0,1,0,0,,0.5982421975800278
UltraX-FineWeb:634,FineWeb,2,0,0,2,0,0,0,,
UltraX-FineWeb:635,FineWeb,5,3,3,1,1,0,0,,0.3503376068376065
UltraX-FineWeb:636,FineWeb,13,0,0,0,0,0,0,,
UltraX-FineWeb:637,FineWeb,10,1,1,1,1,0,0,,0.1706050061050064
UltraX-FineWeb:638,FineWeb,16,2,1,0,1,0,0,,-0.171004729813383
UltraX-FineWeb:639,FineWeb,3,2,1,1,1,0,0,,0.41996428571428623
UltraX-FineWeb:640,FineWeb,37,17,13,0,2,0,0,,-1.9289442279826332
UltraX-FineWeb:641,FineWeb,6,0,0,0,0,0,0,,
UltraX-FineWeb:642,FineWeb,2,0,0,0,0,0,0,,
UltraX-FineWeb:643,FineWeb,14,1,1,2,1,0,0,,0.4726043796852144
UltraX-FineWeb:644,FineWeb,6,0,0,0,0,0,0,,
UltraX-FineWeb:645,FineWeb,2,0,0,0,0,0,0,,
UltraX-FineWeb:646,FineWeb,2,0,0,0,0,0,0,,
UltraX-FineWeb:647,FineWeb,38,0,0,0,0,0,0,,
UltraX-FineWeb:648,FineWeb,3,0,0,0,0,0,0,,
UltraX-FineWeb:649,FineWeb,10,0,0,1,0,0,0,,
UltraX-FineWeb:650,FineWeb,36,0,0,0,0,0,0,,
UltraX-FineWeb:651,FineWeb,9,0,0,0,0,0,0,,
UltraX-FineWeb:652,FineWeb,5,0,0,0,0,0,0,,
UltraX-FineWeb:653,FineWeb,24,0,1,0,0,0,0,,0.0270262950440312
UltraX-FineWeb:654,FineWeb,6,0,0,0,0,0,0,,
UltraX-FineWeb:655,FineWeb,7,0,0,0,0,0,0,,
UltraX-FineWeb:656,FineWeb,37,0,0,0,0,0,0,,
UltraX-FineWeb:657,FineWeb,8,3,3,1,2,0,0,,-0.7397673270420055
UltraX-FineWeb:658,FineWeb,12,2,2,0,1,0,0,,-0.4839500000000001
UltraX-FineWeb:659,FineWeb,12,6,6,1,1,0,0,,-0.962254283962289
UltraX-FineWeb:660,FineWeb,3,0,0,0,0,0,0,,
UltraX-FineWeb:661,FineWeb,18,1,1,1,1,0,0,,-0.6035888913715057
UltraX-FineWeb:662,FineWeb,21,0,0,0,0,0,0,,
UltraX-FineWeb:663,FineWeb,2,0,0,1,0,0,0,,
UltraX-FineWeb:664,FineWeb,32,0,0,0,0,0,0,,
UltraX-FineWeb:665,FineWeb,43,0,0,0,0,0,0,,
UltraX-FineWeb:666,FineWeb,14,2,2,1,1,0,0,,-0.022292378917378564
UltraX-FineWeb:667,FineWeb,20,1,0,1,1,0,0,,
UltraX-FineWeb:668,FineWeb,39,0,0,0,0,0,0,,
UltraX-FineWeb:669,FineWeb,7,1,1,1,1,0,0,,-0.48771574374699433
UltraX-FineWeb:670,FineWeb,1,1,0,0,1,0,0,,
UltraX-FineWeb:671,FineWeb,18,1,1,1,1,0,0,,-0.8365097108435329
UltraX-FineWeb:672,FineWeb,3,0,0,3,0,0,0,,
UltraX-FineWeb:673,FineWeb,4,0,0,0,0,0,0,,
UltraX-FineWeb:674,FineWeb,16,2,2,1,1,0,0,,-0.29945621892564844
UltraX-FineWeb:675,FineWeb,5,1,0,0,1,0,0,,
UltraX-FineWeb:676,FineWeb,4,1,1,1,1,0,0,,-0.5387166572344837
UltraX-FineWeb:677,FineWeb,34,0,0,0,0,0,0,,
UltraX-FineWeb:678,FineWeb,3,0,0,0,0,0,0,,
UltraX-FineWeb:679,FineWeb,38,4,4,1,4,0,0,,-0.20317346192217123
UltraX-FineWeb:680,FineWeb,11,0,0,0,0,0,0,,
UltraX-FineWeb:681,FineWeb,3,1,0,0,1,0,1,,
UltraX-FineWeb:682,FineWeb,3,0,0,0,0,0,0,,
UltraX-FineWeb:683,FineWeb,57,2,2,1,1,0,0,,-0.8784868072145908
UltraX-FineWeb:684,FineWeb,16,0,0,0,0,0,0,,
UltraX-FineWeb:685,FineWeb,11,0,1,1,0,0,0,,0.022254552498012004
UltraX-FineWeb:686,FineWeb,5,2,2,1,1,0,0,,-0.18543901420217157
UltraX-FineWeb:687,FineWeb,39,1,1,0,1,0,0,,0.32681177751648693
UltraX-FineWeb:688,FineWeb,48,0,0,0,0,0,0,,
UltraX-FineWeb:689,FineWeb,12,2,2,0,1,0,0,,-0.3582784139958717
UltraX-FineWeb:690,FineWeb,14,0,0,0,0,0,0,,
UltraX-FineWeb:691,FineWeb,9,1,0,1,1,0,0,,
UltraX-FineWeb:692,FineWeb,53,3,3,0,3,0,0,,0.557936216727982
UltraX-FineWeb:693,FineWeb,7,1,1,1,1,0,0,,0.4749535528148199
UltraX-FineWeb:694,FineWeb,8,0,0,0,0,0,0,,
UltraX-FineWeb:695,FineWeb,10,0,0,0,0,0,0,,
UltraX-FineWeb:696,FineWeb,10,1,1,1,1,0,0,,-0.3433001285207169
UltraX-FineWeb:697,FineWeb,8,1,1,1,1,0,0,,-0.09328261876476152
UltraX-FineWeb:698,FineWeb,7,3,3,1,2,0,0,,0.6318055555555562
UltraX-FineWeb:699,FineWeb,9,0,0,0,0,0,0,,
UltraX-FineWeb:700,FineWeb,7,2,2,1,1,0,0,,0.6144106320148568
UltraX-FineWeb:701,FineWeb,7,0,0,0,0,0,0,,
UltraX-FineWeb:702,FineWeb,9,1,1,1,1,0,0,,-0.17367535018168212
UltraX-FineWeb:703,FineWeb,8,0,0,0,0,0,0,,
UltraX-FineWeb:704,FineWeb,16,0,0,0,0,0,0,,
UltraX-FineWeb:705,FineWeb,8,1,1,1,1,0,0,,-1.0974928733033034
UltraX-FineWeb:706,FineWeb,34,0,0,2,0,0,0,,
UltraX-FineWeb:707,FineWeb,27,6,4,1,1,0,0,,0.3001018093706742
UltraX-FineWeb:708,FineWeb,25,1,2,7,1,0,0,,-0.12041874053904511
UltraX-FineWeb:709,FineWeb,47,3,3,1,1,0,0,,0.481279715507009
UltraX-FineWeb:710,FineWeb,2,0,0,0,0,0,0,,
UltraX-FineWeb:711,FineWeb,7,1,1,1,1,0,0,,0.2332606837606832
UltraX-FineWeb:712,FineWeb,18,0,0,0,0,0,0,,
UltraX-FineWeb:713,FineWeb,3,0,0,1,0,0,0,,
UltraX-FineWeb:714,FineWeb,50,2,2,6,2,0,0,,0.39167637779591047
UltraX-FineWeb:715,FineWeb,2,0,0,1,0,0,0,,
UltraX-FineWeb:716,FineWeb,4,1,1,0,1,0,0,,0.02063985144619629
UltraX-FineWeb:717,FineWeb,65,0,0,0,0,0,0,,
UltraX-FineWeb:718,FineWeb,13,0,0,0,0,0,0,,
UltraX-FineWeb:719,FineWeb,5,4,4,1,1,0,0,,-0.38774358974358947
UltraX-FineWeb:720,FineWeb,11,8,8,1,1,0,0,,0.5789435307017543
UltraX-FineWeb:721,FineWeb,19,1,1,1,1,0,0,,0.2607823457348557
UltraX-FineWeb:722,FineWeb,27,9,9,0,1,0,0,,0.1801232930343719
UltraX-FineWeb:723,FineWeb,4,0,0,2,0,0,0,,
UltraX-FineWeb:724,FineWeb,5,2,2,1,1,0,0,,-0.2614648314859247
UltraX-FineWeb:725,FineWeb,3,2,1,0,1,0,0,,-0.5058333333333334
UltraX-FineWeb:726,FineWeb,4,2,2,1,1,0,0,,-0.14791170634920636
UltraX-FineWeb:727,FineWeb,3,0,0,0,0,0,0,,
UltraX-FineWeb:728,FineWeb,9,1,1,1,1,0,0,,0.5706466788419915
UltraX-FineWeb:729,FineWeb,3,0,0,0,0,0,0,,
UltraX-FineWeb:730,FineWeb,18,12,12,1,2,0,0,,-0.3756048881673886
UltraX-FineWeb:731,FineWeb,19,0,0,0,0,0,0,,
UltraX-FineWeb:732,FineWeb,1,0,0,1,0,0,0,,
UltraX-FineWeb:733,FineWeb,27,0,0,1,0,0,0,,
UltraX-FineWeb:734,FineWeb,16,1,0,0,1,0,0,,
UltraX-FineWeb:735,FineWeb,5,2,2,1,1,0,0,,0.6739488217967606
UltraX-FineWeb:736,FineWeb,30,4,4,1,2,0,0,,0.19951113102633844
UltraX-FineWeb:737,FineWeb,16,0,0,0,0,0,0,,
UltraX-FineWeb:738,FineWeb,3,2,1,1,2,0,0,,0.7928627450980388
UltraX-FineWeb:739,FineWeb,21,5,5,0,2,0,0,,0.08977804563730096
UltraX-FineWeb:740,FineWeb,6,0,0,1,0,0,0,,
UltraX-FineWeb:741,FineWeb,6,0,1,2,0,0,0,,0.19966642924384903
UltraX-FineWeb:742,FineWeb,21,13,12,1,1,0,0,,-0.025481039022706042
UltraX-FineWeb:743,FineWeb,9,1,1,1,1,0,0,,-0.018131948365814665
UltraX-FineWeb:744,FineWeb,2,0,0,1,0,0,0,,
UltraX-FineWeb:745,FineWeb,5,1,1,2,1,0,0,,0.6256396574440055
UltraX-FineWeb:746,FineWeb,12,2,2,0,2,0,0,,-0.10885671143148734
UltraX-FineWeb:747,FineWeb,7,4,4,0,1,0,0,,-0.566208333333333
UltraX-FineWeb:748,FineWeb,5,1,1,1,1,0,0,,-0.5259243697478992
UltraX-FineWeb:749,FineWeb,68,3,3,1,3,0,0,,-1.8039254092508
UltraX-FineWeb:750,FineWeb,15,0,0,0,0,0,0,,
UltraX-FineWeb:751,FineWeb,3,0,0,0,0,0,0,,
UltraX-FineWeb:752,FineWeb,5,1,1,1,1,0,0,,0.5947126436781618
UltraX-FineWeb:753,FineWeb,16,0,0,0,0,0,0,,
UltraX-FineWeb:754,FineWeb,51,7,6,0,2,0,0,,-0.6044343650620103
UltraX-FineWeb:755,FineWeb,2,1,0,0,1,0,0,,
UltraX-FineWeb:756,FineWeb,5,2,2,1,1,0,0,,0.8276129032258064
UltraX-FineWeb:757,FineWeb,23,1,1,0,1,0,0,,0.3893161696382581
UltraX-FineWeb:758,FineWeb,15,0,0,0,0,0,0,,
UltraX-FineWeb:759,FineWeb,1,0,0,0,0,0,0,,
UltraX-FineWeb:760,FineWeb,18,0,1,7,0,0,0,,0.3065236465874781
UltraX-FineWeb:761,FineWeb,42,1,1,0,1,0,0,,0.12665982536797404
UltraX-FineWeb:762,FineWeb,13,0,0,1,0,0,0,,
UltraX-FineWeb:763,FineWeb,29,10,9,0,6,0,0,,-1.0496693731364886
UltraX-FineWeb:764,FineWeb,6,0,0,0,0,0,0,,
UltraX-FineWeb:765,FineWeb,3,0,0,0,0,0,0,,
UltraX-FineWeb:766,FineWeb,16,0,0,0,0,0,0,,
UltraX-FineWeb:767,FineWeb,20,6,6,1,1,0,0,,-1.0403852555825885
UltraX-FineWeb:768,FineWeb,36,1,1,0,1,0,0,,0.24559819269423588
UltraX-FineWeb:769,FineWeb,28,0,0,0,0,0,0,,
UltraX-FineWeb:770,FineWeb,12,1,1,1,1,0,0,,0.032202177212242056
UltraX-FineWeb:771,FineWeb,4,0,0,0,0,0,0,,
UltraX-FineWeb:772,FineWeb,3,1,1,1,1,0,0,,-0.4637183595399561
UltraX-FineWeb:773,FineWeb,4,0,0,0,0,0,0,,
UltraX-FineWeb:774,FineWeb,13,0,0,0,0,0,0,,
UltraX-FineWeb:775,FineWeb,10,0,0,1,0,0,0,,
UltraX-FineWeb:776,FineWeb,3,0,0,1,0,0,0,,
UltraX-FineWeb:777,FineWeb,11,0,0,0,0,0,0,,
UltraX-FineWeb:778,FineWeb,9,0,0,0,0,0,0,,
UltraX-FineWeb:779,FineWeb,6,0,0,0,0,0,0,,
UltraX-FineWeb:780,FineWeb,10,2,2,2,2,0,0,,0.004634952368564704
UltraX-FineWeb:781,FineWeb,3,0,0,0,0,0,0,,
UltraX-FineWeb:782,FineWeb,8,2,2,1,2,0,0,,0.09439498855151474
UltraX-FineWeb:783,FineWeb,10,0,0,0,0,0,0,,
UltraX-FineWeb:784,FineWeb,3,0,0,0,0,0,0,,
UltraX-FineWeb:785,FineWeb,7,0,0,0,0,0,0,,
UltraX-FineWeb:786,FineWeb,2,0,0,0,0,0,0,,
UltraX-FineWeb:787,FineWeb,6,0,0,1,0,0,0,,
UltraX-FineWeb:788,FineWeb,16,0,0,0,0,0,0,,
UltraX-FineWeb:789,FineWeb,54,0,0,0,0,0,0,,
UltraX-FineWeb:790,FineWeb,16,0,0,1,0,0,0,,
UltraX-FineWeb:791,FineWeb,11,3,3,1,1,0,0,,-0.09518175453526467
UltraX-FineWeb:792,FineWeb,2,0,0,0,0,0,0,,
UltraX-FineWeb:793,FineWeb,2,1,1,1,1,0,0,,-0.7838888888888889
UltraX-FineWeb:794,FineWeb,29,1,1,0,1,0,0,,-0.1737059744549283
UltraX-FineWeb:795,FineWeb,17,0,0,0,0,0,0,,
UltraX-FineWeb:796,FineWeb,17,2,2,2,2,0,0,,-0.053279669416884445
UltraX-FineWeb:797,FineWeb,8,0,0,0,0,0,0,,
UltraX-FineWeb:798,FineWeb,17,1,1,1,1,0,0,,-0.04745642875032896
UltraX-FineWeb:799,FineWeb,6,1,0,0,1,0,0,,
UltraX-FineWeb:800,FineWeb,12,2,2,0,1,0,0,,-0.22492854668865636
UltraX-FineWeb:801,FineWeb,17,1,1,0,1,0,0,,0.2847928154180064
UltraX-FineWeb:802,FineWeb,6,0,0,0,0,0,0,,
UltraX-FineWeb:803,FineWeb,12,0,0,1,0,0,0,,
UltraX-FineWeb:804,FineWeb,18,0,0,1,0,0,0,,
UltraX-FineWeb:805,FineWeb,3,0,0,1,0,0,0,,
UltraX-FineWeb:806,FineWeb,15,2,2,1,1,0,0,,-0.07890823485712417
UltraX-FineWeb:807,FineWeb,8,3,3,3,1,0,0,,-0.817389098096803
UltraX-FineWeb:808,FineWeb,7,0,0,0,0,0,0,,
UltraX-FineWeb:809,FineWeb,12,0,0,0,0,0,0,,
UltraX-FineWeb:810,FineWeb,15,7,7,0,1,0,0,,-0.10005681818181777
UltraX-FineWeb:811,FineWeb,13,0,1,2,0,0,0,,0.5271666567700164
UltraX-FineWeb:812,FineWeb,14,5,4,1,1,0,0,,-0.784538254817079
UltraX-FineWeb:813,FineWeb,60,2,2,0,2,0,0,,-0.5435830901848693
UltraX-FineWeb:814,FineWeb,9,0,0,1,0,0,0,,
UltraX-FineWeb:815,FineWeb,7,0,0,0,0,0,0,,
UltraX-FineWeb:816,FineWeb,3,0,0,0,0,0,0,,
UltraX-FineWeb:817,FineWeb,2,0,0,0,0,0,0,,
UltraX-FineWeb:818,FineWeb,5,0,0,1,0,0,0,,
UltraX-FineWeb:819,FineWeb,4,0,0,0,0,0,0,,
UltraX-FineWeb:820,FineWeb,5,0,0,0,0,0,0,,
UltraX-FineWeb:821,FineWeb,13,3,2,1,2,0,0,,-0.8673134941225218
UltraX-FineWeb:822,FineWeb,9,0,0,0,0,0,0,,
UltraX-FineWeb:823,FineWeb,12,1,1,1,1,0,0,,-0.07015779768277319
UltraX-FineWeb:824,FineWeb,14,0,0,0,0,0,0,,
UltraX-FineWeb:825,FineWeb,8,2,2,1,1,0,0,,0.6731162954429086
UltraX-FineWeb:826,FineWeb,8,4,4,1,1,0,0,,0.6561605324500066
UltraX-FineWeb:827,FineWeb,15,0,0,2,0,0,0,,
UltraX-FineWeb:828,FineWeb,12,0,0,0,0,0,0,,
UltraX-FineWeb:829,FineWeb,8,0,0,0,0,0,0,,
UltraX-FineWeb:830,FineWeb,72,14,11,0,3,0,0,,0.15718257375506983
UltraX-FineWeb:831,FineWeb,5,0,0,0,0,0,0,,
UltraX-FineWeb:832,FineWeb,16,1,1,1,1,0,0,,-0.4301415028399438
UltraX-FineWeb:833,FineWeb,3,0,0,0,0,0,0,,
UltraX-FineWeb:834,FineWeb,4,0,0,1,0,0,0,,
UltraX-FineWeb:835,FineWeb,3,2,2,1,1,0,0,,0.0033799418971831585
UltraX-FineWeb:836,FineWeb,3,0,0,0,0,0,0,,
UltraX-FineWeb:837,FineWeb,9,0,0,1,0,0,0,,
UltraX-FineWeb:838,FineWeb,17,4,4,1,1,0,0,,0.8178046034601669
UltraX-FineWeb:839,FineWeb,21,1,1,1,1,0,0,,-0.9412762955094092
UltraX-FineWeb:840,FineWeb,6,1,1,1,1,0,0,,0.5010435759209342
UltraX-FineWeb:841,FineWeb,5,1,1,1,1,0,0,,-0.013256925938016195
UltraX-FineWeb:842,FineWeb,11,1,0,9,1,0,0,,
UltraX-FineWeb:843,FineWeb,54,0,0,1,0,0,0,,
UltraX-FineWeb:844,FineWeb,5,2,2,1,1,0,0,,0.2117239278752434
UltraX-FineWeb:845,FineWeb,2,0,0,1,0,0,0,,
UltraX-FineWeb:846,FineWeb,47,0,0,0,0,0,0,,
UltraX-FineWeb:847,FineWeb,20,0,0,0,0,0,0,,
UltraX-FineWeb:848,FineWeb,14,8,8,1,1,0,0,,0.7421581035923142
UltraX-FineWeb:849,FineWeb,12,0,0,0,0,0,0,,
UltraX-FineWeb:850,FineWeb,5,0,0,0,0,0,0,,
UltraX-FineWeb:851,FineWeb,32,0,0,0,0,0,0,,
UltraX-FineWeb:852,FineWeb,1,0,0,0,0,0,0,,
UltraX-FineWeb:853,FineWeb,7,1,1,1,1,0,0,,0.41785120435120415
UltraX-FineWeb:854,FineWeb,6,0,0,0,0,0,0,,
UltraX-FineWeb:855,FineWeb,2,0,0,0,0,0,0,,
UltraX-FineWeb:856,FineWeb,1,0,0,1,0,0,0,,
UltraX-FineWeb:857,FineWeb,5,0,0,0,0,0,0,,
UltraX-FineWeb:858,FineWeb,4,1,1,1,1,0,0,,-0.4565286286433121
UltraX-FineWeb:859,FineWeb,2,1,1,1,1,0,0,,0.7833478260869562
UltraX-FineWeb:860,FineWeb,2,1,1,1,1,0,0,,-0.9314049586776854
UltraX-FineWeb:861,FineWeb,8,4,4,1,1,0,0,,0.057948412698412
UltraX-FineWeb:862,FineWeb,8,2,2,1,1,0,0,,-0.19416653162076614
UltraX-FineWeb:863,FineWeb,11,0,0,0,0,0,0,,
UltraX-FineWeb:864,FineWeb,3,0,0,0,0,0,0,,
UltraX-FineWeb:865,FineWeb,8,0,0,0,0,0,0,,
UltraX-FineWeb:866,FineWeb,9,5,5,1,1,0,0,,0.34759014914624675
UltraX-FineWeb:867,FineWeb,66,3,2,0,3,0,0,,0.6513583840810391
UltraX-FineWeb:868,FineWeb,4,2,2,0,1,0,0,,0.5843397435897435
UltraX-FineWeb:869,FineWeb,20,2,2,0,2,0,0,,0.004804263814859766
UltraX-FineWeb:870,FineWeb,4,3,2,1,1,0,0,,-1.8165462201331763
UltraX-FineWeb:871,FineWeb,97,1,1,0,1,0,0,,-0.8591601662046395
UltraX-FineWeb:872,FineWeb,10,0,0,0,0,0,0,,
UltraX-FineWeb:873,FineWeb,39,0,0,0,0,0,0,,
UltraX-FineWeb:874,FineWeb,17,1,1,0,1,0,0,,0.5784110299422798
UltraX-FineWeb:875,FineWeb,5,0,0,0,0,0,0,,
UltraX-FineWeb:876,FineWeb,6,1,1,1,1,0,0,,0.9094784313725492
UltraX-FineWeb:877,FineWeb,1,0,0,0,0,0,0,,
UltraX-FineWeb:878,FineWeb,30,0,1,4,0,0,0,,-0.03163240238450893
UltraX-FineWeb:879,FineWeb,7,2,2,1,1,0,0,,0.06928371295585745
UltraX-FineWeb:880,FineWeb,22,0,0,0,0,0,0,,
UltraX-FineWeb:881,FineWeb,10,2,1,0,1,0,0,,-2.0453121353954686
UltraX-FineWeb:882,FineWeb,18,0,0,0,0,0,0,,
UltraX-FineWeb:883,FineWeb,73,1,1,1,1,0,0,,-0.01817060034867435
UltraX-FineWeb:884,FineWeb,3,0,0,2,0,0,0,,
UltraX-FineWeb:885,FineWeb,6,0,0,0,0,0,0,,
UltraX-FineWeb:886,FineWeb,15,2,2,1,1,0,0,,0.7331688752424057
UltraX-FineWeb:887,FineWeb,4,0,0,0,0,0,0,,
UltraX-FineWeb:888,FineWeb,16,0,0,0,0,0,0,,
UltraX-FineWeb:889,FineWeb,18,0,0,0,0,0,0,,
UltraX-FineWeb:890,FineWeb,20,0,0,0,0,0,0,,
UltraX-FineWeb:891,FineWeb,7,2,1,1,1,0,0,,1.1790640019138143
UltraX-FineWeb:892,FineWeb,14,0,0,0,0,0,0,,
UltraX-FineWeb:893,FineWeb,3,0,0,0,0,0,0,,
UltraX-FineWeb:894,FineWeb,13,0,0,0,0,0,0,,
UltraX-FineWeb:895,FineWeb,17,5,5,2,1,0,0,,-0.3312116605616602
UltraX-FineWeb:896,FineWeb,12,1,1,1,1,0,0,,0.1934540793993902
UltraX-FineWeb:897,FineWeb,15,0,0,0,0,0,0,,
UltraX-FineWeb:898,FineWeb,4,0,0,1,0,0,0,,
UltraX-FineWeb:899,FineWeb,11,0,0,0,0,0,0,,
UltraX-FineWeb:900,FineWeb,4,0,0,0,0,0,0,,
UltraX-FineWeb:901,FineWeb,36,2,2,0,2,0,0,,-0.7273198491963635
UltraX-FineWeb:902,FineWeb,3,0,0,0,0,0,0,,
UltraX-FineWeb:903,FineWeb,4,0,0,0,0,0,0,,
UltraX-FineWeb:904,FineWeb,6,0,0,0,0,0,0,,
UltraX-FineWeb:905,FineWeb,6,2,2,1,1,0,0,,0.2028950956450961
UltraX-FineWeb:906,FineWeb,30,2,2,0,1,0,0,,-0.3175533894495155
UltraX-FineWeb:907,FineWeb,20,3,3,1,1,0,0,,0.2990180634582016
UltraX-FineWeb:908,FineWeb,5,0,0,0,0,0,0,,
UltraX-FineWeb:909,FineWeb,5,3,3,0,1,0,0,,1.9450714285714286
UltraX-FineWeb:910,FineWeb,21,2,2,1,1,0,0,,0.4007793498533072
UltraX-FineWeb:911,FineWeb,33,1,1,1,1,0,0,,0.04863966932251351
UltraX-FineWeb:912,FineWeb,12,0,0,0,0,0,0,,
UltraX-FineWeb:913,FineWeb,9,0,0,0,0,0,0,,
UltraX-FineWeb:914,FineWeb,13,0,1,1,0,0,0,,-0.7622233764057107
UltraX-FineWeb:915,FineWeb,6,2,2,1,1,0,0,,-0.3614284052935375
UltraX-FineWeb:916,FineWeb,12,0,0,1,0,0,0,,
UltraX-FineWeb:917,FineWeb,19,1,1,1,1,0,0,,0.32943512179836
UltraX-FineWeb:918,FineWeb,6,1,1,1,1,0,0,,-0.37589664889647967
UltraX-FineWeb:919,FineWeb,12,1,1,0,1,0,0,,0.13138957759412317
UltraX-FineWeb:920,FineWeb,13,9,4,0,1,0,0,,-0.6862408609908606
UltraX-FineWeb:921,FineWeb,2,0,0,1,0,0,0,,
UltraX-FineWeb:922,FineWeb,45,0,0,0,0,0,0,,
UltraX-FineWeb:923,FineWeb,24,0,0,1,0,0,0,,
UltraX-FineWeb:924,FineWeb,39,16,16,1,1,0,0,,0.1621432709762427
UltraX-FineWeb:925,FineWeb,18,3,3,1,3,0,0,,0.25582040848227106
UltraX-FineWeb:926,FineWeb,5,1,1,0,1,0,0,,-0.28423979398979426
UltraX-FineWeb:927,FineWeb,7,0,0,1,0,0,0,,
UltraX-FineWeb:928,FineWeb,11,1,1,1,1,0,0,,0.4446090888926939
UltraX-FineWeb:929,FineWeb,42,1,1,0,1,0,0,,-2.0651956198351233
UltraX-FineWeb:930,FineWeb,32,0,0,0,0,0,0,,
UltraX-FineWeb:931,FineWeb,8,6,6,1,2,0,0,,-0.5668636788048556
UltraX-FineWeb:932,FineWeb,18,1,1,1,1,0,0,,0.2691296051005425
UltraX-FineWeb:933,FineWeb,5,0,0,1,0,0,0,,
UltraX-FineWeb:934,FineWeb,13,2,2,1,2,0,0,,0.07889250512442203
UltraX-FineWeb:935,FineWeb,19,3,3,1,1,0,0,,-0.42092959065701496
UltraX-FineWeb:936,FineWeb,4,1,1,0,1,0,0,,0.09521894888736959
UltraX-FineWeb:937,FineWeb,4,3,3,0,1,0,0,,-0.8488602150537634
UltraX-FineWeb:938,FineWeb,14,0,0,2,0,0,0,,
UltraX-FineWeb:939,FineWeb,8,4,3,1,1,0,0,,-0.4547030739036959
UltraX-FineWeb:940,FineWeb,4,1,1,0,1,0,0,,-0.9543694083694083
UltraX-FineWeb:941,FineWeb,20,1,1,1,1,0,0,,-0.3316757621960873
UltraX-FineWeb:942,FineWeb,1,0,0,0,0,0,0,,
UltraX-FineWeb:943,FineWeb,20,0,0,1,0,0,0,,
UltraX-FineWeb:944,FineWeb,6,1,1,1,1,0,0,,0.17971879012076997
UltraX-FineWeb:945,FineWeb,1,0,0,0,0,0,0,,
UltraX-FineWeb:946,FineWeb,12,1,1,1,1,0,0,,0.9928036647943976
UltraX-FineWeb:947,FineWeb,13,1,1,1,1,0,0,,-2.3042153235431524
UltraX-FineWeb:948,FineWeb,3,1,1,1,1,0,0,,-0.045857919254657986
UltraX-FineWeb:949,FineWeb,11,2,1,1,1,0,0,,-0.7402899758136599
UltraX-FineWeb:950,FineWeb,22,1,1,1,1,0,0,,-1.7940040728352673
UltraX-FineWeb:951,FineWeb,5,0,0,1,0,0,0,,
UltraX-FineWeb:952,FineWeb,6,0,0,0,0,0,0,,
UltraX-FineWeb:953,FineWeb,10,0,0,0,0,0,0,,
UltraX-FineWeb:954,FineWeb,128,0,0,0,0,0,0,,
UltraX-FineWeb:955,FineWeb,7,3,3,0,3,0,0,,-0.5996379978917759
UltraX-FineWeb:956,FineWeb,13,0,0,0,0,0,0,,
UltraX-FineWeb:957,FineWeb,16,2,2,1,1,0,0,,0.199150846271003
UltraX-FineWeb:958,FineWeb,6,0,0,0,0,0,0,,
UltraX-FineWeb:959,FineWeb,42,0,0,0,0,0,0,,
UltraX-FineWeb:960,FineWeb,1,0,0,1,0,0,0,,
UltraX-FineWeb:961,FineWeb,18,8,7,1,1,0,0,,-0.28923670833445136
UltraX-FineWeb:962,FineWeb,20,6,6,0,3,0,0,,-0.21968732683721282
UltraX-FineWeb:963,FineWeb,27,0,0,0,0,0,0,,
UltraX-FineWeb:964,FineWeb,7,0,0,0,0,0,0,,
UltraX-FineWeb:965,FineWeb,4,0,0,1,0,0,0,,
UltraX-FineWeb:966,FineWeb,9,1,1,1,1,0,0,,0.08042005934063567
UltraX-FineWeb:967,FineWeb,5,0,0,0,0,0,0,,
UltraX-FineWeb:968,FineWeb,3,1,1,1,1,0,0,,-0.7190769819406189
UltraX-FineWeb:969,FineWeb,2,2,1,1,1,0,0,,-2.741938775510204
UltraX-FineWeb:970,FineWeb,5,1,1,0,1,0,0,,0.7148916355721386
UltraX-FineWeb:971,FineWeb,16,5,3,1,1,0,0,,0.00533959784652005
UltraX-FineWeb:972,FineWeb,3,1,0,1,1,0,0,,
UltraX-FineWeb:973,FineWeb,27,9,9,1,1,0,0,,0.587078321293462
UltraX-FineWeb:974,FineWeb,23,1,1,1,1,0,0,,-0.04705194459656514
UltraX-FineWeb:975,FineWeb,5,1,1,0,1,0,0,,-1.5872031301078788
UltraX-FineWeb:976,FineWeb,4,1,1,1,1,0,0,,0.05736467236467302
UltraX-FineWeb:977,FineWeb,10,0,0,1,0,0,0,,
UltraX-FineWeb:978,FineWeb,8,2,2,1,2,0,0,,1.0595809784372658
UltraX-FineWeb:979,FineWeb,10,0,0,0,0,0,0,,
UltraX-FineWeb:980,FineWeb,8,0,0,1,0,0,0,,
UltraX-FineWeb:981,FineWeb,11,0,0,0,0,0,0,,
UltraX-FineWeb:982,FineWeb,21,1,1,2,1,0,0,,-0.11291212365075509
UltraX-FineWeb:983,FineWeb,6,1,1,1,1,0,0,,0.593030982905983
UltraX-FineWeb:984,FineWeb,9,2,2,1,1,0,0,,-0.2930639164356066
UltraX-FineWeb:985,FineWeb,12,0,0,0,0,0,0,,
UltraX-FineWeb:986,FineWeb,7,0,0,0,0,0,0,,
UltraX-FineWeb:987,FineWeb,6,0,0,0,0,0,0,,
UltraX-FineWeb:988,FineWeb,49,0,0,0,0,0,0,,
UltraX-FineWeb:989,FineWeb,8,1,1,1,1,0,0,,0.048747115384306205
UltraX-FineWeb:990,FineWeb,2,0,0,0,0,0,0,,
UltraX-FineWeb:991,FineWeb,8,0,0,0,0,0,0,,
UltraX-FineWeb:992,FineWeb,6,2,2,1,2,0,0,,-0.31405176767676846
UltraX-FineWeb:993,FineWeb,5,0,0,0,0,0,0,,
UltraX-FineWeb:994,FineWeb,17,0,0,0,0,0,0,,
UltraX-FineWeb:995,FineWeb,6,5,5,1,1,0,0,,0.03651923076923058
UltraX-FineWeb:996,FineWeb,21,0,0,0,0,0,0,,
UltraX-FineWeb:997,FineWeb,19,0,0,0,0,0,0,,
UltraX-FineWeb:998,FineWeb,7,1,1,1,1,0,0,,0.6525671296296292
UltraX-FineWeb:999,FineWeb,37,0,0,0,0,0,0,,
UltraX-FineWeb:1000,FineWeb,15,1,1,1,1,0,0,,0.3265062761801589
UltraX-FineWeb:1001,FineWeb,11,0,0,0,0,0,0,,
UltraX-FineWeb:1002,FineWeb,17,0,0,0,0,0,0,,
UltraX-FineWeb:1003,FineWeb,41,0,0,0,0,0,0,,
UltraX-FineWeb:1004,FineWeb,9,0,1,1,0,0,0,,0.34159750314500315
UltraX-FineWeb:1005,FineWeb,63,1,1,0,1,0,0,,0.9820295477102308
UltraX-FineWeb:1006,FineWeb,26,1,1,1,1,0,0,,-0.13918879084967273
UltraX-FineWeb:1007,FineWeb,12,0,0,0,0,0,0,,
UltraX-FineWeb:1008,FineWeb,6,2,1,1,2,0,0,,2.0710309523809523
UltraX-FineWeb:1009,FineWeb,5,1,1,1,1,0,0,,0.16240993926021474
UltraX-FineWeb:1010,FineWeb,7,1,1,0,1,0,0,,-0.7363142551892556
UltraX-FineWeb:1011,FineWeb,23,1,2,4,1,0,0,,-0.022782255738987622
UltraX-FineWeb:1012,FineWeb,6,0,0,0,0,0,0,,
UltraX-FineWeb:1013,FineWeb,5,0,0,0,0,0,0,,
UltraX-FineWeb:1014,FineWeb,5,1,1,1,1,0,0,,-0.2343125190781441
UltraX-FineWeb:1015,FineWeb,13,9,4,1,1,0,0,,-0.27575125067826534
UltraX-FineWeb:1016,FineWeb,11,0,0,1,0,0,0,,
UltraX-FineWeb:1017,FineWeb,55,0,0,0,0,0,0,,
UltraX-FineWeb:1018,FineWeb,6,1,1,1,1,0,0,,0.28898025748761036
UltraX-FineWeb:1019,FineWeb,5,1,1,1,1,0,0,,0.2086606844427248
UltraX-FineWeb:1020,FineWeb,19,0,0,0,0,0,0,,
UltraX-FineWeb:1021,FineWeb,41,1,1,1,1,0,0,,-0.09183951461428297
UltraX-FineWeb:1022,FineWeb,42,1,1,0,1,0,0,,0.994079227866214
UltraX-FineWeb:1023,FineWeb,9,1,1,1,1,0,0,,-0.5233846309591161
UltraX-FineWeb:1024,FineWeb,5,0,0,2,0,0,0,,
UltraX-FineWeb:1025,FineWeb,7,0,0,0,0,0,0,,
UltraX-FineWeb:1026,FineWeb,31,1,1,1,1,0,0,,-1.2496929101468526
UltraX-FineWeb:1027,FineWeb,18,0,0,0,0,0,0,,
UltraX-FineWeb:1028,FineWeb,3,1,1,0,1,0,0,,-1.084577825159915
UltraX-FineWeb:1029,FineWeb,11,3,3,1,3,0,0,,0.1695548016156847
UltraX-FineWeb:1030,FineWeb,13,1,1,1,1,0,0,,0.03860660173160202
UltraX-FineWeb:1031,FineWeb,9,1,1,1,1,0,0,,-0.4934180549499638
UltraX-FineWeb:1032,FineWeb,6,0,0,0,0,0,0,,
UltraX-FineWeb:1033,FineWeb,6,0,0,0,0,0,0,,
UltraX-FineWeb:1034,FineWeb,9,0,0,0,0,0,0,,
UltraX-FineWeb:1035,FineWeb,9,0,0,0,0,0,0,,
UltraX-FineWeb:1036,FineWeb,10,2,2,1,1,0,0,,-0.5921836026077099
UltraX-FineWeb:1037,FineWeb,23,1,1,1,1,0,0,,-1.294308127446084
UltraX-FineWeb:1038,FineWeb,7,0,0,0,0,0,0,,
UltraX-FineWeb:1039,FineWeb,17,0,0,0,0,0,0,,
UltraX-FineWeb:1040,FineWeb,11,1,1,1,1,0,0,,0.050455730278197386
UltraX-FineWeb:1041,FineWeb,12,5,5,1,1,0,0,,-0.9921921647838152
UltraX-FineWeb:1042,FineWeb,15,3,1,1,2,0,0,,-1.778684523809524
UltraX-FineWeb:1043,FineWeb,23,0,0,0,0,0,0,,
UltraX-FineWeb:1044,FineWeb,14,0,0,1,0,0,0,,
UltraX-FineWeb:1045,FineWeb,10,2,1,1,2,0,0,,-0.67433208658779
UltraX-FineWeb:1046,FineWeb,80,0,0,0,0,0,0,,
UltraX-FineWeb:1047,FineWeb,23,0,0,0,0,0,0,,
UltraX-FineWeb:1048,FineWeb,39,22,21,1,1,0,0,,-1.5081003759362037
UltraX-FineWeb:1049,FineWeb,3,0,0,0,0,0,0,,
UltraX-FineWeb:1050,FineWeb,13,2,2,0,1,0,0,,0.3055789646428808
UltraX-FineWeb:1051,FineWeb,31,0,0,0,0,0,0,,
UltraX-FineWeb:1052,FineWeb,40,1,1,1,1,0,0,,0.45550879930779065
UltraX-FineWeb:1053,FineWeb,15,3,3,0,1,0,0,,0.706335380749854
UltraX-FineWeb:1054,FineWeb,8,0,0,0,0,0,0,,
UltraX-FineWeb:1055,FineWeb,5,1,1,1,1,0,0,,0.09909638055945802
UltraX-FineWeb:1056,FineWeb,28,0,0,0,0,0,0,,
UltraX-FineWeb:1057,FineWeb,8,0,0,0,0,0,0,,
UltraX-FineWeb:1058,FineWeb,17,3,3,1,1,0,0,,0.14116579368929205
UltraX-FineWeb:1059,FineWeb,4,0,0,1,0,0,0,,
UltraX-FineWeb:1060,FineWeb,2,0,0,0,0,0,0,,
UltraX-FineWeb:1061,FineWeb,10,0,0,0,0,0,0,,
UltraX-FineWeb:1062,FineWeb,4,1,1,0,1,0,0,,0.4645869883040943
UltraX-FineWeb:1063,FineWeb,13,3,3,1,2,0,0,,-0.09710544096426421
UltraX-FineWeb:1064,FineWeb,3,0,0,1,0,0,0,,
UltraX-FineWeb:1065,FineWeb,5,0,0,0,0,0,0,,
UltraX-FineWeb:1066,FineWeb,4,0,0,0,0,0,0,,
UltraX-FineWeb:1067,FineWeb,10,1,1,0,1,0,0,,-0.6888378264036161
UltraX-FineWeb:1068,FineWeb,18,0,0,0,0,0,0,,
UltraX-FineWeb:1069,FineWeb,19,1,1,1,1,0,0,,0.19134882674359766
UltraX-FineWeb:1070,FineWeb,9,2,2,0,1,0,0,,0.061082390851077584
UltraX-FineWeb:1071,FineWeb,18,2,2,1,1,0,0,,-0.022447140301353308
UltraX-FineWeb:1072,FineWeb,4,2,2,1,1,0,0,,0.4482531143136299
UltraX-FineWeb:1073,FineWeb,13,2,2,0,2,0,0,,-0.8396616092302605
UltraX-FineWeb:1074,FineWeb,10,4,4,0,2,0,0,,-0.7450131739590322
UltraX-FineWeb:1075,FineWeb,4,0,0,0,0,0,0,,
UltraX-FineWeb:1076,FineWeb,17,0,0,0,0,0,0,,
UltraX-FineWeb:1077,FineWeb,13,5,5,0,3,0,0,,-0.6552416455273331
UltraX-FineWeb:1078,FineWeb,5,1,1,0,1,0,0,,-0.44210800438596465
UltraX-FineWeb:1079,FineWeb,32,5,5,0,3,0,0,,-1.264306581653325
UltraX-FineWeb:1080,FineWeb,7,2,2,0,2,0,0,,-0.7888105851035423
UltraX-FineWeb:1081,FineWeb,4,1,1,1,1,0,0,,1.1754729729729725
UltraX-FineWeb:1082,FineWeb,10,2,2,1,2,0,0,,-0.26780640387664434
UltraX-FineWeb:1083,FineWeb,7,0,0,0,0,0,0,,
UltraX-FineWeb:1084,FineWeb,5,1,1,1,1,0,0,,-1.5086350351173543
UltraX-FineWeb:1085,FineWeb,22,1,1,0,1,0,0,,0.01799347989224298
UltraX-FineWeb:1086,FineWeb,2,1,1,0,1,0,0,,0.19316363636363665
UltraX-FineWeb:1087,FineWeb,7,1,1,0,1,0,0,,0.6596555210134367
UltraX-FineWeb:1088,FineWeb,14,5,4,1,1,0,0,,-0.8989081529581524
UltraX-FineWeb:1089,FineWeb,6,0,0,0,0,0,0,,
UltraX-FineWeb:1090,FineWeb,4,1,1,1,1,0,0,,-0.19415705931495442
UltraX-FineWeb:1091,FineWeb,3,0,0,0,0,0,0,,
UltraX-FineWeb:1092,FineWeb,5,1,1,1,1,0,0,,-0.5742921010255104
UltraX-FineWeb:1093,FineWeb,2,0,0,0,0,0,0,,
UltraX-FineWeb:1094,FineWeb,12,1,1,2,1,0,0,,0.6236772340560472
UltraX-FineWeb:1095,FineWeb,14,3,3,0,2,0,0,,0.6550768842519323
UltraX-FineWeb:1096,FineWeb,19,0,0,0,0,0,0,,
UltraX-FineWeb:1097,FineWeb,11,0,0,1,0,0,0,,
UltraX-FineWeb:1098,FineWeb,33,2,2,1,2,0,0,,-0.45868632371975604
UltraX-FineWeb:1099,FineWeb,25,0,0,1,0,0,0,,
UltraX-FineWeb:1100,FineWeb,9,1,1,1,1,0,0,,-0.41890119871275555
UltraX-FineWeb:1101,FineWeb,18,0,0,0,0,0,0,,
UltraX-FineWeb:1102,FineWeb,10,0,0,4,0,0,0,,
UltraX-FineWeb:1103,FineWeb,19,2,2,1,2,0,0,,0.27657822868348614
UltraX-FineWeb:1104,FineWeb,10,0,0,0,0,0,0,,
UltraX-FineWeb:1105,FineWeb,8,0,0,1,0,0,0,,
UltraX-FineWeb:1106,FineWeb,2,0,0,0,0,0,0,,
UltraX-FineWeb:1107,FineWeb,2,0,0,1,0,0,0,,
UltraX-FineWeb:1108,FineWeb,25,5,5,1,2,0,0,,0.2949498640241517
UltraX-FineWeb:1109,FineWeb,6,0,0,0,0,0,0,,
UltraX-FineWeb:1110,FineWeb,5,0,0,0,0,0,0,,
UltraX-FineWeb:1111,FineWeb,4,0,0,1,0,0,0,,
UltraX-FineWeb:1112,FineWeb,4,3,3,1,1,0,0,,-0.6079548229548228
UltraX-FineWeb:1113,FineWeb,6,0,0,1,0,0,0,,
UltraX-FineWeb:1114,FineWeb,5,0,0,0,0,0,0,,
UltraX-FineWeb:1115,FineWeb,4,1,1,1,1,0,0,,0.3587657425317001
UltraX-FineWeb:1116,FineWeb,6,0,0,0,0,0,0,,
UltraX-FineWeb:1117,FineWeb,85,0,0,0,0,0,0,,
UltraX-FineWeb:1118,FineWeb,1,0,0,1,0,0,0,,
UltraX-FineWeb:1119,FineWeb,4,0,0,1,0,0,0,,
UltraX-FineWeb:1120,FineWeb,6,4,4,1,1,0,0,,0.5146571428571427
UltraX-FineWeb:1121,FineWeb,19,0,0,0,0,0,0,,
UltraX-FineWeb:1122,FineWeb,14,0,0,0,0,0,0,,
UltraX-FineWeb:1123,FineWeb,36,1,1,0,1,0,0,,-0.3507772190899656
UltraX-FineWeb:1124,FineWeb,29,25,23,0,1,0,0,,-1.1435482111364665
UltraX-FineWeb:1125,FineWeb,5,1,1,1,1,0,0,,-0.11828553666194264
UltraX-FineWeb:1126,FineWeb,10,0,0,0,0,0,0,,
UltraX-FineWeb:1127,FineWeb,11,7,6,1,1,0,0,,-0.22443102757908218
UltraX-FineWeb:1128,FineWeb,6,0,0,0,0,0,0,,
UltraX-FineWeb:1129,FineWeb,9,0,0,0,0,0,0,,
UltraX-FineWeb:1130,FineWeb,18,3,2,0,3,0,0,,-1.1620855778524977
UltraX-FineWeb:1131,FineWeb,7,0,0,1,0,0,0,,
UltraX-FineWeb:1132,FineWeb,10,7,7,1,3,0,0,,-1.2069428571428569
UltraX-FineWeb:1133,FineWeb,11,1,1,1,1,0,0,,-0.007890879140210139
UltraX-FineWeb:1134,FineWeb,4,1,1,1,1,0,0,,0.9886790897480555
UltraX-FineWeb:1135,FineWeb,1,0,0,0,0,0,0,,
UltraX-FineWeb:1136,FineWeb,4,0,0,0,0,0,0,,
UltraX-FineWeb:1137,FineWeb,6,0,0,0,0,0,0,,
UltraX-FineWeb:1138,FineWeb,18,5,1,1,1,0,0,,1.1922834517293968
UltraX-FineWeb:1139,FineWeb,23,2,2,1,1,0,0,,0.16486878451540043
UltraX-FineWeb:1140,FineWeb,10,1,1,1,1,0,0,,0.1305813285586357
UltraX-FineWeb:1141,FineWeb,12,0,0,0,0,0,0,,
UltraX-FineWeb:1142,FineWeb,7,1,0,0,1,0,0,,
UltraX-FineWeb:1143,FineWeb,3,0,0,0,0,0,0,,
UltraX-FineWeb:1144,FineWeb,8,0,0,0,0,0,0,,
UltraX-FineWeb:1145,FineWeb,3,1,1,1,1,0,0,,-0.20983279352226702
UltraX-FineWeb:1146,FineWeb,9,0,0,0,0,0,0,,
UltraX-FineWeb:1147,FineWeb,14,0,0,4,0,0,0,,
UltraX-FineWeb:1148,FineWeb,3,2,2,1,1,0,0,,0.4424318181818183
UltraX-FineWeb:1149,FineWeb,15,2,2,1,1,0,0,,-1.3251635874880643
UltraX-FineWeb:1150,FineWeb,8,1,1,1,1,0,0,,-0.4835667148500402
UltraX-FineWeb:1151,FineWeb,12,5,4,1,1,0,0,,-0.7810561340873834
UltraX-FineWeb:1152,FineWeb,10,0,0,0,0,0,0,,
UltraX-FineWeb:1153,FineWeb,2,0,0,0,0,0,0,,
UltraX-FineWeb:1154,FineWeb,6,0,1,0,0,0,0,,-2.4762067431067427
UltraX-FineWeb:1155,FineWeb,23,1,1,0,1,0,0,,-0.7439620014910853
UltraX-FineWeb:1156,FineWeb,27,3,3,1,3,0,0,,-0.12251275525371863
UltraX-FineWeb:1157,FineWeb,18,0,0,1,0,0,0,,
UltraX-FineWeb:1158,FineWeb,2,1,0,0,1,0,0,,
UltraX-FineWeb:1159,FineWeb,5,0,0,0,0,0,0,,
UltraX-FineWeb:1160,FineWeb,6,0,0,0,0,0,0,,
UltraX-FineWeb:1161,FineWeb,6,0,0,1,0,0,0,,
UltraX-FineWeb:1162,FineWeb,4,0,0,0,0,0,0,,
UltraX-FineWeb:1163,FineWeb,16,3,3,1,1,0,0,,-0.431591874300703
UltraX-FineWeb:1164,FineWeb,12,4,2,0,4,0,0,,-0.9626038512380761
UltraX-FineWeb:1165,FineWeb,6,1,1,1,1,0,0,,0.5291910725580546
UltraX-FineWeb:1166,FineWeb,5,1,1,1,1,0,0,,-0.8109916666666672
UltraX-FineWeb:1167,FineWeb,10,1,1,0,1,0,0,,-0.4717373247033443
UltraX-FineWeb:1168,FineWeb,20,2,2,1,1,0,0,,-0.5572939361289961
UltraX-FineWeb:1169,FineWeb,16,6,6,1,1,0,0,,-1.6888151374461429
UltraX-FineWeb:1170,FineWeb,49,0,0,0,0,0,0,,
UltraX-FineWeb:1171,FineWeb,21,4,4,1,1,0,0,,-0.3743653454529987
UltraX-FineWeb:1172,FineWeb,4,0,0,1,0,0,0,,
UltraX-FineWeb:1173,FineWeb,22,1,1,1,1,0,0,,-2.99668854701446
UltraX-FineWeb:1174,FineWeb,8,1,1,1,1,0,0,,-0.3266869285849694
UltraX-FineWeb:1175,FineWeb,14,1,1,1,1,0,0,,-1.469529750645747
UltraX-FineWeb:1176,FineWeb,17,1,1,0,1,0,0,,-0.45620314279558016
UltraX-FineWeb:1177,FineWeb,2,1,1,1,1,0,0,,-0.9239311258901406
UltraX-FineWeb:1178,FineWeb,12,0,0,0,0,0,0,,
UltraX-FineWeb:1179,FineWeb,2,0,0,0,0,0,0,,
UltraX-FineWeb:1180,FineWeb,63,0,0,8,0,0,0,,
UltraX-FineWeb:1181,FineWeb,4,0,0,0,0,0,0,,
UltraX-FineWeb:1182,FineWeb,16,1,1,3,1,0,0,,0.16686737552570907
UltraX-FineWeb:1183,FineWeb,6,0,0,0,0,0,0,,
UltraX-FineWeb:1184,FineWeb,6,0,0,0,0,0,0,,
UltraX-FineWeb:1185,FineWeb,5,0,0,0,0,0,0,,
UltraX-FineWeb:1186,FineWeb,5,2,2,0,1,0,0,,-1.0898753968253958
UltraX-FineWeb:1187,FineWeb,6,0,0,0,0,0,0,,
UltraX-FineWeb:1188,FineWeb,7,2,2,1,2,0,0,,0.08461567354214417
UltraX-FineWeb:1189,FineWeb,5,2,1,0,1,0,0,,1.1912346813725492
UltraX-FineWeb:1190,FineWeb,18,2,2,0,2,0,0,,0.3610766403436809
UltraX-FineWeb:1191,FineWeb,14,0,0,0,0,0,0,,
UltraX-FineWeb:1192,FineWeb,8,1,1,1,1,0,0,,0.10256638904976256
UltraX-FineWeb:1193,FineWeb,13,0,0,0,0,0,0,,
UltraX-FineWeb:1194,FineWeb,6,4,4,1,2,0,0,,0.8938450235109716
UltraX-FineWeb:1195,FineWeb,1,0,0,1,0,0,1,,
UltraX-FineWeb:1196,FineWeb,19,2,2,1,2,0,0,,-0.9174742109305019
UltraX-FineWeb:1197,FineWeb,35,0,0,0,0,0,0,,
UltraX-FineWeb:1198,FineWeb,11,3,3,1,2,0,0,,-0.3479334511891521
UltraX-FineWeb:1199,FineWeb,24,12,12,1,1,0,0,,-0.5589560037191426
UltraX-RedPajama-V2:0,RedPajama,10,2,2,1,1,0,0,,0.5441172587034258
UltraX-RedPajama-V2:1,RedPajama,18,15,15,1,1,0,0,,-0.023162641621944147
UltraX-RedPajama-V2:2,RedPajama,14,3,3,1,1,0,0,,-0.6840424641657741
UltraX-RedPajama-V2:3,RedPajama,179,10,4,1,3,0,0,,0.08499043548154717
UltraX-RedPajama-V2:4,RedPajama,12,0,0,1,0,0,0,,
UltraX-RedPajama-V2:5,RedPajama,5,2,1,1,2,0,0,,0.8874014778325128
UltraX-RedPajama-V2:6,RedPajama,18,2,1,1,2,0,0,,-0.7756814188680936
UltraX-RedPajama-V2:7,RedPajama,15,3,3,1,2,0,0,,-0.3518982623722362
UltraX-RedPajama-V2:8,RedPajama,17,5,4,2,1,0,0,,-0.5500986938133448
UltraX-RedPajama-V2:9,RedPajama,28,8,7,0,5,0,0,,-1.0017256127563812
UltraX-RedPajama-V2:10,RedPajama,5,1,1,1,1,0,0,,-0.05345647945698673
UltraX-RedPajama-V2:11,RedPajama,279,21,16,1,12,0,0,,-0.5844677818088604
UltraX-RedPajama-V2:12,RedPajama,7,1,1,1,1,0,0,,-0.6698091057358306
UltraX-RedPajama-V2:13,RedPajama,16,7,7,1,1,0,0,,-1.501111402719424
UltraX-RedPajama-V2:14,RedPajama,12,1,0,0,1,0,0,,
UltraX-RedPajama-V2:15,RedPajama,10,1,0,2,1,0,0,,
UltraX-RedPajama-V2:16,RedPajama,36,3,3,1,2,0,0,,-0.7179373073732709
UltraX-RedPajama-V2:17,RedPajama,57,25,25,1,4,0,0,,-0.8709421016230019
UltraX-RedPajama-V2:18,RedPajama,3,1,0,1,1,0,0,,
UltraX-RedPajama-V2:19,RedPajama,26,14,14,1,2,0,0,,-0.7091057339528088
UltraX-RedPajama-V2:20,RedPajama,11,5,0,1,5,0,0,,
UltraX-RedPajama-V2:21,RedPajama,59,13,6,1,5,0,0,,-0.2559169266482657
UltraX-RedPajama-V2:22,RedPajama,2,0,0,0,0,0,0,,
UltraX-RedPajama-V2:23,RedPajama,12,2,2,1,1,0,0,,-0.719102872314366
UltraX-RedPajama-V2:24,RedPajama,19,10,9,1,2,0,0,,-0.44952433210047715
UltraX-RedPajama-V2:25,RedPajama,8,1,1,0,1,0,0,,0.13307090957037904
UltraX-RedPajama-V2:26,RedPajama,4,1,1,1,1,0,0,,-0.08322222222222209
UltraX-RedPajama-V2:27,RedPajama,118,25,18,6,4,0,0,,-1.0047989646216582
UltraX-RedPajama-V2:28,RedPajama,33,1,1,1,1,0,0,,-1.386527861630677
UltraX-RedPajama-V2:29,RedPajama,34,2,2,1,1,0,0,,0.873693252363239
UltraX-RedPajama-V2:30,RedPajama,9,1,1,0,1,0,0,,0.6268719203422437
UltraX-RedPajama-V2:31,RedPajama,11,1,1,1,1,0,0,,-0.30238678976062694
UltraX-RedPajama-V2:32,RedPajama,8,0,0,0,0,0,0,,
UltraX-RedPajama-V2:33,RedPajama,41,2,1,1,2,0,0,,-0.32461878921519194
UltraX-RedPajama-V2:34,RedPajama,26,3,3,0,1,0,0,,-0.2697308224937123
UltraX-RedPajama-V2:35,RedPajama,19,7,7,0,6,0,0,,-1.1330485349560426
UltraX-RedPajama-V2:36,RedPajama,4,0,0,0,0,0,0,,
UltraX-RedPajama-V2:37,RedPajama,2,1,1,1,1,0,0,,-0.5054385964912287
UltraX-RedPajama-V2:38,RedPajama,3,1,1,0,1,0,0,,-1.6016113892365453
UltraX-RedPajama-V2:39,RedPajama,10,0,0,0,0,0,0,,
UltraX-RedPajama-V2:40,RedPajama,60,27,27,1,1,0,0,,-0.27981260837576816
UltraX-RedPajama-V2:41,RedPajama,3,1,1,1,1,0,0,,-0.6233074074074079
UltraX-RedPajama-V2:42,RedPajama,45,15,14,1,2,0,0,,-0.6935621851171563
UltraX-RedPajama-V2:43,RedPajama,50,9,7,1,6,0,0,,-0.629469086426055
UltraX-RedPajama-V2:44,RedPajama,50,8,7,0,5,0,0,,-0.6145115510153447
UltraX-RedPajama-V2:45,RedPajama,59,18,15,1,4,0,0,,-0.6248366150960711
UltraX-RedPajama-V2:46,RedPajama,3,1,0,1,1,0,0,,
UltraX-RedPajama-V2:47,RedPajama,17,3,3,1,1,0,0,,-1.1995876590603487
UltraX-RedPajama-V2:48,RedPajama,16,7,5,1,3,0,0,,-1.1311329442636149
UltraX-RedPajama-V2:49,RedPajama,64,21,19,0,2,0,0,,-0.3893276708188438
UltraX-RedPajama-V2:50,RedPajama,15,3,3,0,3,0,0,,-0.49413370010667546
UltraX-RedPajama-V2:51,RedPajama,12,0,0,0,0,0,0,,
UltraX-RedPajama-V2:52,RedPajama,29,7,7,0,7,0,0,,-1.0631621599356444
UltraX-RedPajama-V2:53,RedPajama,70,23,14,2,3,0,0,,0.2280896856977055
UltraX-RedPajama-V2:54,RedPajama,35,1,1,1,1,0,0,,-0.7459187967407344
UltraX-RedPajama-V2:55,RedPajama,8,3,2,1,2,0,0,,-0.7326347689404091
UltraX-RedPajama-V2:56,RedPajama,7,2,2,2,1,0,0,,-1.493368245349422
UltraX-RedPajama-V2:57,RedPajama,7,0,0,0,0,0,0,,
UltraX-RedPajama-V2:58,RedPajama,9,1,1,1,1,0,0,,0.555599429860453
UltraX-RedPajama-V2:59,RedPajama,18,1,2,2,1,0,0,,0.12013217367445073
UltraX-RedPajama-V2:60,RedPajama,42,1,0,0,1,0,0,,
UltraX-RedPajama-V2:61,RedPajama,4,1,1,1,1,0,0,,-0.7338072321576412
UltraX-RedPajama-V2:62,RedPajama,4,1,0,0,1,0,0,,
UltraX-RedPajama-V2:63,RedPajama,22,4,3,1,2,0,0,,-0.6707327597498702
UltraX-RedPajama-V2:64,RedPajama,7,3,3,1,1,0,0,,-1.144285826594789
UltraX-RedPajama-V2:65,RedPajama,4,0,0,0,0,0,0,,
UltraX-RedPajama-V2:66,RedPajama,1,2,0,1,1,0,0,,
UltraX-RedPajama-V2:67,RedPajama,8,0,0,0,0,0,0,,
UltraX-RedPajama-V2:68,RedPajama,12,4,3,1,3,0,0,,-0.2692510836688591
UltraX-RedPajama-V2:69,RedPajama,11,5,3,1,1,0,0,,-0.9876596743100654
UltraX-RedPajama-V2:70,RedPajama,3,1,1,1,1,0,0,,-1.3121428571428568
UltraX-RedPajama-V2:71,RedPajama,5,0,0,0,0,0,0,,
UltraX-RedPajama-V2:72,RedPajama,15,1,1,1,1,0,0,,0.3922711999224022
UltraX-RedPajama-V2:73,RedPajama,4,5,3,0,1,0,0,,-1.3990625000000003
UltraX-RedPajama-V2:74,RedPajama,5,3,1,1,2,0,0,,0.02896772591857033
UltraX-RedPajama-V2:75,RedPajama,7,3,2,0,2,0,0,,0.12369444444444433
UltraX-RedPajama-V2:76,RedPajama,46,21,20,1,2,0,0,,-0.61309548837579
UltraX-RedPajama-V2:77,RedPajama,25,5,5,1,2,0,0,,-0.4569762214681825
UltraX-RedPajama-V2:78,RedPajama,58,8,5,1,1,0,0,,-0.10025255817600609
UltraX-RedPajama-V2:79,RedPajama,77,34,33,1,1,0,0,,0.1420172907184396
UltraX-RedPajama-V2:80,RedPajama,9,3,3,1,1,0,0,,0.06413451503041756
UltraX-RedPajama-V2:81,RedPajama,23,1,1,1,1,0,0,,-1.3186572591197017
UltraX-RedPajama-V2:82,RedPajama,2,0,0,1,0,0,0,,
UltraX-RedPajama-V2:83,RedPajama,56,22,21,1,3,0,0,,-0.2477005169225004
UltraX-RedPajama-V2:84,RedPajama,60,48,38,0,1,0,0,,-0.46705278432028674
UltraX-RedPajama-V2:85,RedPajama,11,1,1,0,1,0,0,,-1.461893196290843
UltraX-RedPajama-V2:86,RedPajama,58,29,29,1,1,0,0,,-0.4419451983845697
UltraX-RedPajama-V2:87,RedPajama,12,2,2,0,2,0,0,,-1.9696690620526631
UltraX-RedPajama-V2:88,RedPajama,22,0,0,0,0,0,0,,
UltraX-RedPajama-V2:89,RedPajama,5,0,0,0,0,0,0,,
UltraX-RedPajama-V2:90,RedPajama,5,2,2,1,1,0,0,,-0.14840989684074835
UltraX-RedPajama-V2:91,RedPajama,19,3,2,1,1,0,0,,0.03634803921568608
UltraX-RedPajama-V2:92,RedPajama,55,1,1,0,1,0,0,,0.351210358157358
UltraX-RedPajama-V2:93,RedPajama,55,6,6,1,1,0,0,,0.03237035630928187
UltraX-RedPajama-V2:94,RedPajama,4,1,0,1,1,0,0,,
UltraX-RedPajama-V2:95,RedPajama,2,0,0,0,0,0,0,,
UltraX-RedPajama-V2:96,RedPajama,24,1,1,1,1,0,0,,-1.407458879544686
UltraX-RedPajama-V2:97,RedPajama,49,9,9,2,5,0,0,,-0.2868758451384954
UltraX-RedPajama-V2:98,RedPajama,9,3,3,0,2,0,0,,-1.5470170454545462
UltraX-RedPajama-V2:99,RedPajama,19,1,0,1,1,0,0,,
UltraX-RedPajama-V2:100,RedPajama,19,0,0,0,0,0,0,,
UltraX-RedPajama-V2:101,RedPajama,35,2,1,1,1,0,0,,-0.6179145495746878
UltraX-RedPajama-V2:102,RedPajama,17,4,4,1,2,0,0,,-0.23712528416715717
UltraX-RedPajama-V2:103,RedPajama,1,0,0,0,0,0,0,,
UltraX-RedPajama-V2:104,RedPajama,48,13,12,1,3,0,0,,-0.8312511516699574
UltraX-RedPajama-V2:105,RedPajama,10,4,4,1,4,0,0,,-0.825646463049214
UltraX-RedPajama-V2:106,RedPajama,26,8,7,2,2,0,0,,-0.10197683041052485
UltraX-RedPajama-V2:107,RedPajama,3,0,0,0,0,0,0,,
UltraX-RedPajama-V2:108,RedPajama,12,10,9,1,1,0,0,,-0.7140841740939532
UltraX-RedPajama-V2:109,RedPajama,61,1,0,1,1,0,0,,
UltraX-RedPajama-V2:110,RedPajama,67,45,45,1,2,0,0,,-0.4080335821335366
UltraX-RedPajama-V2:111,RedPajama,55,22,4,1,3,0,0,,-1.7889063538687315
UltraX-RedPajama-V2:112,RedPajama,12,0,0,0,0,0,0,,
UltraX-RedPajama-V2:113,RedPajama,20,2,1,0,2,0,0,,-1.4365
UltraX-RedPajama-V2:114,RedPajama,7,3,3,1,2,0,0,,-0.5892404761904766
UltraX-RedPajama-V2:115,RedPajama,29,1,1,1,1,0,0,,-0.45792231205158984
UltraX-RedPajama-V2:116,RedPajama,19,12,12,1,1,0,0,,-0.13895616878856742
UltraX-RedPajama-V2:117,RedPajama,6,1,0,1,1,0,0,,
UltraX-RedPajama-V2:118,RedPajama,19,6,4,1,1,0,0,,-1.5962315625201615
UltraX-RedPajama-V2:119,RedPajama,8,0,0,0,0,0,0,,
UltraX-RedPajama-V2:120,RedPajama,6,2,2,1,1,0,0,,0.972541353383459
UltraX-RedPajama-V2:121,RedPajama,15,1,0,1,1,0,0,,
UltraX-RedPajama-V2:122,RedPajama,16,1,1,0,1,0,0,,-0.03364601642711573
UltraX-RedPajama-V2:123,RedPajama,10,1,1,1,1,0,0,,0.3331467303715865
UltraX-RedPajama-V2:124,RedPajama,24,6,5,1,1,0,0,,-0.32666586189320324
UltraX-RedPajama-V2:125,RedPajama,19,4,4,1,1,0,0,,-0.2220012989629403
UltraX-RedPajama-V2:126,RedPajama,17,3,2,1,1,0,0,,0.8921640401372715
UltraX-RedPajama-V2:127,RedPajama,5,0,0,1,0,0,0,,
UltraX-RedPajama-V2:128,RedPajama,38,15,16,0,12,0,0,,-0.8926081544015698
UltraX-RedPajama-V2:129,RedPajama,3,1,1,1,1,0,0,,0.053931623931624095
UltraX-RedPajama-V2:130,RedPajama,10,0,0,1,0,0,0,,
UltraX-RedPajama-V2:131,RedPajama,2,0,0,0,0,0,0,,
UltraX-RedPajama-V2:132,RedPajama,14,4,4,1,1,0,0,,-0.44579087938993833
UltraX-RedPajama-V2:133,RedPajama,42,3,2,1,2,0,0,,-0.4152280264465924
UltraX-RedPajama-V2:134,RedPajama,50,3,1,2,2,0,0,,-0.2737738561697016
UltraX-RedPajama-V2:135,RedPajama,21,4,3,1,4,0,0,,-1.202382082793286
UltraX-RedPajama-V2:136,RedPajama,27,7,7,1,7,0,0,,-0.5713374543098766
UltraX-RedPajama-V2:137,RedPajama,7,0,0,0,0,0,0,,
UltraX-RedPajama-V2:138,RedPajama,4,0,0,0,0,0,0,,
UltraX-RedPajama-V2:139,RedPajama,24,8,8,1,6,0,0,,-0.5923260542535891
UltraX-RedPajama-V2:140,RedPajama,31,1,1,0,1,0,0,,-0.9399538594830519
UltraX-RedPajama-V2:141,RedPajama,16,2,2,1,2,0,0,,0.7406202844774272
UltraX-RedPajama-V2:142,RedPajama,5,0,0,0,0,0,0,,
UltraX-RedPajama-V2:143,RedPajama,17,3,3,2,3,0,0,,-0.7784743863079697
UltraX-RedPajama-V2:144,RedPajama,41,3,3,0,1,0,0,,-0.8332457368906425
UltraX-RedPajama-V2:145,RedPajama,18,3,3,1,2,0,0,,-0.3108220320568975
UltraX-RedPajama-V2:146,RedPajama,19,3,3,2,2,0,0,,-0.8195105866021191
UltraX-RedPajama-V2:147,RedPajama,22,3,3,0,2,0,0,,-0.4195553166470578
UltraX-RedPajama-V2:148,RedPajama,18,1,1,1,1,0,0,,-0.7522395945710816
UltraX-RedPajama-V2:149,RedPajama,2,0,0,0,0,0,0,,
UltraX-RedPajama-V2:150,RedPajama,7,3,3,1,2,0,0,,0.2358101503759391
UltraX-RedPajama-V2:151,RedPajama,7,1,1,1,1,0,0,,-0.8921580244932885
UltraX-RedPajama-V2:152,RedPajama,18,4,3,1,3,0,0,,-0.7411263202445166
UltraX-RedPajama-V2:153,RedPajama,32,10,9,1,1,0,0,,-0.6312551001733828
UltraX-RedPajama-V2:154,RedPajama,5,0,0,0,0,0,0,,
UltraX-RedPajama-V2:155,RedPajama,5,1,1,1,1,0,0,,0.1487388966806913
UltraX-RedPajama-V2:156,RedPajama,56,4,4,1,1,0,0,,-1.131556680957856
UltraX-RedPajama-V2:157,RedPajama,8,1,1,1,1,0,0,,-0.29454643256149904
UltraX-RedPajama-V2:158,RedPajama,221,2,1,3,2,0,0,,-0.32941829521317967
UltraX-RedPajama-V2:159,RedPajama,22,16,11,1,1,0,0,,-0.732844030715734
UltraX-RedPajama-V2:160,RedPajama,42,0,0,0,0,0,0,,
UltraX-RedPajama-V2:161,RedPajama,38,1,1,1,1,0,0,,0.15234921098948107
UltraX-RedPajama-V2:162,RedPajama,5,0,0,1,0,0,0,,
UltraX-RedPajama-V2:163,RedPajama,7,1,1,0,1,0,0,,-0.20561151681886614
UltraX-RedPajama-V2:164,RedPajama,12,0,0,1,0,0,0,,
UltraX-RedPajama-V2:165,RedPajama,2,0,0,0,0,0,0,,
UltraX-RedPajama-V2:166,RedPajama,7,1,1,1,1,0,0,,-2.0937353781180685
UltraX-RedPajama-V2:167,RedPajama,28,1,0,0,1,0,0,,
UltraX-RedPajama-V2:168,RedPajama,42,14,13,1,1,0,0,,-0.0332922896315031
UltraX-RedPajama-V2:169,RedPajama,103,7,2,1,6,0,0,,0.2773633652769165
UltraX-RedPajama-V2:170,RedPajama,27,2,0,1,1,0,0,,
UltraX-RedPajama-V2:171,RedPajama,37,2,2,0,2,0,0,,-1.595953302834836
UltraX-RedPajama-V2:172,RedPajama,9,1,1,1,1,0,0,,0.31514765014883395
UltraX-RedPajama-V2:173,RedPajama,24,11,10,0,3,0,0,,-0.6330994589711088
UltraX-RedPajama-V2:174,RedPajama,5,4,4,1,1,0,0,,-0.8254846938775513
UltraX-RedPajama-V2:175,RedPajama,11,1,1,0,1,0,0,,-0.2019807295796987
UltraX-RedPajama-V2:176,RedPajama,5,0,0,1,0,0,0,,
UltraX-RedPajama-V2:177,RedPajama,10,2,2,1,1,0,0,,-0.43292930888445724
UltraX-RedPajama-V2:178,RedPajama,13,1,1,1,1,0,0,,0.12767994959558582
UltraX-RedPajama-V2:179,RedPajama,2,0,0,0,0,0,0,,
UltraX-RedPajama-V2:180,RedPajama,6,1,1,1,1,0,0,,-0.59455460808402
UltraX-RedPajama-V2:181,RedPajama,25,1,1,1,1,0,0,,0.4965992836790383
UltraX-RedPajama-V2:182,RedPajama,24,4,4,1,1,0,0,,-0.3257113761325936
UltraX-RedPajama-V2:183,RedPajama,9,1,0,1,1,0,0,,
UltraX-RedPajama-V2:184,RedPajama,49,1,1,1,1,0,0,,0.16380881854708296
UltraX-RedPajama-V2:185,RedPajama,6,1,1,1,1,0,0,,-2.1754867659222503
UltraX-RedPajama-V2:186,RedPajama,14,1,0,0,1,0,0,,
UltraX-RedPajama-V2:187,RedPajama,9,1,1,1,1,0,0,,-0.4413714490867928
UltraX-RedPajama-V2:188,RedPajama,27,6,6,0,6,0,0,,-1.4634714678733411
UltraX-RedPajama-V2:189,RedPajama,33,0,0,0,0,0,0,,
UltraX-RedPajama-V2:190,RedPajama,15,0,0,0,0,0,0,,
UltraX-RedPajama-V2:191,RedPajama,4,0,0,0,0,0,0,,
UltraX-RedPajama-V2:192,RedPajama,14,7,6,1,1,0,0,,-0.08555134242341822
UltraX-RedPajama-V2:193,RedPajama,13,1,1,1,1,0,0,,-2.3501741342573137
UltraX-RedPajama-V2:194,RedPajama,30,12,12,1,1,0,0,,-0.17661484013275608
UltraX-RedPajama-V2:195,RedPajama,21,5,5,1,1,0,0,,0.08375813820633038
UltraX-RedPajama-V2:196,RedPajama,38,4,4,1,1,0,0,,-0.5094809903123867
UltraX-RedPajama-V2:197,RedPajama,21,0,0,0,0,0,0,,
UltraX-RedPajama-V2:198,RedPajama,17,0,0,0,0,0,0,,
UltraX-RedPajama-V2:199,RedPajama,11,1,1,1,1,0,0,,-1.1667103896103894
UltraX-RedPajama-V2:200,RedPajama,37,7,7,4,3,0,0,,-0.684553658908678
UltraX-RedPajama-V2:201,RedPajama,3,1,1,0,1,0,0,,-1.1056547619047619
UltraX-RedPajama-V2:202,RedPajama,3,0,0,0,0,0,0,,
UltraX-RedPajama-V2:203,RedPajama,109,57,33,1,3,0,0,,-0.5051704413300158
UltraX-RedPajama-V2:204,RedPajama,4,1,1,0,1,0,0,,0.6070660633410183
UltraX-RedPajama-V2:205,RedPajama,6,1,1,0,1,0,0,,
UltraX-RedPajama-V2:206,RedPajama,8,1,0,1,1,0,0,,
UltraX-RedPajama-V2:207,RedPajama,12,1,1,1,1,0,0,,-0.1883662242155033
UltraX-RedPajama-V2:208,RedPajama,4,3,2,0,1,0,0,,-1.6026041666666666
UltraX-RedPajama-V2:209,RedPajama,14,7,3,1,1,0,0,,-0.6970342743866018
UltraX-RedPajama-V2:210,RedPajama,28,2,2,1,2,0,0,,-0.9928447910783413
UltraX-RedPajama-V2:211,RedPajama,15,10,10,1,2,0,0,,-0.3714045937035104
UltraX-RedPajama-V2:212,RedPajama,7,5,5,0,1,0,0,,-0.49848210290827755
UltraX-RedPajama-V2:213,RedPajama,20,1,0,0,1,0,0,,
UltraX-RedPajama-V2:214,RedPajama,15,2,1,1,2,0,0,,-0.7312137675132746
UltraX-RedPajama-V2:215,RedPajama,5,2,2,0,2,0,0,,-0.9454828713094434
UltraX-RedPajama-V2:216,RedPajama,4,3,2,0,2,0,0,,-0.027831196581196593
UltraX-RedPajama-V2:217,RedPajama,3,0,0,0,0,0,0,,
UltraX-RedPajama-V2:218,RedPajama,7,1,1,1,1,0,0,,-0.7746556776556774
UltraX-RedPajama-V2:219,RedPajama,25,2,2,1,1,0,0,,0.13908355711814302
UltraX-RedPajama-V2:220,RedPajama,12,6,6,1,2,0,0,,-0.22884797263767176
UltraX-RedPajama-V2:221,RedPajama,7,2,1,1,2,0,0,,-0.7976861311515018
UltraX-RedPajama-V2:222,RedPajama,9,2,2,0,2,0,0,,0.23933966352498448
UltraX-RedPajama-V2:223,RedPajama,11,1,1,1,1,0,0,,-0.6059028751441788
UltraX-RedPajama-V2:224,RedPajama,58,14,13,1,1,0,0,,-1.0330184999812637
UltraX-RedPajama-V2:225,RedPajama,5,0,0,1,0,0,0,,
UltraX-RedPajama-V2:226,RedPajama,32,18,17,1,1,0,0,,-0.11890363422847461
UltraX-RedPajama-V2:227,RedPajama,2,1,1,1,1,0,0,,0.29166666666666696
UltraX-RedPajama-V2:228,RedPajama,13,2,2,1,2,0,0,,0.3420842231405805
UltraX-RedPajama-V2:229,RedPajama,5,1,1,1,1,0,0,,-0.1475926850926852
UltraX-RedPajama-V2:230,RedPajama,13,7,8,2,1,0,0,,0.005639831644624671
UltraX-RedPajama-V2:231,RedPajama,28,1,1,1,1,0,0,,0.19010577500296488
UltraX-RedPajama-V2:232,RedPajama,13,0,0,1,0,0,0,,
UltraX-RedPajama-V2:233,RedPajama,25,3,2,1,3,0,0,,-0.06375115695255218
UltraX-RedPajama-V2:234,RedPajama,82,4,3,1,2,0,0,,-2.3262061833919994
UltraX-RedPajama-V2:235,RedPajama,20,0,0,1,0,0,0,,
UltraX-RedPajama-V2:236,RedPajama,1,0,0,0,0,0,0,,
UltraX-RedPajama-V2:237,RedPajama,27,7,6,1,3,0,0,,-0.968406120233575
UltraX-RedPajama-V2:238,RedPajama,3,1,1,0,1,0,0,,0.4464331501831502
UltraX-RedPajama-V2:239,RedPajama,15,1,1,1,1,0,0,,0.02663147134052668
UltraX-RedPajama-V2:240,RedPajama,9,0,0,0,0,0,0,,
UltraX-RedPajama-V2:241,RedPajama,11,0,0,2,0,0,0,,
UltraX-RedPajama-V2:242,RedPajama,18,0,0,0,0,0,0,,
UltraX-RedPajama-V2:243,RedPajama,6,1,1,1,1,0,0,,0.34142195250456187
UltraX-RedPajama-V2:244,RedPajama,6,1,1,0,1,0,0,,0.7567960214495768
UltraX-RedPajama-V2:245,RedPajama,3,1,1,0,1,0,0,,-1.4571111111111108
UltraX-RedPajama-V2:246,RedPajama,18,5,5,1,1,0,0,,-0.06382659295860726
UltraX-RedPajama-V2:247,RedPajama,9,4,4,0,2,0,0,,0.0364075029001496
UltraX-RedPajama-V2:248,RedPajama,8,2,2,1,2,0,0,,1.2789443957542117
UltraX-RedPajama-V2:249,RedPajama,20,1,0,0,1,0,0,,
UltraX-RedPajama-V2:250,RedPajama,8,1,0,1,1,0,0,,
UltraX-RedPajama-V2:251,RedPajama,14,1,1,0,1,0,0,,-0.2895689538022541
UltraX-RedPajama-V2:252,RedPajama,55,32,25,1,6,0,0,,0.10308649312458584
UltraX-RedPajama-V2:253,RedPajama,20,8,8,1,4,0,0,,-0.26825752374834355
UltraX-RedPajama-V2:254,RedPajama,19,11,11,0,1,0,0,,-0.25628597417685306
UltraX-RedPajama-V2:255,RedPajama,50,8,7,1,6,0,0,,0.05399084401464016
UltraX-RedPajama-V2:256,RedPajama,7,1,1,0,1,0,0,,-1.0045556442766816
UltraX-RedPajama-V2:257,RedPajama,15,6,4,2,1,0,0,,0.039282228971744715
UltraX-RedPajama-V2:258,RedPajama,20,3,2,1,2,0,0,,-0.6844743603122305
UltraX-RedPajama-V2:259,RedPajama,70,1,1,1,1,0,0,,-0.8162311384437251
UltraX-RedPajama-V2:260,RedPajama,1,1,0,0,1,0,0,,
UltraX-RedPajama-V2:261,RedPajama,12,3,3,0,1,0,0,,0.04387709705910847
UltraX-RedPajama-V2:262,RedPajama,22,9,9,1,1,0,0,,-0.3597163849178271
UltraX-RedPajama-V2:263,RedPajama,66,23,23,1,3,0,0,,-0.10212035435325806
UltraX-RedPajama-V2:264,RedPajama,245,50,36,1,6,0,0,,-0.9509073536273114
UltraX-RedPajama-V2:265,RedPajama,9,0,0,0,0,0,0,,
UltraX-RedPajama-V2:266,RedPajama,12,1,1,0,1,0,0,,-1.2865332640141753
UltraX-RedPajama-V2:267,RedPajama,1,0,0,1,0,0,0,,
UltraX-RedPajama-V2:268,RedPajama,45,35,33,1,2,0,0,,-0.24646757367276084
UltraX-RedPajama-V2:269,RedPajama,7,2,2,0,2,0,0,,-0.8873026578073082
UltraX-RedPajama-V2:270,RedPajama,6,1,1,1,1,0,0,,-0.5254968096244843
UltraX-RedPajama-V2:271,RedPajama,7,1,1,0,1,0,0,,0.23413547758284636
UltraX-RedPajama-V2:272,RedPajama,18,2,2,1,1,0,0,,-0.9560820220544519
UltraX-RedPajama-V2:273,RedPajama,23,8,6,1,1,0,0,,-0.4742418324946538
UltraX-RedPajama-V2:274,RedPajama,26,6,3,1,3,0,0,,-0.2625163857428241
UltraX-RedPajama-V2:275,RedPajama,29,0,0,0,0,0,0,,
UltraX-RedPajama-V2:276,RedPajama,11,3,2,0,1,0,0,,-0.32584768265795017
UltraX-RedPajama-V2:277,RedPajama,62,4,3,1,2,0,0,,-0.8711579557644784
UltraX-RedPajama-V2:278,RedPajama,19,6,6,1,6,0,0,,-0.10601562860984615
UltraX-RedPajama-V2:279,RedPajama,15,1,1,0,1,0,0,,0.3879045633649669
UltraX-RedPajama-V2:280,RedPajama,9,1,1,1,1,0,0,,-0.04369574925537023
UltraX-RedPajama-V2:281,RedPajama,2,0,0,0,0,0,0,,
UltraX-RedPajama-V2:282,RedPajama,10,1,0,0,1,0,0,,
UltraX-RedPajama-V2:283,RedPajama,12,0,0,0,0,0,0,,
UltraX-RedPajama-V2:284,RedPajama,20,3,3,1,2,0,0,,-0.22769791243834092
UltraX-RedPajama-V2:285,RedPajama,20,2,2,1,2,0,0,,-0.5342410007891623
UltraX-RedPajama-V2:286,RedPajama,8,4,3,1,2,0,0,,0.20153828533796414
UltraX-RedPajama-V2:287,RedPajama,35,2,1,1,2,0,0,,-0.8995444367185481
UltraX-RedPajama-V2:288,RedPajama,9,1,1,1,1,0,0,,-0.06594068565842726
UltraX-RedPajama-V2:289,RedPajama,22,2,1,0,1,0,0,,-0.5558821079765206
UltraX-RedPajama-V2:290,RedPajama,9,0,0,0,0,0,0,,
UltraX-RedPajama-V2:291,RedPajama,3,0,0,0,0,0,0,,
UltraX-RedPajama-V2:292,RedPajama,20,9,9,1,1,0,0,,-0.36230235403804834
UltraX-RedPajama-V2:293,RedPajama,27,2,1,1,1,0,0,,0.07500399606628783
UltraX-RedPajama-V2:294,RedPajama,3,1,1,0,1,0,0,,0.06589473684210656
UltraX-RedPajama-V2:295,RedPajama,25,2,2,1,1,0,0,,0.17251384628534705
UltraX-RedPajama-V2:296,RedPajama,15,5,5,1,4,0,0,,-0.48025725972633637
UltraX-RedPajama-V2:297,RedPajama,5,0,0,0,0,0,0,,
UltraX-RedPajama-V2:298,RedPajama,24,0,0,0,0,0,0,,
UltraX-RedPajama-V2:299,RedPajama,4,2,2,0,1,0,0,,-0.24641666666666673
UltraX-RedPajama-V2:300,RedPajama,20,11,11,1,1,0,0,,-0.9851948204073997
UltraX-RedPajama-V2:301,RedPajama,59,12,12,1,2,0,0,,-0.43027509373143147
UltraX-RedPajama-V2:302,RedPajama,10,3,1,1,1,0,0,,-0.0022169312169317834
UltraX-RedPajama-V2:303,RedPajama,10,3,2,1,1,0,0,,-1.0713553893060235
UltraX-RedPajama-V2:304,RedPajama,21,0,0,0,0,0,0,,
UltraX-RedPajama-V2:305,RedPajama,8,1,1,1,1,0,0,,-0.9201713900943798
UltraX-RedPajama-V2:306,RedPajama,13,3,2,1,1,0,0,,0.1207954614130129
UltraX-RedPajama-V2:307,RedPajama,29,8,8,2,1,0,0,,-0.9106839716585666
UltraX-RedPajama-V2:308,RedPajama,17,1,1,1,1,0,0,,0.7888085585562177
UltraX-RedPajama-V2:309,RedPajama,5,1,1,0,1,0,0,,-0.435751288876288
UltraX-RedPajama-V2:310,RedPajama,20,6,5,1,2,0,0,,-0.6518701898270818
UltraX-RedPajama-V2:311,RedPajama,4,2,2,0,1,0,0,,-0.8549499999999997
UltraX-RedPajama-V2:312,RedPajama,55,8,4,1,1,0,0,,-0.08610442911507832
UltraX-RedPajama-V2:313,RedPajama,8,2,2,1,1,0,0,,-1.218585206525348
UltraX-RedPajama-V2:314,RedPajama,24,1,1,2,1,0,0,,0.1152114803346862
UltraX-RedPajama-V2:315,RedPajama,29,2,1,1,2,0,0,,-0.5534752834670718
UltraX-RedPajama-V2:316,RedPajama,18,4,4,1,1,0,0,,-0.6510646485496929
UltraX-RedPajama-V2:317,RedPajama,6,2,1,0,1,0,0,,-0.09200528041212941
UltraX-RedPajama-V2:318,RedPajama,8,1,1,0,1,0,0,,-0.23494035124468038
UltraX-RedPajama-V2:319,RedPajama,37,0,0,0,0,0,0,,
UltraX-RedPajama-V2:320,RedPajama,6,0,0,0,0,0,0,,
UltraX-RedPajama-V2:321,RedPajama,11,0,0,0,0,0,0,,
UltraX-RedPajama-V2:322,RedPajama,1,0,0,0,0,0,0,,
UltraX-RedPajama-V2:323,RedPajama,40,27,14,1,2,0,0,,-0.5173329832449864
UltraX-RedPajama-V2:324,RedPajama,157,66,65,6,1,0,0,,-0.5864132598820744
UltraX-RedPajama-V2:325,RedPajama,21,1,1,1,1,0,0,,-0.550290550033262
UltraX-RedPajama-V2:326,RedPajama,2,0,0,1,0,0,0,,
UltraX-RedPajama-V2:327,RedPajama,21,5,5,1,1,0,0,,-1.081881769270872
UltraX-RedPajama-V2:328,RedPajama,7,1,1,0,1,0,0,,-0.024989024115393832
UltraX-RedPajama-V2:329,RedPajama,11,2,2,2,1,0,0,,-1.0125146351416037
UltraX-RedPajama-V2:330,RedPajama,7,0,0,1,0,0,0,,
UltraX-RedPajama-V2:331,RedPajama,7,4,4,1,2,0,0,,-0.631545189287837
UltraX-RedPajama-V2:332,RedPajama,18,3,3,1,1,0,0,,-1.499008177008177
UltraX-RedPajama-V2:333,RedPajama,18,6,5,1,1,0,0,,-0.6734488171786932
UltraX-RedPajama-V2:334,RedPajama,26,3,2,0,2,0,0,,-0.9808793782244125
UltraX-RedPajama-V2:335,RedPajama,36,9,9,1,2,0,0,,-1.4006256065601912
UltraX-RedPajama-V2:336,RedPajama,9,0,0,1,0,0,0,,
UltraX-RedPajama-V2:337,RedPajama,6,0,0,0,0,0,0,,
UltraX-RedPajama-V2:338,RedPajama,9,1,1,1,1,0,0,,-0.12174377948780535
UltraX-RedPajama-V2:339,RedPajama,8,1,1,0,1,0,0,,-1.1517175756907854
UltraX-RedPajama-V2:340,RedPajama,9,1,1,0,1,0,0,,-1.1281866951189832
UltraX-RedPajama-V2:341,RedPajama,21,2,2,4,2,0,0,,-0.4868726675429782
UltraX-RedPajama-V2:342,RedPajama,9,0,0,0,0,0,0,,
UltraX-RedPajama-V2:343,RedPajama,8,2,1,2,2,0,0,,-1.7573785301999587
UltraX-RedPajama-V2:344,RedPajama,8,1,1,0,1,0,0,,-2.5978141560443704
UltraX-RedPajama-V2:345,RedPajama,12,2,2,1,1,0,0,,-0.021006216148768075
UltraX-RedPajama-V2:346,RedPajama,10,3,3,1,1,0,0,,-0.6247296360037051
UltraX-RedPajama-V2:347,RedPajama,180,28,20,1,25,0,0,,-0.5932199279748014
UltraX-RedPajama-V2:348,RedPajama,8,1,1,0,1,0,0,,-0.3136957503848805
UltraX-RedPajama-V2:349,RedPajama,127,16,16,1,10,0,0,,-0.27544462286526894
UltraX-RedPajama-V2:350,RedPajama,1,0,0,0,0,0,0,,
UltraX-RedPajama-V2:351,RedPajama,17,9,9,1,2,0,0,,-1.3026182017057018
UltraX-RedPajama-V2:352,RedPajama,12,1,1,0,1,0,0,,0.7537811310697453
UltraX-RedPajama-V2:353,RedPajama,14,2,2,1,2,0,0,,-0.8564610219388724
UltraX-RedPajama-V2:354,RedPajama,19,11,11,1,2,0,0,,-0.4963652314083431
UltraX-RedPajama-V2:355,RedPajama,3,0,0,0,0,0,0,,
UltraX-RedPajama-V2:356,RedPajama,2,0,0,1,0,0,0,,
UltraX-RedPajama-V2:357,RedPajama,18,2,1,1,1,0,0,,-1.5218874285287485
UltraX-RedPajama-V2:358,RedPajama,67,24,20,1,3,0,0,,-0.4716616970202674
UltraX-RedPajama-V2:359,RedPajama,23,6,6,1,1,0,0,,-0.4383673447210281
UltraX-RedPajama-V2:360,RedPajama,58,9,7,1,3,0,0,,-1.333182687080435
UltraX-RedPajama-V2:361,RedPajama,31,5,4,1,2,0,0,,0.11816146433479346
UltraX-RedPajama-V2:362,RedPajama,17,1,0,1,1,0,0,,
UltraX-RedPajama-V2:363,RedPajama,22,2,0,1,2,0,0,,
UltraX-RedPajama-V2:364,RedPajama,135,32,30,1,2,0,0,,-0.6759482594269013
UltraX-RedPajama-V2:365,RedPajama,51,1,1,0,1,0,0,,-1.7539904292991961
UltraX-RedPajama-V2:366,RedPajama,17,8,7,1,6,0,0,,-1.0140049459283214
UltraX-RedPajama-V2:367,RedPajama,29,6,5,1,4,0,0,,-0.008189018553327543
UltraX-RedPajama-V2:368,RedPajama,72,1,1,0,1,0,0,,1.6220420557571904
UltraX-RedPajama-V2:369,RedPajama,35,14,12,1,11,0,0,,-0.8734009223001307
UltraX-RedPajama-V2:370,RedPajama,12,3,3,0,3,0,0,,-0.9764646546790763
UltraX-RedPajama-V2:371,RedPajama,5,1,1,0,1,0,0,,-1.2005
UltraX-RedPajama-V2:372,RedPajama,34,10,10,1,1,0,0,,-0.17280684781089217
UltraX-RedPajama-V2:373,RedPajama,8,0,0,0,0,0,0,,
UltraX-RedPajama-V2:374,RedPajama,9,1,1,1,1,0,0,,0.2477839708928764
UltraX-RedPajama-V2:375,RedPajama,7,1,1,0,1,0,0,,-0.2673844871978748
UltraX-RedPajama-V2:376,RedPajama,39,10,10,1,5,0,0,,-0.6445104816786316
UltraX-RedPajama-V2:377,RedPajama,4,0,0,2,0,0,0,,
UltraX-RedPajama-V2:378,RedPajama,3,0,0,0,0,0,0,,
UltraX-RedPajama-V2:379,RedPajama,13,2,1,1,2,0,0,,-0.2689968079776861
UltraX-RedPajama-V2:380,RedPajama,132,0,0,1,0,0,0,,
UltraX-RedPajama-V2:381,RedPajama,1,0,0,1,0,0,0,,
UltraX-RedPajama-V2:382,RedPajama,3,0,0,0,0,0,0,,
UltraX-RedPajama-V2:383,RedPajama,13,0,0,0,0,0,0,,
UltraX-RedPajama-V2:384,RedPajama,58,16,11,1,2,0,0,,0.22125559981769438
UltraX-RedPajama-V2:385,RedPajama,17,9,9,2,1,0,0,,-0.2992550840360195
UltraX-RedPajama-V2:386,RedPajama,70,8,8,1,1,0,0,,-0.1532554724793611
UltraX-RedPajama-V2:387,RedPajama,12,8,8,1,5,0,0,,-1.7529726226743554
UltraX-RedPajama-V2:388,RedPajama,33,1,1,1,1,0,0,,0.2640206480488114
UltraX-RedPajama-V2:389,RedPajama,2,0,0,0,0,0,0,,
UltraX-RedPajama-V2:390,RedPajama,15,6,5,1,1,0,0,,-0.6141879248702171
UltraX-RedPajama-V2:391,RedPajama,22,0,0,1,0,0,0,,
UltraX-RedPajama-V2:392,RedPajama,40,6,5,1,2,0,0,,-0.9051419736331541
UltraX-RedPajama-V2:393,RedPajama,188,0,0,0,0,0,0,,
UltraX-RedPajama-V2:394,RedPajama,18,5,5,1,1,0,0,,-1.3835137234562298
UltraX-RedPajama-V2:395,RedPajama,34,1,1,1,1,0,0,,-0.5788953650202746
UltraX-RedPajama-V2:396,RedPajama,14,0,0,0,0,0,0,,
UltraX-RedPajama-V2:397,RedPajama,87,2,2,1,2,0,0,,0.3889754713711868
UltraX-RedPajama-V2:398,RedPajama,5,0,0,0,0,0,0,,
UltraX-RedPajama-V2:399,RedPajama,38,31,31,1,2,0,0,,-0.41436727256703865
UltraX-RedPajama-V2:400,RedPajama,9,1,1,1,1,0,0,,-0.9760629463228083
UltraX-RedPajama-V2:401,RedPajama,2,0,0,0,0,0,0,,
UltraX-RedPajama-V2:402,RedPajama,53,8,7,0,2,0,0,,0.38722718277848234
UltraX-RedPajama-V2:403,RedPajama,36,16,16,1,3,0,0,,-0.6991978989371903
UltraX-RedPajama-V2:404,RedPajama,37,5,1,2,2,0,0,,-0.8214668153438023
UltraX-RedPajama-V2:405,RedPajama,25,10,5,1,1,0,0,,0.1413746965192617
UltraX-RedPajama-V2:406,RedPajama,8,1,1,0,1,0,0,,-0.11466443887496514
UltraX-RedPajama-V2:407,RedPajama,55,23,20,0,1,0,0,,0.1908280889539853
UltraX-RedPajama-V2:408,RedPajama,1,0,0,0,0,0,0,,
UltraX-RedPajama-V2:409,RedPajama,11,3,2,1,3,0,1,,-0.31999582439055363
UltraX-RedPajama-V2:410,RedPajama,16,1,1,1,1,0,0,,-1.221571394795368
UltraX-RedPajama-V2:411,RedPajama,8,2,2,1,1,0,0,,-0.6926308922558926
UltraX-RedPajama-V2:412,RedPajama,3,0,0,0,0,0,0,,
UltraX-RedPajama-V2:413,RedPajama,7,1,1,1,1,0,0,,0.5583869002284843
UltraX-RedPajama-V2:414,RedPajama,6,2,2,1,1,0,0,,-0.7706249639302607
UltraX-RedPajama-V2:415,RedPajama,18,0,0,0,0,0,0,,
UltraX-RedPajama-V2:416,RedPajama,21,4,2,0,2,0,0,,-0.0762665094107815
UltraX-RedPajama-V2:417,RedPajama,78,0,0,0,0,0,0,,
UltraX-RedPajama-V2:418,RedPajama,30,3,1,1,3,0,0,,-0.2083394254735964
UltraX-RedPajama-V2:419,RedPajama,126,5,5,1,1,0,0,,0.39183863757173754
UltraX-RedPajama-V2:420,RedPajama,41,1,1,1,1,0,0,,-0.8229251565865221
UltraX-RedPajama-V2:421,RedPajama,83,10,8,0,4,0,0,,-0.5666656840527926
UltraX-RedPajama-V2:422,RedPajama,16,10,10,1,1,0,0,,-0.3381312048153937
UltraX-RedPajama-V2:423,RedPajama,49,0,0,0,0,0,0,,
UltraX-RedPajama-V2:424,RedPajama,24,0,0,0,0,0,0,,
UltraX-RedPajama-V2:425,RedPajama,8,2,2,1,1,0,0,,-1.085437391152909
UltraX-RedPajama-V2:426,RedPajama,58,1,1,1,1,0,0,,0.5915619845065807
UltraX-RedPajama-V2:427,RedPajama,14,3,3,0,1,0,0,,-1.1033962222330658
UltraX-RedPajama-V2:428,RedPajama,23,2,2,0,1,0,0,,-1.2521347206084839
UltraX-RedPajama-V2:429,RedPajama,78,27,27,1,1,0,0,,0.019026276962794242
UltraX-RedPajama-V2:430,RedPajama,29,1,1,0,1,0,0,,-1.7023100561277942
UltraX-RedPajama-V2:431,RedPajama,40,0,0,0,0,0,0,,
UltraX-RedPajama-V2:432,RedPajama,21,0,0,0,0,0,0,,
UltraX-RedPajama-V2:433,RedPajama,16,3,2,0,1,0,0,,-0.5943145775403673
UltraX-RedPajama-V2:434,RedPajama,39,15,15,1,2,0,0,,-0.028804506705103705
UltraX-RedPajama-V2:435,RedPajama,7,0,0,0,0,0,0,,
UltraX-RedPajama-V2:436,RedPajama,10,5,5,1,2,0,0,,-0.12855576923076928
UltraX-RedPajama-V2:437,RedPajama,12,0,0,0,0,0,0,,
UltraX-RedPajama-V2:438,RedPajama,4,1,1,1,1,0,0,,-2.7397368043859958
UltraX-RedPajama-V2:439,RedPajama,21,1,0,0,1,0,0,,
UltraX-RedPajama-V2:440,RedPajama,4,0,0,0,0,0,0,,
UltraX-RedPajama-V2:441,RedPajama,14,4,3,1,1,0,0,,-1.01759421885669
UltraX-RedPajama-V2:442,RedPajama,25,4,4,1,1,0,0,,-0.311765308065862
UltraX-RedPajama-V2:443,RedPajama,59,29,22,1,2,0,0,,-0.7928342066650478
UltraX-RedPajama-V2:444,RedPajama,3,1,1,1,1,0,0,,0.11120688788335809
UltraX-RedPajama-V2:445,RedPajama,23,3,3,1,1,0,0,,-1.2792364075349019
UltraX-RedPajama-V2:446,RedPajama,13,0,0,0,0,0,0,,
UltraX-RedPajama-V2:447,RedPajama,67,3,3,4,3,0,0,,-0.3682188957912338
UltraX-RedPajama-V2:448,RedPajama,11,1,1,0,1,0,0,,-2.503790276250851
UltraX-RedPajama-V2:449,RedPajama,14,3,3,1,3,0,0,,-0.40076483622554804
UltraX-RedPajama-V2:450,RedPajama,42,3,2,1,2,0,0,,-1.1871708146908615
UltraX-RedPajama-V2:451,RedPajama,15,0,0,0,0,0,0,,
UltraX-RedPajama-V2:452,RedPajama,23,6,6,0,1,0,0,,-0.3265313767372868
UltraX-RedPajama-V2:453,RedPajama,4,0,0,0,0,0,0,,
UltraX-RedPajama-V2:454,RedPajama,12,2,1,0,2,0,0,,-0.13710502154420112
UltraX-RedPajama-V2:455,RedPajama,9,1,0,1,1,0,0,,
UltraX-RedPajama-V2:456,RedPajama,14,2,1,1,2,0,0,,0.30995282661506174
UltraX-RedPajama-V2:457,RedPajama,30,4,4,1,1,0,0,,-0.009699743466748956
UltraX-RedPajama-V2:458,RedPajama,17,4,4,1,1,0,0,,0.035065540581131316
UltraX-RedPajama-V2:459,RedPajama,5,1,1,1,1,0,0,,-0.6949880952380951
UltraX-RedPajama-V2:460,RedPajama,28,1,1,0,1,0,0,,0.13351670110097213
UltraX-RedPajama-V2:461,RedPajama,39,2,2,1,2,0,0,,0.07028525109271655
UltraX-RedPajama-V2:462,RedPajama,6,3,3,1,1,0,0,,0.27941329016350647
UltraX-RedPajama-V2:463,RedPajama,4,0,0,0,0,0,0,,
UltraX-RedPajama-V2:464,RedPajama,7,0,0,1,0,0,0,,
UltraX-RedPajama-V2:465,RedPajama,20,0,0,0,0,0,0,,
UltraX-RedPajama-V2:466,RedPajama,14,5,3,1,3,0,0,,-0.4023282238565802
UltraX-RedPajama-V2:467,RedPajama,23,2,2,1,2,0,0,,-0.27883920656885763
UltraX-RedPajama-V2:468,RedPajama,5,0,0,0,0,0,0,,
UltraX-RedPajama-V2:469,RedPajama,8,1,1,1,1,0,0,,-1.2130807228864349
UltraX-RedPajama-V2:470,RedPajama,7,1,1,1,1,0,0,,-0.9504746932032875
UltraX-RedPajama-V2:471,RedPajama,4,0,0,0,0,0,0,,
UltraX-RedPajama-V2:472,RedPajama,14,2,2,1,1,0,0,,-0.1610910280979665
UltraX-RedPajama-V2:473,RedPajama,13,1,0,0,1,0,0,,
UltraX-RedPajama-V2:474,RedPajama,31,1,0,0,1,0,0,,
UltraX-RedPajama-V2:475,RedPajama,16,1,1,0,1,0,0,,-0.6333879928141233
UltraX-RedPajama-V2:476,RedPajama,7,1,1,1,1,0,0,,0.864341687552213
UltraX-RedPajama-V2:477,RedPajama,65,25,26,3,3,0,0,,-0.8461317963847437
UltraX-RedPajama-V2:478,RedPajama,32,10,10,1,1,0,0,,-0.3673812335066655
UltraX-RedPajama-V2:479,RedPajama,18,9,6,2,2,0,0,,-0.8177437644048426
UltraX-RedPajama-V2:480,RedPajama,34,11,9,1,1,0,0,,-0.061234164817161485
UltraX-RedPajama-V2:481,RedPajama,8,1,1,1,1,0,0,,0.13968369130869096
UltraX-RedPajama-V2:482,RedPajama,11,6,3,1,2,0,0,,0.44872800314665895
UltraX-RedPajama-V2:483,RedPajama,31,8,8,1,1,0,0,,-0.5075499461618111
UltraX-RedPajama-V2:484,RedPajama,15,0,0,0,0,0,0,,
UltraX-RedPajama-V2:485,RedPajama,4,1,1,1,1,0,0,,-1.4772201257861632
UltraX-RedPajama-V2:486,RedPajama,15,0,0,0,0,0,0,,
UltraX-RedPajama-V2:487,RedPajama,31,4,4,1,4,0,0,,-1.246921586220454
UltraX-RedPajama-V2:488,RedPajama,9,3,2,1,3,0,1,,-0.8855650618617856
UltraX-RedPajama-V2:489,RedPajama,15,3,3,0,3,0,0,,-0.6723204952955335
UltraX-RedPajama-V2:490,RedPajama,7,2,1,1,2,0,1,,-0.9330495513423953
UltraX-RedPajama-V2:491,RedPajama,18,7,6,1,2,0,0,,-0.7953268606416835
UltraX-RedPajama-V2:492,RedPajama,25,7,6,1,3,0,0,,-1.0861246028056009
UltraX-RedPajama-V2:493,RedPajama,39,4,2,1,1,0,0,,0.280232381569407
UltraX-RedPajama-V2:494,RedPajama,24,6,4,1,2,0,0,,-0.9467479563596033
UltraX-RedPajama-V2:495,RedPajama,30,5,4,1,2,0,0,,-0.6891482270920912
UltraX-RedPajama-V2:496,RedPajama,8,1,0,1,1,0,0,,
UltraX-RedPajama-V2:497,RedPajama,16,1,1,0,1,0,0,,0.10070734423327199
UltraX-RedPajama-V2:498,RedPajama,7,2,1,1,1,0,0,,-2.138914102281318
UltraX-RedPajama-V2:499,RedPajama,12,2,2,1,2,0,0,,-0.8788539609894306
UltraX-RedPajama-V2:500,RedPajama,80,75,69,1,1,0,0,,0.16772624902412137
UltraX-RedPajama-V2:501,RedPajama,7,0,0,0,0,0,0,,
UltraX-RedPajama-V2:502,RedPajama,33,9,7,1,1,0,0,,0.2030697997238633
UltraX-RedPajama-V2:503,RedPajama,11,1,0,0,1,0,0,,
UltraX-RedPajama-V2:504,RedPajama,7,1,0,0,1,0,0,,
UltraX-RedPajama-V2:505,RedPajama,19,1,1,0,1,0,0,,-1.2835460757724224
UltraX-RedPajama-V2:506,RedPajama,27,16,9,1,1,0,0,,-1.067464623175887
UltraX-RedPajama-V2:507,RedPajama,4,2,2,0,2,0,0,,0.47409946236559186
UltraX-RedPajama-V2:508,RedPajama,8,0,0,0,0,0,0,,
UltraX-RedPajama-V2:509,RedPajama,36,4,1,1,2,0,0,,0.24604059512259546
UltraX-RedPajama-V2:510,RedPajama,14,0,0,0,0,0,0,,
UltraX-RedPajama-V2:511,RedPajama,7,3,3,1,3,0,0,,-0.9930772907647905
UltraX-RedPajama-V2:512,RedPajama,25,10,9,1,1,0,0,,0.01749800758993114
UltraX-RedPajama-V2:513,RedPajama,41,11,10,1,2,0,0,,-0.30086023553722274
UltraX-RedPajama-V2:514,RedPajama,5,0,0,0,0,0,0,,
UltraX-RedPajama-V2:515,RedPajama,9,4,4,1,1,0,0,,0.5856450943535316
UltraX-RedPajama-V2:516,RedPajama,32,3,3,3,2,0,0,,-0.12531809605260147
UltraX-RedPajama-V2:517,RedPajama,16,0,0,0,0,0,0,,
UltraX-RedPajama-V2:518,RedPajama,10,1,1,1,1,0,0,,-1.2067235365196938
UltraX-RedPajama-V2:519,RedPajama,28,1,1,1,1,0,0,,-2.029763374191892
UltraX-RedPajama-V2:520,RedPajama,4,2,2,0,2,0,0,,-0.9329325513196487
UltraX-RedPajama-V2:521,RedPajama,4,1,1,0,1,0,0,,-0.27098710317460295
UltraX-RedPajama-V2:522,RedPajama,4,1,1,0,1,0,0,,0.5182732732732731
UltraX-RedPajama-V2:523,RedPajama,17,5,5,1,2,0,0,,-0.4052184601595341
UltraX-RedPajama-V2:524,RedPajama,16,0,0,0,0,0,0,,
UltraX-RedPajama-V2:525,RedPajama,15,0,0,0,0,0,0,,
UltraX-RedPajama-V2:526,RedPajama,12,1,1,1,1,0,0,,-1.5598066158700137
UltraX-RedPajama-V2:527,RedPajama,50,13,10,1,1,0,0,,-0.15830765955860748
UltraX-RedPajama-V2:528,RedPajama,90,6,4,1,1,0,0,,-0.10757884708848842
UltraX-RedPajama-V2:529,RedPajama,5,2,1,1,2,0,0,,0.04794444444444501
UltraX-RedPajama-V2:530,RedPajama,3,1,1,0,1,0,0,,-1.3900803571428568
UltraX-RedPajama-V2:531,RedPajama,15,2,2,1,1,0,0,,-0.7628970373421335
UltraX-RedPajama-V2:532,RedPajama,5,0,0,1,0,0,0,,
UltraX-RedPajama-V2:533,RedPajama,13,6,6,1,3,0,0,,-0.42405456025446586
UltraX-RedPajama-V2:534,RedPajama,14,3,3,1,1,0,0,,-0.8088048878228502
UltraX-RedPajama-V2:535,RedPajama,5,1,1,1,1,0,0,,-0.21491780045351483
UltraX-RedPajama-V2:536,RedPajama,66,2,1,0,1,0,0,,-1.8495650198176845
UltraX-RedPajama-V2:537,RedPajama,14,5,4,1,1,0,0,,-0.5460049494608699
UltraX-RedPajama-V2:538,RedPajama,20,11,11,1,3,0,0,,-0.3102055548084408
UltraX-RedPajama-V2:539,RedPajama,9,1,1,0,1,0,0,,0.3779927083333332
UltraX-RedPajama-V2:540,RedPajama,18,8,8,1,1,0,0,,-0.48083999825443424
UltraX-RedPajama-V2:541,RedPajama,16,5,5,1,2,0,0,,0.21218500561800369
UltraX-RedPajama-V2:542,RedPajama,14,10,8,1,1,0,0,,-0.4177366828862601
UltraX-RedPajama-V2:543,RedPajama,50,3,3,0,2,0,0,,0.4018725872716731
UltraX-RedPajama-V2:544,RedPajama,20,5,5,1,1,0,0,,-0.31814018336929184
UltraX-RedPajama-V2:545,RedPajama,3,0,0,0,0,0,0,,
UltraX-RedPajama-V2:546,RedPajama,19,3,3,1,1,0,0,,-0.33109007206321994
UltraX-RedPajama-V2:547,RedPajama,32,3,3,1,3,0,0,,-1.0561002424028416
UltraX-RedPajama-V2:548,RedPajama,26,7,6,1,1,0,0,,0.3502095354198369
UltraX-RedPajama-V2:549,RedPajama,1,0,0,1,0,0,0,,
UltraX-RedPajama-V2:550,RedPajama,12,3,3,1,1,0,0,,-0.8325675482618404
UltraX-RedPajama-V2:551,RedPajama,11,0,0,0,0,0,0,,
UltraX-RedPajama-V2:552,RedPajama,33,12,12,1,1,0,0,,-0.6574863807167954
UltraX-RedPajama-V2:553,RedPajama,2,0,0,0,0,0,0,,
UltraX-RedPajama-V2:554,RedPajama,43,12,11,1,1,0,0,,-0.5109724031094549
UltraX-RedPajama-V2:555,RedPajama,8,0,0,0,0,0,0,,
UltraX-RedPajama-V2:556,RedPajama,11,1,1,1,1,0,0,,0.6667008732556559
UltraX-RedPajama-V2:557,RedPajama,15,3,3,1,1,0,0,,-0.6800323095733907
UltraX-RedPajama-V2:558,RedPajama,33,2,1,1,2,0,0,,0.27790084910303126
UltraX-RedPajama-V2:559,RedPajama,15,1,1,0,1,0,0,,-2.4793380716283457
UltraX-RedPajama-V2:560,RedPajama,21,2,2,0,1,0,0,,-0.3122454257583174
UltraX-RedPajama-V2:561,RedPajama,8,4,1,1,1,0,0,,-1.5383459071887868
UltraX-RedPajama-V2:562,RedPajama,7,1,0,1,1,0,0,,
UltraX-RedPajama-V2:563,RedPajama,22,1,0,1,1,0,0,,
UltraX-RedPajama-V2:564,RedPajama,16,3,3,1,1,0,0,,-0.5349237641987585
UltraX-RedPajama-V2:565,RedPajama,4,0,0,0,0,0,0,,
UltraX-RedPajama-V2:566,RedPajama,31,5,5,1,1,0,0,,-0.6420900839519339
UltraX-RedPajama-V2:567,RedPajama,7,0,0,0,0,0,0,,
UltraX-RedPajama-V2:568,RedPajama,7,3,3,0,2,0,0,,0.35273861737677503
UltraX-RedPajama-V2:569,RedPajama,65,1,1,1,1,0,0,,0.2992840353073847
UltraX-RedPajama-V2:570,RedPajama,29,6,5,1,3,0,0,,-0.938321319168792
UltraX-RedPajama-V2:571,RedPajama,4,0,0,0,0,0,0,,
UltraX-RedPajama-V2:572,RedPajama,28,6,6,1,1,0,0,,0.3398517887376915
UltraX-RedPajama-V2:573,RedPajama,35,6,5,1,2,0,0,,-0.3527096295671148
UltraX-RedPajama-V2:574,RedPajama,21,1,1,0,1,0,0,,-0.24123214439668228
UltraX-RedPajama-V2:575,RedPajama,15,2,2,1,2,0,0,,-0.5962610900837477
UltraX-RedPajama-V2:576,RedPajama,25,1,1,0,1,0,0,,-0.994341336846702
UltraX-RedPajama-V2:577,RedPajama,1,0,0,1,0,0,0,,
UltraX-RedPajama-V2:578,RedPajama,55,11,11,1,8,0,0,,-0.27203477428157186
UltraX-RedPajama-V2:579,RedPajama,37,1,1,1,1,0,0,,0.5968020827947251
UltraX-RedPajama-V2:580,RedPajama,35,5,5,1,3,0,0,,-1.0904562392416963
UltraX-RedPajama-V2:581,RedPajama,12,4,4,1,1,0,0,,-0.6760443750076641
UltraX-RedPajama-V2:582,RedPajama,14,1,1,0,1,0,0,,-1.7424366480036828
UltraX-RedPajama-V2:583,RedPajama,32,7,7,0,3,0,0,,0.1594021812304227
UltraX-RedPajama-V2:584,RedPajama,16,0,0,0,0,0,0,,
UltraX-RedPajama-V2:585,RedPajama,30,21,20,1,1,0,0,,-0.011918326006447266
UltraX-RedPajama-V2:586,RedPajama,5,1,1,1,1,0,0,,-0.18432040998217492
UltraX-RedPajama-V2:587,RedPajama,38,7,7,1,2,0,0,,-0.36144377424076346
UltraX-RedPajama-V2:588,RedPajama,9,6,6,1,2,0,0,,-1.1422392111531456
UltraX-RedPajama-V2:589,RedPajama,18,0,0,0,0,0,0,,
UltraX-RedPajama-V2:590,RedPajama,32,10,9,1,2,0,0,,-0.6472203718317555
UltraX-RedPajama-V2:591,RedPajama,28,12,11,1,5,0,0,,-0.5013589400029739
UltraX-RedPajama-V2:592,RedPajama,51,9,8,1,1,0,0,,-0.2499709094003011
UltraX-RedPajama-V2:593,RedPajama,33,4,4,1,1,0,0,,-1.1919033505025096
UltraX-RedPajama-V2:594,RedPajama,21,2,2,1,1,0,0,,-1.2360256245277705
UltraX-RedPajama-V2:595,RedPajama,8,1,1,1,1,0,0,,-0.40590153554175323
UltraX-RedPajama-V2:596,RedPajama,22,3,3,1,3,0,0,,-0.493460224710625
UltraX-RedPajama-V2:597,RedPajama,25,1,1,5,1,0,0,,0.18981879292493264
UltraX-RedPajama-V2:598,RedPajama,13,1,0,0,1,0,0,,
UltraX-RedPajama-V2:599,RedPajama,30,1,1,0,1,0,0,,-0.5025803342219319
UltraX-RedPajama-V2:600,RedPajama,6,1,0,0,1,0,0,,
UltraX-RedPajama-V2:601,RedPajama,4,1,0,1,1,0,0,,
UltraX-RedPajama-V2:602,RedPajama,12,1,1,2,1,0,0,,-0.32625660801827294
UltraX-RedPajama-V2:603,RedPajama,30,10,8,1,2,0,0,,-0.19975917145203503
UltraX-RedPajama-V2:604,RedPajama,9,1,1,0,1,0,0,,-2.979586607032259
UltraX-RedPajama-V2:605,RedPajama,41,17,12,1,1,0,0,,-0.3113673450915524
UltraX-RedPajama-V2:606,RedPajama,12,4,4,1,2,0,0,,0.0959309533457775
UltraX-RedPajama-V2:607,RedPajama,15,0,0,0,0,0,0,,
UltraX-RedPajama-V2:608,RedPajama,6,0,0,0,0,0,0,,
UltraX-RedPajama-V2:609,RedPajama,1,0,0,0,0,0,0,,
UltraX-RedPajama-V2:610,RedPajama,27,4,3,2,1,0,0,,-0.6305280250474707
UltraX-RedPajama-V2:611,RedPajama,5,1,0,0,1,0,0,,
UltraX-RedPajama-V2:612,RedPajama,6,0,0,0,0,0,0,,
UltraX-RedPajama-V2:613,RedPajama,7,0,0,0,0,0,0,,
UltraX-RedPajama-V2:614,RedPajama,9,0,1,2,0,0,0,,-0.08688031849707034
UltraX-RedPajama-V2:615,RedPajama,14,0,0,0,0,0,0,,
UltraX-RedPajama-V2:616,RedPajama,2,1,1,0,1,0,0,,0.37733333333333263
UltraX-RedPajama-V2:617,RedPajama,36,4,3,1,3,0,0,,0.22386094433555925
UltraX-RedPajama-V2:618,RedPajama,5,2,2,1,1,0,0,,-1.0153590971344295
UltraX-RedPajama-V2:619,RedPajama,6,0,0,0,0,0,0,,
UltraX-RedPajama-V2:620,RedPajama,15,8,8,1,6,0,0,,-0.6609371809471769
UltraX-RedPajama-V2:621,RedPajama,9,0,0,0,0,0,0,,
UltraX-RedPajama-V2:622,RedPajama,8,1,1,1,1,0,0,,0.4425973697022325
UltraX-RedPajama-V2:623,RedPajama,52,5,5,0,5,0,0,,-0.3598562193179369
UltraX-RedPajama-V2:624,RedPajama,42,27,26,1,1,0,0,,-1.30603769075051
UltraX-RedPajama-V2:625,RedPajama,13,4,4,1,2,0,0,,-0.32262577658801916
UltraX-RedPajama-V2:626,RedPajama,8,2,2,0,1,0,0,,-0.3239180421932968
UltraX-RedPajama-V2:627,RedPajama,17,3,3,1,2,0,0,,-0.7962394999181361
UltraX-RedPajama-V2:628,RedPajama,7,0,0,0,0,0,0,,
UltraX-RedPajama-V2:629,RedPajama,15,7,5,1,1,0,0,,0.531792944436873
UltraX-RedPajama-V2:630,RedPajama,35,0,0,1,0,0,0,,
UltraX-RedPajama-V2:631,RedPajama,12,2,2,1,1,0,0,,0.07622942543928435
UltraX-RedPajama-V2:632,RedPajama,12,0,0,0,0,0,0,,
UltraX-RedPajama-V2:633,RedPajama,10,0,0,2,0,0,0,,
UltraX-RedPajama-V2:634,RedPajama,13,0,0,0,0,0,0,,
UltraX-RedPajama-V2:635,RedPajama,12,1,1,1,1,0,0,,0.7332561829480158
UltraX-RedPajama-V2:636,RedPajama,25,0,0,0,0,0,0,,
UltraX-RedPajama-V2:637,RedPajama,3,0,0,0,0,0,0,,
UltraX-RedPajama-V2:638,RedPajama,3,1,0,1,1,0,0,,
UltraX-RedPajama-V2:639,RedPajama,35,11,10,1,2,0,0,,-1.3331372751002535
UltraX-RedPajama-V2:640,RedPajama,6,3,3,1,1,0,0,,-0.21416013071895446
UltraX-RedPajama-V2:641,RedPajama,22,0,0,0,0,0,0,,
UltraX-RedPajama-V2:642,RedPajama,5,0,0,0,0,0,0,,
UltraX-RedPajama-V2:643,RedPajama,80,1,1,0,1,0,0,,-0.6254126554199075
UltraX-RedPajama-V2:644,RedPajama,6,0,0,0,0,0,0,,
UltraX-RedPajama-V2:645,RedPajama,28,11,11,1,1,0,0,,0.4537932849104127
UltraX-RedPajama-V2:646,RedPajama,15,0,0,1,0,0,0,,
UltraX-RedPajama-V2:647,RedPajama,33,2,2,0,1,0,0,,-0.6431635108654907
UltraX-RedPajama-V2:648,RedPajama,3,0,0,0,0,0,0,,
UltraX-RedPajama-V2:649,RedPajama,6,0,0,0,0,0,0,,
UltraX-RedPajama-V2:650,RedPajama,16,4,4,1,1,0,0,,-0.11629676026240343
UltraX-RedPajama-V2:651,RedPajama,11,3,3,0,2,0,0,,-0.4083030525554916
UltraX-RedPajama-V2:652,RedPajama,3,2,1,1,1,0,0,,-0.49797794117647065
UltraX-RedPajama-V2:653,RedPajama,5,1,0,0,1,0,0,,
UltraX-RedPajama-V2:654,RedPajama,10,0,0,0,0,0,0,,
UltraX-RedPajama-V2:655,RedPajama,9,1,1,1,1,0,0,,0.9609414416699957
UltraX-RedPajama-V2:656,RedPajama,2,0,0,0,0,0,0,,
UltraX-RedPajama-V2:657,RedPajama,5,0,0,0,0,0,0,,
UltraX-RedPajama-V2:658,RedPajama,39,11,11,1,1,0,0,,-0.18204707354321403
UltraX-RedPajama-V2:659,RedPajama,2,1,1,1,1,0,0,,-0.32150000000000034
UltraX-RedPajama-V2:660,RedPajama,37,1,1,0,1,0,0,,-1.3978610448637783
UltraX-RedPajama-V2:661,RedPajama,20,2,1,1,1,0,0,,-1.0729798315008159
UltraX-RedPajama-V2:662,RedPajama,7,3,3,1,2,0,0,,1.1571049522373045
UltraX-RedPajama-V2:663,RedPajama,3,2,2,0,1,0,0,,-1.548166666666667
UltraX-RedPajama-V2:664,RedPajama,4,2,2,1,1,0,0,,-2.3022480620155044
UltraX-RedPajama-V2:665,RedPajama,19,6,6,1,1,0,0,,-0.025278892327071922
UltraX-RedPajama-V2:666,RedPajama,96,6,6,1,4,0,0,,-0.6932156247394312
UltraX-RedPajama-V2:667,RedPajama,24,6,3,0,3,0,0,,-0.6697370918064198
UltraX-RedPajama-V2:668,RedPajama,24,5,5,2,1,0,0,,-0.7294938953494627
UltraX-RedPajama-V2:669,RedPajama,2,0,0,0,0,0,0,,
UltraX-RedPajama-V2:670,RedPajama,22,2,2,1,1,0,0,,0.10895275210196331
UltraX-RedPajama-V2:671,RedPajama,77,11,8,1,1,0,0,,-0.07979434306094557
UltraX-RedPajama-V2:672,RedPajama,7,2,1,2,2,0,0,,0.5479761593016912
UltraX-RedPajama-V2:673,RedPajama,34,10,8,1,2,0,0,,-0.9859234886493944
UltraX-RedPajama-V2:674,RedPajama,10,7,6,1,2,0,0,,-0.9759284434203792
UltraX-RedPajama-V2:675,RedPajama,14,5,4,1,1,0,0,,0.030541747694526222
UltraX-RedPajama-V2:676,RedPajama,37,3,3,1,1,0,0,,-0.5763850460323994
UltraX-RedPajama-V2:677,RedPajama,17,2,1,1,2,0,0,,-0.4673502743924898
UltraX-RedPajama-V2:678,RedPajama,13,4,4,0,1,0,0,,-0.9805497434325838
UltraX-RedPajama-V2:679,RedPajama,3,0,0,1,0,0,0,,
UltraX-RedPajama-V2:680,RedPajama,3,1,0,1,1,0,0,,
UltraX-RedPajama-V2:681,RedPajama,3,1,1,1,1,0,0,,0.49320707070707126
UltraX-RedPajama-V2:682,RedPajama,7,0,0,0,0,0,0,,
UltraX-RedPajama-V2:683,RedPajama,5,0,0,1,0,0,0,,
UltraX-RedPajama-V2:684,RedPajama,103,26,23,1,2,0,0,,-0.5791301528359725
UltraX-RedPajama-V2:685,RedPajama,20,13,11,1,1,0,0,,-0.30486264602798574
UltraX-RedPajama-V2:686,RedPajama,16,1,0,1,1,0,0,,
UltraX-RedPajama-V2:687,RedPajama,120,15,9,1,2,0,0,,-0.9346218547313878
UltraX-RedPajama-V2:688,RedPajama,13,0,0,0,0,0,0,,
UltraX-RedPajama-V2:689,RedPajama,33,6,4,1,1,0,0,,0.3389382476293932
UltraX-RedPajama-V2:690,RedPajama,24,13,12,1,1,0,0,,0.17703578596690228
UltraX-RedPajama-V2:691,RedPajama,4,0,0,0,0,0,0,,
UltraX-RedPajama-V2:692,RedPajama,39,6,5,1,2,0,0,,-0.8508201151892729
UltraX-RedPajama-V2:693,RedPajama,4,2,2,0,1,0,0,,-0.260929824561404
UltraX-RedPajama-V2:694,RedPajama,9,2,2,1,2,0,0,,-1.0421767805440636
UltraX-RedPajama-V2:695,RedPajama,20,13,12,1,1,0,0,,-0.18298957791571802
UltraX-RedPajama-V2:696,RedPajama,3,2,2,1,1,0,0,,-0.502724056603773
UltraX-RedPajama-V2:697,RedPajama,2,0,0,0,0,0,0,,
UltraX-RedPajama-V2:698,RedPajama,28,2,2,1,1,0,0,,-0.7833482841209216
UltraX-RedPajama-V2:699,RedPajama,8,1,1,1,1,0,0,,-0.9836645431145437
UltraX-RedPajama-V2:700,RedPajama,13,0,0,0,0,0,0,,
UltraX-RedPajama-V2:701,RedPajama,15,0,0,0,0,0,0,,
UltraX-RedPajama-V2:702,RedPajama,4,0,0,0,0,0,0,,
UltraX-RedPajama-V2:703,RedPajama,83,7,6,1,3,0,0,,-0.2861224013918573
UltraX-RedPajama-V2:704,RedPajama,7,0,0,0,0,0,0,,
UltraX-RedPajama-V2:705,RedPajama,18,1,1,1,1,0,0,,-0.08204368262797246
UltraX-RedPajama-V2:706,RedPajama,35,8,8,0,8,0,0,,-0.6122873685033197
UltraX-RedPajama-V2:707,RedPajama,6,0,0,0,0,0,0,,
UltraX-RedPajama-V2:708,RedPajama,11,3,3,0,3,0,0,,-1.5256538904643744
UltraX-RedPajama-V2:709,RedPajama,5,2,2,1,2,0,0,,-0.5812569675509973
UltraX-RedPajama-V2:710,RedPajama,13,1,1,1,1,0,0,,-1.2832349971622294
UltraX-RedPajama-V2:711,RedPajama,16,3,3,1,1,0,0,,0.15257534357253633
UltraX-RedPajama-V2:712,RedPajama,41,0,1,2,0,0,0,,-0.7808033632801799
UltraX-RedPajama-V2:713,RedPajama,25,3,2,1,1,0,0,,-0.5167766220565504
UltraX-RedPajama-V2:714,RedPajama,10,3,2,0,2,0,0,,-1.25197743891815
UltraX-RedPajama-V2:715,RedPajama,13,5,4,1,2,0,0,,-0.9869570535442378
UltraX-RedPajama-V2:716,RedPajama,58,8,3,1,2,0,0,,-0.979823381952384
UltraX-RedPajama-V2:717,RedPajama,3,2,1,0,1,0,0,,1.2253333333333334
UltraX-RedPajama-V2:718,RedPajama,4,2,2,1,1,0,0,,-0.042553191489362874
UltraX-RedPajama-V2:719,RedPajama,32,21,21,1,1,0,0,,-0.677308046613156
UltraX-RedPajama-V2:720,RedPajama,8,0,0,0,0,0,0,,
UltraX-RedPajama-V2:721,RedPajama,7,1,1,0,1,0,0,,-1.0114573976805685
UltraX-RedPajama-V2:722,RedPajama,12,1,0,0,1,0,0,,
UltraX-RedPajama-V2:723,RedPajama,12,4,4,1,1,0,0,,-0.47026416382888403
UltraX-RedPajama-V2:724,RedPajama,21,1,1,0,1,0,0,,0.2751523074210347
UltraX-RedPajama-V2:725,RedPajama,5,0,0,0,0,0,0,,
UltraX-RedPajama-V2:726,RedPajama,27,18,17,1,1,0,0,,-0.5046788610057256
UltraX-RedPajama-V2:727,RedPajama,19,2,1,1,1,0,0,,0.5314450930014711
UltraX-RedPajama-V2:728,RedPajama,7,0,0,0,0,0,0,,
UltraX-RedPajama-V2:729,RedPajama,6,0,0,0,0,0,0,,
UltraX-RedPajama-V2:730,RedPajama,9,2,2,1,1,0,0,,-0.8807309060284547
UltraX-RedPajama-V2:731,RedPajama,19,8,8,1,2,0,0,,-0.5305771476023589
UltraX-RedPajama-V2:732,RedPajama,2,0,0,0,0,0,0,,
UltraX-RedPajama-V2:733,RedPajama,8,0,0,0,0,0,0,,
UltraX-RedPajama-V2:734,RedPajama,33,0,0,0,0,0,0,,
UltraX-RedPajama-V2:735,RedPajama,9,3,3,0,2,0,0,,0.4904312763821759
UltraX-RedPajama-V2:736,RedPajama,15,3,2,2,2,0,0,,-1.1011148885459834
UltraX-RedPajama-V2:737,RedPajama,67,42,40,1,1,0,0,,-0.17701440272247826
UltraX-RedPajama-V2:738,RedPajama,3,0,0,1,0,0,0,,
UltraX-RedPajama-V2:739,RedPajama,103,11,0,1,1,0,0,,
UltraX-RedPajama-V2:740,RedPajama,18,8,8,1,1,0,0,,-0.730092020320539
UltraX-RedPajama-V2:741,RedPajama,20,2,2,1,1,0,0,,-1.1413458822000457
UltraX-RedPajama-V2:742,RedPajama,45,1,0,1,1,0,0,,
UltraX-RedPajama-V2:743,RedPajama,77,2,2,1,2,0,0,,-1.0529990730462915
UltraX-RedPajama-V2:744,RedPajama,6,3,3,1,1,0,0,,-0.945408395368073
UltraX-RedPajama-V2:745,RedPajama,15,0,0,0,0,0,0,,
UltraX-RedPajama-V2:746,RedPajama,36,5,4,1,1,0,0,,-0.6360442268107409
UltraX-RedPajama-V2:747,RedPajama,5,2,2,1,2,0,0,,-0.19687719298245643
UltraX-RedPajama-V2:748,RedPajama,13,3,3,1,3,0,0,,-0.48711578024363256
UltraX-RedPajama-V2:749,RedPajama,5,1,1,1,1,0,0,,-0.00664609782653347
UltraX-RedPajama-V2:750,RedPajama,16,0,0,0,0,0,0,,
UltraX-RedPajama-V2:751,RedPajama,15,7,7,1,1,0,0,,0.15690791047964758
UltraX-RedPajama-V2:752,RedPajama,13,0,0,1,0,0,0,,
UltraX-RedPajama-V2:753,RedPajama,6,2,1,1,1,0,0,,0.3899417718431808
UltraX-RedPajama-V2:754,RedPajama,41,8,6,1,1,0,0,,-1.2775823859811624
UltraX-RedPajama-V2:755,RedPajama,38,3,3,1,1,0,0,,0.164613270583148
UltraX-RedPajama-V2:756,RedPajama,23,4,4,1,1,0,0,,0.03040449490981878
UltraX-RedPajama-V2:757,RedPajama,206,10,4,1,5,0,0,,-0.002021008616537756
UltraX-RedPajama-V2:758,RedPajama,20,3,3,1,1,0,0,,-0.7429803333906664
UltraX-RedPajama-V2:759,RedPajama,21,8,7,1,4,0,0,,-0.38606870043827435
UltraX-RedPajama-V2:760,RedPajama,8,0,0,0,0,0,0,,
UltraX-RedPajama-V2:761,RedPajama,45,4,4,1,2,0,0,,-0.902746435414425
UltraX-RedPajama-V2:762,RedPajama,46,7,7,1,5,0,0,,-0.8043862641590023
UltraX-RedPajama-V2:763,RedPajama,13,2,2,1,1,0,0,,-0.33419177898906227
UltraX-RedPajama-V2:764,RedPajama,26,1,1,1,1,0,0,,-1.483474650891048
UltraX-RedPajama-V2:765,RedPajama,14,2,1,1,1,0,0,,0.33420211075056017
UltraX-RedPajama-V2:766,RedPajama,9,2,2,1,1,0,0,,-0.46807882083495933
UltraX-RedPajama-V2:767,RedPajama,18,4,4,1,3,0,0,,-0.43278905252858113
UltraX-RedPajama-V2:768,RedPajama,24,1,1,0,1,0,0,,-1.2996086051341624
UltraX-RedPajama-V2:769,RedPajama,24,1,1,0,1,0,0,,-1.8472287863337145
UltraX-RedPajama-V2:770,RedPajama,48,2,2,1,1,0,0,,-0.7451447058610805
UltraX-RedPajama-V2:771,RedPajama,33,2,2,0,1,0,0,,-0.05400665937103888
UltraX-RedPajama-V2:772,RedPajama,11,2,2,1,1,0,0,,-1.6715110428933446
UltraX-RedPajama-V2:773,RedPajama,11,0,0,0,0,0,0,,
UltraX-RedPajama-V2:774,RedPajama,8,3,3,1,1,0,0,,-0.5136269804882536
UltraX-RedPajama-V2:775,RedPajama,17,1,1,1,1,0,0,,-0.1585180152951855
UltraX-RedPajama-V2:776,RedPajama,32,6,6,1,1,0,0,,0.3758851521383404
UltraX-RedPajama-V2:777,RedPajama,10,1,1,1,1,0,0,,-0.6125639717470905
UltraX-RedPajama-V2:778,RedPajama,12,2,1,1,1,0,0,,-1.3991533774270923
UltraX-RedPajama-V2:779,RedPajama,6,2,2,1,1,0,0,,-2.6562211360837438
UltraX-RedPajama-V2:780,RedPajama,9,1,1,1,1,0,0,,-0.6331608264642536
UltraX-RedPajama-V2:781,RedPajama,26,0,0,0,0,0,0,,
UltraX-RedPajama-V2:782,RedPajama,14,0,0,0,0,0,0,,
UltraX-RedPajama-V2:783,RedPajama,15,5,5,1,2,0,0,,-0.4429276695247282
UltraX-RedPajama-V2:784,RedPajama,12,3,2,0,2,0,0,,0.3823898132518826
UltraX-RedPajama-V2:785,RedPajama,21,1,1,1,1,0,0,,-1.758894382681357
UltraX-RedPajama-V2:786,RedPajama,13,1,1,1,1,0,0,,-0.8180444647944647
UltraX-RedPajama-V2:787,RedPajama,39,8,8,1,3,0,0,,-0.1623022393732576
UltraX-RedPajama-V2:788,RedPajama,7,2,2,2,1,0,0,,-0.41087318840579723
UltraX-RedPajama-V2:789,RedPajama,19,0,0,0,0,0,0,,
UltraX-RedPajama-V2:790,RedPajama,138,6,6,3,5,0,0,,-0.5105294158644611
UltraX-RedPajama-V2:791,RedPajama,9,1,1,0,1,0,0,,-1.6950918109668107
UltraX-RedPajama-V2:792,RedPajama,7,2,1,1,2,0,1,,0.46923715828924184
UltraX-RedPajama-V2:793,RedPajama,3,1,1,1,1,0,0,,-0.025277777777778176
UltraX-RedPajama-V2:794,RedPajama,23,2,2,0,2,0,0,,0.36016520523370055
UltraX-RedPajama-V2:795,RedPajama,33,6,5,1,2,0,0,,-0.9787410279444151
UltraX-RedPajama-V2:796,RedPajama,33,16,13,1,2,0,0,,0.17750366789532812
UltraX-RedPajama-V2:797,RedPajama,258,10,10,1,6,0,0,,-0.8174725169304029
UltraX-RedPajama-V2:798,RedPajama,200,16,10,7,11,0,0,,-0.661009780804962
UltraX-RedPajama-V2:799,RedPajama,7,1,1,1,1,0,0,,-0.4569845679012339
UltraX-RedPajama-V2:800,RedPajama,3,1,1,1,1,0,0,,0.2853703703703703
UltraX-RedPajama-V2:801,RedPajama,39,3,1,1,1,0,0,,-0.8672472588079234
UltraX-RedPajama-V2:802,RedPajama,17,5,4,1,4,0,1,,-0.1657128665999954
UltraX-RedPajama-V2:803,RedPajama,5,0,0,0,0,0,0,,
UltraX-RedPajama-V2:804,RedPajama,24,1,1,1,1,0,0,,-0.46887470436015377
UltraX-RedPajama-V2:805,RedPajama,19,2,2,0,2,0,0,,-0.27707584163471566
UltraX-RedPajama-V2:806,RedPajama,5,1,1,1,1,0,0,,-0.24616521317829498
UltraX-RedPajama-V2:807,RedPajama,316,1,1,0,1,0,0,,0.5856242795380462
UltraX-RedPajama-V2:808,RedPajama,47,4,3,0,1,0,0,,-1.049258605017246
UltraX-RedPajama-V2:809,RedPajama,15,3,2,1,1,0,0,,0.10427553773694331
UltraX-RedPajama-V2:810,RedPajama,3,1,1,1,1,0,0,,-1.0432852564102566
UltraX-RedPajama-V2:811,RedPajama,16,2,2,0,2,0,0,,-0.18989002779991715
UltraX-RedPajama-V2:812,RedPajama,36,3,3,1,1,0,0,,0.698781195651839
UltraX-RedPajama-V2:813,RedPajama,5,0,0,2,0,0,0,,
UltraX-RedPajama-V2:814,RedPajama,4,3,1,1,1,0,0,,0.8718583484026521
UltraX-RedPajama-V2:815,RedPajama,8,0,0,0,0,0,0,,
UltraX-RedPajama-V2:816,RedPajama,105,18,16,1,11,0,0,,-0.08997481906158988
UltraX-RedPajama-V2:817,RedPajama,1,0,0,1,0,0,0,,
UltraX-RedPajama-V2:818,RedPajama,60,20,11,1,3,0,0,,-0.3970561986875545
UltraX-RedPajama-V2:819,RedPajama,13,1,1,0,1,0,0,,0.01537345704310411
UltraX-RedPajama-V2:820,RedPajama,23,1,1,0,1,0,0,,-0.4629991997374949
UltraX-RedPajama-V2:821,RedPajama,266,62,40,4,12,0,0,,-0.9167428301762692
UltraX-RedPajama-V2:822,RedPajama,10,1,1,0,1,0,0,,-1.505081017685736
UltraX-RedPajama-V2:823,RedPajama,8,1,1,0,1,0,0,,-1.1903926182513134
UltraX-RedPajama-V2:824,RedPajama,4,3,3,1,1,0,0,,-0.9812626262626267
UltraX-RedPajama-V2:825,RedPajama,3,2,1,1,1,0,0,,-0.43939655172413783
UltraX-RedPajama-V2:826,RedPajama,12,1,1,0,1,0,0,,-1.7562549152186762
UltraX-RedPajama-V2:827,RedPajama,15,1,1,1,1,0,0,,0.27833870813026973
UltraX-RedPajama-V2:828,RedPajama,38,10,7,1,3,0,0,,0.14026016403631392
UltraX-RedPajama-V2:829,RedPajama,21,4,2,1,2,0,0,,-0.3065181511797057
UltraX-RedPajama-V2:830,RedPajama,13,0,0,0,0,0,0,,
UltraX-RedPajama-V2:831,RedPajama,13,1,1,1,1,0,0,,-1.5681446899038542
UltraX-RedPajama-V2:832,RedPajama,7,0,0,0,0,0,0,,
UltraX-RedPajama-V2:833,RedPajama,17,1,1,0,1,0,0,,-0.6855231437969929
UltraX-RedPajama-V2:834,RedPajama,15,6,6,1,2,0,0,,-0.06487573722874274
UltraX-RedPajama-V2:835,RedPajama,27,1,1,0,1,0,0,,0.2033036835127664
UltraX-RedPajama-V2:836,RedPajama,20,3,3,1,1,0,0,,-0.016958921873219346
UltraX-RedPajama-V2:837,RedPajama,7,0,0,0,0,0,0,,
UltraX-RedPajama-V2:838,RedPajama,6,5,3,1,1,0,0,,-0.8317783094098887
UltraX-RedPajama-V2:839,RedPajama,4,0,0,0,0,0,0,,
UltraX-RedPajama-V2:840,RedPajama,11,1,1,0,1,0,0,,0.16809390620279085
UltraX-RedPajama-V2:841,RedPajama,31,5,5,1,2,0,0,,-0.6417404078358366
UltraX-RedPajama-V2:842,RedPajama,22,6,4,1,3,0,0,,-0.8765271062564155
UltraX-RedPajama-V2:843,RedPajama,9,1,1,1,1,0,0,,-0.42938171279191995
UltraX-RedPajama-V2:844,RedPajama,8,1,1,1,1,0,0,,0.35482897043611317
UltraX-RedPajama-V2:845,RedPajama,4,0,0,0,0,0,0,,
UltraX-RedPajama-V2:846,RedPajama,9,2,1,0,1,0,0,,-1.884859418767507
UltraX-RedPajama-V2:847,RedPajama,9,3,3,1,1,0,0,,-0.4066247440472246
UltraX-RedPajama-V2:848,RedPajama,15,3,3,1,1,0,0,,-0.4014509094376466
UltraX-RedPajama-V2:849,RedPajama,8,0,0,0,0,0,0,,
UltraX-RedPajama-V2:850,RedPajama,4,1,1,1,1,0,0,,-2.180348040059688
UltraX-RedPajama-V2:851,RedPajama,61,1,0,0,1,0,0,,
UltraX-RedPajama-V2:852,RedPajama,14,1,1,0,1,0,0,,-2.142878475689023
UltraX-RedPajama-V2:853,RedPajama,8,0,0,0,0,0,0,,
UltraX-RedPajama-V2:854,RedPajama,25,1,1,2,1,0,0,,0.4372883213657248
UltraX-RedPajama-V2:855,RedPajama,2,0,0,0,0,0,0,,
UltraX-RedPajama-V2:856,RedPajama,52,46,41,1,1,0,0,,-0.8422168451235841
UltraX-RedPajama-V2:857,RedPajama,63,4,4,1,4,0,0,,-0.2336026574018657
UltraX-RedPajama-V2:858,RedPajama,7,1,1,0,1,0,0,,0.044783496732025085
UltraX-RedPajama-V2:859,RedPajama,98,19,18,1,6,0,0,,0.13060028340198304
UltraX-RedPajama-V2:860,RedPajama,9,0,0,0,0,0,0,,
UltraX-RedPajama-V2:861,RedPajama,29,6,6,1,2,0,0,,-0.04612690271495978
UltraX-RedPajama-V2:862,RedPajama,18,2,1,0,2,0,0,,-1.0715602583337063
UltraX-RedPajama-V2:863,RedPajama,39,3,3,1,1,0,0,,-0.9791078828113067
UltraX-RedPajama-V2:864,RedPajama,9,4,3,1,2,0,0,,0.221003170142283
UltraX-RedPajama-V2:865,RedPajama,5,0,0,0,0,0,0,,
UltraX-RedPajama-V2:866,RedPajama,48,1,1,0,1,0,0,,-0.5101918271713206
UltraX-RedPajama-V2:867,RedPajama,25,1,1,0,1,0,0,,-0.4812845265293699
UltraX-RedPajama-V2:868,RedPajama,68,0,0,3,0,0,0,,
UltraX-RedPajama-V2:869,RedPajama,17,4,3,1,1,0,0,,0.07892124678375545
UltraX-RedPajama-V2:870,RedPajama,24,0,0,0,0,0,0,,
UltraX-RedPajama-V2:871,RedPajama,2,0,0,0,0,0,0,,
UltraX-RedPajama-V2:872,RedPajama,14,0,0,0,0,0,0,,
UltraX-RedPajama-V2:873,RedPajama,23,5,5,1,1,0,0,,-0.30978891638947914
UltraX-RedPajama-V2:874,RedPajama,16,1,1,4,1,0,0,,-0.6888406978262349
UltraX-RedPajama-V2:875,RedPajama,29,10,9,1,2,0,0,,-0.5133576558707977
UltraX-RedPajama-V2:876,RedPajama,8,1,1,0,1,0,0,,-0.1036213883016206
UltraX-RedPajama-V2:877,RedPajama,13,1,1,1,1,0,0,,0.10582786495079244
UltraX-RedPajama-V2:878,RedPajama,2,0,0,1,0,0,0,,
UltraX-RedPajama-V2:879,RedPajama,63,14,11,1,1,0,0,,-0.3168145627317944
UltraX-RedPajama-V2:880,RedPajama,21,1,0,1,1,0,0,,
UltraX-RedPajama-V2:881,RedPajama,8,1,1,0,1,0,0,,0.20035363887506108
UltraX-RedPajama-V2:882,RedPajama,13,6,5,1,2,0,0,,-2.303642851166066
UltraX-RedPajama-V2:883,RedPajama,20,3,3,1,3,0,0,,-0.3581419026956292
UltraX-RedPajama-V2:884,RedPajama,31,2,2,1,1,0,0,,-0.010711866425168637
UltraX-RedPajama-V2:885,RedPajama,4,0,0,1,0,0,0,,
UltraX-RedPajama-V2:886,RedPajama,58,12,12,2,2,0,0,,-0.5444837805716123
UltraX-RedPajama-V2:887,RedPajama,14,4,3,0,3,0,0,,-1.3211790440827818
UltraX-RedPajama-V2:888,RedPajama,19,1,1,1,1,0,0,,0.450469740222883
UltraX-RedPajama-V2:889,RedPajama,112,13,12,1,2,0,0,,-0.22064364615725296
UltraX-RedPajama-V2:890,RedPajama,168,34,10,1,4,0,0,,0.1754921642904641
UltraX-RedPajama-V2:891,RedPajama,5,3,1,1,1,0,0,,-1.205067805383023
UltraX-RedPajama-V2:892,RedPajama,22,5,2,1,1,0,0,,0.020040358495248434
UltraX-RedPajama-V2:893,RedPajama,38,7,6,0,1,0,0,,-0.21399677450808863
UltraX-RedPajama-V2:894,RedPajama,9,4,4,1,1,0,0,,0.02116870188291209
UltraX-RedPajama-V2:895,RedPajama,8,0,0,0,0,0,0,,
UltraX-RedPajama-V2:896,RedPajama,41,1,1,1,1,0,0,,-1.713081621967929
UltraX-RedPajama-V2:897,RedPajama,27,10,10,1,2,0,0,,0.1286407656953168
UltraX-RedPajama-V2:898,RedPajama,105,27,21,1,3,0,0,,-1.2334883018488814
UltraX-RedPajama-V2:899,RedPajama,18,0,0,0,0,0,0,,
UltraX-RedPajama-V2:900,RedPajama,11,1,0,0,1,0,0,,
UltraX-RedPajama-V2:901,RedPajama,7,0,0,1,0,0,0,,
UltraX-RedPajama-V2:902,RedPajama,17,3,3,1,1,0,0,,-0.1463236579036309
UltraX-RedPajama-V2:903,RedPajama,43,4,3,0,2,0,0,,-0.817708271694106
UltraX-RedPajama-V2:904,RedPajama,7,0,0,1,0,0,0,,
UltraX-RedPajama-V2:905,RedPajama,8,2,2,1,1,0,0,,-0.46980813998141446
UltraX-RedPajama-V2:906,RedPajama,11,2,2,1,1,0,0,,-0.0061569837148782725
UltraX-RedPajama-V2:907,RedPajama,7,0,0,0,0,0,0,,
UltraX-RedPajama-V2:908,RedPajama,50,2,2,1,1,0,0,,0.2363826596802845
UltraX-RedPajama-V2:909,RedPajama,36,3,3,1,2,0,0,,-0.06355228999969853
UltraX-RedPajama-V2:910,RedPajama,31,6,6,1,5,0,0,,-0.2664851783497362
UltraX-RedPajama-V2:911,RedPajama,13,1,0,1,1,0,0,,
UltraX-RedPajama-V2:912,RedPajama,21,0,0,0,0,0,0,,
UltraX-RedPajama-V2:913,RedPajama,19,8,6,0,3,0,0,,-0.44077991452991405
UltraX-RedPajama-V2:914,RedPajama,39,19,16,1,3,0,0,,-0.6819538527995315
UltraX-RedPajama-V2:915,RedPajama,9,1,1,1,1,0,0,,-0.025064504068200044
UltraX-RedPajama-V2:916,RedPajama,10,1,1,1,1,0,0,,-1.5231557054052844
UltraX-RedPajama-V2:917,RedPajama,23,1,1,0,1,0,0,,
UltraX-RedPajama-V2:918,RedPajama,3,0,0,0,0,0,0,,
UltraX-RedPajama-V2:919,RedPajama,7,0,0,0,0,0,0,,
UltraX-RedPajama-V2:920,RedPajama,7,0,0,1,0,0,0,,
UltraX-RedPajama-V2:921,RedPajama,41,26,23,1,11,0,0,,-0.6347725651042149
UltraX-RedPajama-V2:922,RedPajama,22,7,5,0,1,0,0,,-0.1828032314429615
UltraX-RedPajama-V2:923,RedPajama,27,10,10,1,1,0,0,,-0.8403414063625059
UltraX-RedPajama-V2:924,RedPajama,37,13,13,1,4,0,0,,-0.4377863808805653
UltraX-RedPajama-V2:925,RedPajama,12,0,0,0,0,0,0,,
UltraX-RedPajama-V2:926,RedPajama,7,2,1,0,2,0,0,,0.2365621091871084
UltraX-RedPajama-V2:927,RedPajama,4,0,0,0,0,0,0,,
UltraX-RedPajama-V2:928,RedPajama,9,0,0,0,0,0,0,,
UltraX-RedPajama-V2:929,RedPajama,27,3,2,1,1,0,0,,-0.6329994299987334
UltraX-RedPajama-V2:930,RedPajama,36,1,1,1,1,0,0,,-0.663527412900045
UltraX-RedPajama-V2:931,RedPajama,10,3,3,1,1,0,0,,0.2792613079714643
UltraX-RedPajama-V2:932,RedPajama,30,4,4,1,4,0,0,,-0.8881817615331373
UltraX-RedPajama-V2:933,RedPajama,17,1,0,1,1,0,0,,
UltraX-RedPajama-V2:934,RedPajama,15,7,7,1,1,0,0,,-0.6603589277864046
UltraX-RedPajama-V2:935,RedPajama,5,2,1,0,2,0,0,,1.230443399705015
UltraX-RedPajama-V2:936,RedPajama,4,3,3,1,2,0,0,,-1.3211111111111116
UltraX-RedPajama-V2:937,RedPajama,9,7,4,1,2,0,0,,-1.0035560224089641
UltraX-RedPajama-V2:938,RedPajama,17,5,5,1,1,0,0,,-0.7962791629711701
UltraX-RedPajama-V2:939,RedPajama,49,2,2,0,1,0,0,,-0.6590103055199119
UltraX-RedPajama-V2:940,RedPajama,5,3,3,1,2,0,0,,-1.3714164871076644
UltraX-RedPajama-V2:941,RedPajama,23,4,3,1,2,0,0,,-0.0632022239035317
UltraX-RedPajama-V2:942,RedPajama,24,6,5,1,4,0,0,,-1.1678398233688014
UltraX-RedPajama-V2:943,RedPajama,73,6,5,1,2,0,0,,-0.8548042994739182
UltraX-RedPajama-V2:944,RedPajama,14,6,5,1,2,0,0,,0.028959096459096223
UltraX-RedPajama-V2:945,RedPajama,14,3,1,1,1,0,0,,0.0872627441475533
UltraX-RedPajama-V2:946,RedPajama,19,7,6,1,2,0,0,,-1.1048798971674607
UltraX-RedPajama-V2:947,RedPajama,4,2,1,1,1,0,0,,-0.7281178678678675
UltraX-RedPajama-V2:948,RedPajama,9,0,0,0,0,0,0,,
UltraX-RedPajama-V2:949,RedPajama,38,9,8,0,1,0,0,,-0.10100990793429432
UltraX-RedPajama-V2:950,RedPajama,11,3,0,1,3,0,0,,
UltraX-RedPajama-V2:951,RedPajama,23,1,1,0,1,0,0,,-1.3303090177077488
UltraX-RedPajama-V2:952,RedPajama,19,1,1,1,1,0,0,,-0.5490423898342618
UltraX-RedPajama-V2:953,RedPajama,18,4,4,1,1,0,0,,-0.4408939696567993
UltraX-RedPajama-V2:954,RedPajama,42,0,0,0,0,0,0,,
UltraX-RedPajama-V2:955,RedPajama,18,5,3,1,3,0,0,,-1.4536462102224528
UltraX-RedPajama-V2:956,RedPajama,7,3,1,1,1,0,0,,-0.7595601407319501
UltraX-RedPajama-V2:957,RedPajama,21,7,6,1,1,0,0,,-0.876852532360946
UltraX-RedPajama-V2:958,RedPajama,19,2,0,0,1,0,0,,
UltraX-RedPajama-V2:959,RedPajama,29,11,10,1,10,0,0,,0.521816086549026
UltraX-RedPajama-V2:960,RedPajama,11,0,0,0,0,0,0,,
UltraX-RedPajama-V2:961,RedPajama,21,5,4,1,2,0,0,,0.1724828221197825
UltraX-RedPajama-V2:962,RedPajama,45,6,5,1,1,0,0,,-0.6922026178971876
UltraX-RedPajama-V2:963,RedPajama,3,1,0,1,1,0,0,,
UltraX-RedPajama-V2:964,RedPajama,87,18,16,1,2,0,0,,-1.7101006414537343
UltraX-RedPajama-V2:965,RedPajama,7,1,1,0,1,0,0,,0.41962381186115216
UltraX-RedPajama-V2:966,RedPajama,39,16,16,1,3,0,0,,-0.22248288240906167
UltraX-RedPajama-V2:967,RedPajama,21,1,1,0,1,0,0,,1.4388819264069266
UltraX-RedPajama-V2:968,RedPajama,5,2,2,1,2,0,0,,-0.9882222222222223
UltraX-RedPajama-V2:969,RedPajama,13,1,1,1,1,0,0,,0.0643202055411729
UltraX-RedPajama-V2:970,RedPajama,27,0,0,0,0,0,0,,
UltraX-RedPajama-V2:971,RedPajama,33,2,2,1,1,0,0,,-1.3247811387692385
UltraX-RedPajama-V2:972,RedPajama,11,2,2,0,1,0,0,,-0.9702432401841312
UltraX-RedPajama-V2:973,RedPajama,28,1,1,0,1,0,0,,-1.439726391954009
UltraX-RedPajama-V2:974,RedPajama,2,0,0,0,0,0,0,,
UltraX-RedPajama-V2:975,RedPajama,12,3,3,1,1,0,0,,-0.289592794595789
UltraX-RedPajama-V2:976,RedPajama,13,5,5,1,2,0,0,,-0.9598603167047299
UltraX-RedPajama-V2:977,RedPajama,7,2,1,1,2,0,0,,0.04917354465709778
UltraX-RedPajama-V2:978,RedPajama,5,2,2,1,1,0,0,,-0.999072681704261
UltraX-RedPajama-V2:979,RedPajama,11,1,1,0,1,0,0,,0.9785628878345598
UltraX-RedPajama-V2:980,RedPajama,50,24,24,1,2,0,0,,-0.47278576075856726
UltraX-RedPajama-V2:981,RedPajama,6,1,1,1,1,0,0,,-1.4113392857142855
UltraX-RedPajama-V2:982,RedPajama,12,9,6,3,4,0,0,,-1.7402064765300063
UltraX-RedPajama-V2:983,RedPajama,18,14,11,1,4,0,0,,-0.27256787850848685
UltraX-RedPajama-V2:984,RedPajama,39,9,6,0,1,0,0,,0.07934752035511217
UltraX-RedPajama-V2:985,RedPajama,4,1,1,0,1,0,0,,-0.951773504273504
UltraX-RedPajama-V2:986,RedPajama,26,0,0,1,0,0,0,,
UltraX-RedPajama-V2:987,RedPajama,2,1,1,0,1,0,0,,0.6906111111111111
UltraX-RedPajama-V2:988,RedPajama,6,1,1,0,1,0,0,,0.49926545893719787
UltraX-RedPajama-V2:989,RedPajama,16,3,2,1,2,0,0,,-1.22938244515377
UltraX-RedPajama-V2:990,RedPajama,6,2,1,2,1,0,0,,-0.14187537911716408
UltraX-RedPajama-V2:991,RedPajama,6,0,0,0,0,0,0,,
UltraX-RedPajama-V2:992,RedPajama,12,4,4,2,1,0,0,,-1.2736716208865388
UltraX-RedPajama-V2:993,RedPajama,10,5,3,0,1,0,0,,0.26781789949181256
UltraX-RedPajama-V2:994,RedPajama,65,1,1,1,1,0,0,,-0.12076650588669224
UltraX-RedPajama-V2:995,RedPajama,33,14,5,1,14,0,0,,0.35595320110377227
UltraX-RedPajama-V2:996,RedPajama,13,2,2,1,1,0,0,,0.11100387184228744
UltraX-RedPajama-V2:997,RedPajama,16,2,2,0,2,0,0,,-1.186112340607238
UltraX-RedPajama-V2:998,RedPajama,6,1,1,0,1,0,0,,1.7299999999999995
UltraX-RedPajama-V2:999,RedPajama,38,8,7,0,1,0,0,,0.12497678419087954
UltraX-RedPajama-V2:1000,RedPajama,50,6,5,1,2,0,0,,-0.5351460400390922
UltraX-RedPajama-V2:1001,RedPajama,45,13,8,0,1,0,0,,0.5119430470258166
UltraX-RedPajama-V2:1002,RedPajama,131,34,34,1,1,0,0,,-0.11718994919283521
UltraX-RedPajama-V2:1003,RedPajama,7,0,0,0,0,0,0,,
UltraX-RedPajama-V2:1004,RedPajama,32,0,0,0,0,0,0,,
UltraX-RedPajama-V2:1005,RedPajama,10,1,1,0,1,0,0,,-1.1957451350124133
UltraX-RedPajama-V2:1006,RedPajama,11,2,2,1,1,0,0,,-0.2789149768360284
UltraX-RedPajama-V2:1007,RedPajama,3,0,0,0,0,0,0,,
UltraX-RedPajama-V2:1008,RedPajama,5,1,1,1,1,0,0,,-0.18981746031746027
UltraX-RedPajama-V2:1009,RedPajama,19,9,7,1,2,0,0,,-0.4453008524494839
UltraX-RedPajama-V2:1010,RedPajama,15,1,1,0,1,0,0,,0.07037725911264214
UltraX-RedPajama-V2:1011,RedPajama,46,20,19,3,9,0,0,,-0.7042792238346705
UltraX-RedPajama-V2:1012,RedPajama,29,0,0,10,0,0,0,,
UltraX-RedPajama-V2:1013,RedPajama,12,1,1,1,1,0,0,,1.1520424892868082
UltraX-RedPajama-V2:1014,RedPajama,11,3,3,1,1,0,0,,0.3948060788991121
UltraX-RedPajama-V2:1015,RedPajama,9,1,1,1,1,0,0,,-1.1999700870936314
UltraX-RedPajama-V2:1016,RedPajama,14,4,4,1,1,0,0,,-0.23048626167606923
UltraX-RedPajama-V2:1017,RedPajama,80,1,1,1,1,0,0,,-0.13509594468882558
UltraX-RedPajama-V2:1018,RedPajama,5,1,1,0,1,0,0,,0.6172936507936511
UltraX-RedPajama-V2:1019,RedPajama,10,2,1,0,2,0,0,,-1.7420537807246665
UltraX-RedPajama-V2:1020,RedPajama,46,11,10,1,3,0,0,,-0.4763168331427874
UltraX-RedPajama-V2:1021,RedPajama,107,1,1,1,1,0,0,,-0.027520297963953055
UltraX-RedPajama-V2:1022,RedPajama,10,2,2,1,2,0,0,,-0.028321082965349298
UltraX-RedPajama-V2:1023,RedPajama,35,5,5,1,1,0,0,,-0.48998920335649476
UltraX-RedPajama-V2:1024,RedPajama,72,1,0,1,1,0,0,,
UltraX-RedPajama-V2:1025,RedPajama,19,2,1,1,1,0,0,,0.10474082071616042
UltraX-RedPajama-V2:1026,RedPajama,7,1,1,1,1,0,0,,-1.7218560313536724
UltraX-RedPajama-V2:1027,RedPajama,14,3,3,0,1,0,0,,-0.7029360072654587
UltraX-RedPajama-V2:1028,RedPajama,19,7,7,1,2,0,0,,-0.31840631147839193
UltraX-RedPajama-V2:1029,RedPajama,10,4,4,1,1,0,0,,-0.46479561877275266
UltraX-RedPajama-V2:1030,RedPajama,4,1,1,1,1,0,0,,-0.9674298402746677
UltraX-RedPajama-V2:1031,RedPajama,340,9,6,2,3,0,0,,-0.6562095514406705
UltraX-RedPajama-V2:1032,RedPajama,23,16,13,1,1,0,0,,-0.2655879848170084
UltraX-RedPajama-V2:1033,RedPajama,132,20,19,1,2,0,0,,-0.46087997762561717
UltraX-RedPajama-V2:1034,RedPajama,14,1,2,1,1,0,0,,-0.034593961377859195
UltraX-RedPajama-V2:1035,RedPajama,3,1,0,0,1,0,0,,
UltraX-RedPajama-V2:1036,RedPajama,4,1,1,1,1,0,0,,0.3065555555555548
UltraX-RedPajama-V2:1037,RedPajama,22,2,1,1,1,0,0,,-0.6953567669996783
UltraX-RedPajama-V2:1038,RedPajama,15,1,1,3,1,0,0,,-0.42053181788995797
UltraX-RedPajama-V2:1039,RedPajama,11,1,1,1,1,0,0,,0.01438994477177502
UltraX-RedPajama-V2:1040,RedPajama,74,0,0,0,0,0,0,,
UltraX-RedPajama-V2:1041,RedPajama,2,0,0,0,0,0,0,,
UltraX-RedPajama-V2:1042,RedPajama,4,2,2,1,2,0,0,,-1.7723207720588237
UltraX-RedPajama-V2:1043,RedPajama,3,2,1,0,1,0,0,,-1.3701254826254825
UltraX-RedPajama-V2:1044,RedPajama,11,0,0,0,0,0,0,,
UltraX-RedPajama-V2:1045,RedPajama,11,1,1,0,1,0,0,,-0.7154853616600381
UltraX-RedPajama-V2:1046,RedPajama,19,8,8,1,2,0,0,,-0.18271564648444638
UltraX-RedPajama-V2:1047,RedPajama,4,2,1,1,1,0,0,,-1.8119472829635903
UltraX-RedPajama-V2:1048,RedPajama,6,0,0,0,0,0,0,,
UltraX-RedPajama-V2:1049,RedPajama,16,4,4,1,1,0,0,,-0.9200552687809029
UltraX-RedPajama-V2:1050,RedPajama,47,2,2,1,1,0,0,,-0.9149833181631699
UltraX-RedPajama-V2:1051,RedPajama,20,0,0,0,0,0,0,,
UltraX-RedPajama-V2:1052,RedPajama,3,1,1,1,1,0,0,,-1.1730757575757584
UltraX-RedPajama-V2:1053,RedPajama,1,0,0,0,0,0,0,,
UltraX-RedPajama-V2:1054,RedPajama,20,4,3,0,1,0,0,,-1.874689056939122
UltraX-RedPajama-V2:1055,RedPajama,10,0,0,0,0,0,0,,
UltraX-RedPajama-V2:1056,RedPajama,10,1,1,1,1,0,0,,-0.7567708048870347
UltraX-RedPajama-V2:1057,RedPajama,6,3,3,1,1,0,0,,-0.9859362068677138
UltraX-RedPajama-V2:1058,RedPajama,11,6,6,1,3,0,0,,-0.5678964245630915
UltraX-RedPajama-V2:1059,RedPajama,3,2,1,1,2,0,0,,-0.29284279918864087
UltraX-RedPajama-V2:1060,RedPajama,35,6,5,1,3,0,0,,-0.28990439007361246
UltraX-RedPajama-V2:1061,RedPajama,25,7,7,1,1,0,0,,-0.20278311601711252
UltraX-RedPajama-V2:1062,RedPajama,34,11,7,1,3,0,0,,-0.7223815748093729
UltraX-RedPajama-V2:1063,RedPajama,20,5,4,1,2,0,0,,-1.0614407681951432
UltraX-RedPajama-V2:1064,RedPajama,13,9,9,1,2,0,0,,0.0047317250650582565
UltraX-RedPajama-V2:1065,RedPajama,17,9,9,1,1,0,0,,-0.5796126319266541
UltraX-RedPajama-V2:1066,RedPajama,7,3,2,0,1,0,0,,0.2405420702179173
UltraX-RedPajama-V2:1067,RedPajama,3,0,0,1,0,0,0,,
UltraX-RedPajama-V2:1068,RedPajama,62,4,6,1,2,0,0,,-0.45655416135620097
UltraX-RedPajama-V2:1069,RedPajama,31,1,1,1,1,0,0,,-0.6104352846490615
UltraX-RedPajama-V2:1070,RedPajama,16,0,0,1,0,0,0,,
UltraX-RedPajama-V2:1071,RedPajama,32,8,7,1,2,0,0,,-1.551421102816584
UltraX-RedPajama-V2:1072,RedPajama,94,4,4,1,4,0,0,,-0.6174945249742203
UltraX-RedPajama-V2:1073,RedPajama,27,0,0,0,0,0,0,,
UltraX-RedPajama-V2:1074,RedPajama,3,1,1,0,1,0,0,,-0.9904999999999999
UltraX-RedPajama-V2:1075,RedPajama,30,3,2,1,1,0,0,,0.0013945539045883137
UltraX-RedPajama-V2:1076,RedPajama,3,1,1,1,1,0,0,,-0.3616190476190475
UltraX-RedPajama-V2:1077,RedPajama,56,2,2,1,1,0,0,,0.21166000759915882
UltraX-RedPajama-V2:1078,RedPajama,10,0,0,0,0,0,0,,
UltraX-RedPajama-V2:1079,RedPajama,65,3,3,1,2,0,0,,-0.019777310992315833
UltraX-RedPajama-V2:1080,RedPajama,12,0,0,0,0,0,0,,
UltraX-RedPajama-V2:1081,RedPajama,4,2,2,1,2,0,0,,-0.6897150997150998
UltraX-RedPajama-V2:1082,RedPajama,14,5,2,1,3,0,0,,-0.6371631237714706
UltraX-RedPajama-V2:1083,RedPajama,16,0,0,0,0,0,0,,
UltraX-RedPajama-V2:1084,RedPajama,23,0,0,0,0,0,0,,
UltraX-RedPajama-V2:1085,RedPajama,43,14,7,1,2,0,0,,0.10824141537618814
UltraX-RedPajama-V2:1086,RedPajama,14,2,2,0,1,0,0,,-0.2614021195187268
UltraX-RedPajama-V2:1087,RedPajama,2,0,0,0,0,0,0,,
UltraX-RedPajama-V2:1088,RedPajama,18,5,5,1,1,0,0,,-0.5976685584153367
UltraX-RedPajama-V2:1089,RedPajama,21,10,9,1,1,0,0,,-0.48165242428232613
UltraX-RedPajama-V2:1090,RedPajama,24,17,16,1,2,0,0,,-0.2174240777837193
UltraX-RedPajama-V2:1091,RedPajama,17,1,1,1,1,0,0,,-0.22628949912931873
UltraX-RedPajama-V2:1092,RedPajama,2,0,0,0,0,0,0,,
UltraX-RedPajama-V2:1093,RedPajama,7,0,0,1,0,0,0,,
UltraX-RedPajama-V2:1094,RedPajama,3,1,1,0,1,0,0,,-0.6495909090909091
UltraX-RedPajama-V2:1095,RedPajama,161,1,0,0,1,0,0,,
UltraX-RedPajama-V2:1096,RedPajama,24,0,0,0,0,0,0,,
UltraX-RedPajama-V2:1097,RedPajama,13,5,3,1,1,0,0,,0.9534073113496548
UltraX-RedPajama-V2:1098,RedPajama,78,3,3,0,3,0,0,,-0.8444278573831681
UltraX-RedPajama-V2:1099,RedPajama,25,5,5,0,3,0,0,,-0.4469605037336759
UltraX-RedPajama-V2:1100,RedPajama,6,1,1,1,1,0,0,,-0.9433648723257422
UltraX-RedPajama-V2:1101,RedPajama,9,0,0,1,0,0,0,,
UltraX-RedPajama-V2:1102,RedPajama,29,5,5,2,1,0,0,,0.05703935185185127
UltraX-RedPajama-V2:1103,RedPajama,3,0,0,0,0,0,0,,
UltraX-RedPajama-V2:1104,RedPajama,17,1,1,6,1,0,0,,-0.6283745491493224
UltraX-RedPajama-V2:1105,RedPajama,51,4,4,1,2,0,0,,-0.6074407209603452
UltraX-RedPajama-V2:1106,RedPajama,3,0,0,1,0,0,0,,
UltraX-RedPajama-V2:1107,RedPajama,26,2,2,0,1,0,0,,0.06432371471779064
UltraX-RedPajama-V2:1108,RedPajama,12,0,0,0,0,0,0,,
UltraX-RedPajama-V2:1109,RedPajama,9,0,0,0,0,0,0,,
UltraX-RedPajama-V2:1110,RedPajama,23,9,8,1,3,0,0,,-0.3255392446613632
UltraX-RedPajama-V2:1111,RedPajama,99,3,4,1,2,0,0,,-0.36780354206958954
UltraX-RedPajama-V2:1112,RedPajama,24,4,2,1,3,0,0,,-0.05960622799501891
UltraX-RedPajama-V2:1113,RedPajama,14,4,4,1,3,0,0,,-0.3158276599237375
UltraX-RedPajama-V2:1114,RedPajama,17,2,1,0,2,0,1,,-1.544661053461768
UltraX-RedPajama-V2:1115,RedPajama,3,0,0,1,0,0,0,,
UltraX-RedPajama-V2:1116,RedPajama,21,6,6,1,2,0,0,,-1.3249147637441956
UltraX-RedPajama-V2:1117,RedPajama,14,5,5,1,1,0,0,,0.8436547136821035
UltraX-RedPajama-V2:1118,RedPajama,29,0,0,0,0,0,0,,
UltraX-RedPajama-V2:1119,RedPajama,2,0,0,0,0,0,0,,
UltraX-RedPajama-V2:1120,RedPajama,4,2,2,1,2,0,0,,0.4884253246753243
UltraX-RedPajama-V2:1121,RedPajama,22,3,3,0,3,0,0,,-0.18840998721621727
UltraX-RedPajama-V2:1122,RedPajama,1,0,0,0,0,0,0,,
UltraX-RedPajama-V2:1123,RedPajama,7,3,3,1,1,0,0,,-0.31640624782850324
UltraX-RedPajama-V2:1124,RedPajama,26,5,4,1,3,0,0,,-0.6151457264535081
UltraX-RedPajama-V2:1125,RedPajama,26,3,2,0,1,0,0,,-0.05507183855889153
UltraX-RedPajama-V2:1126,RedPajama,18,3,2,2,2,0,0,,-0.0385787233062489
UltraX-RedPajama-V2:1127,RedPajama,10,2,1,1,1,0,0,,-0.8348328097828093
UltraX-RedPajama-V2:1128,RedPajama,42,4,3,1,4,0,0,,0.5532667118151391
UltraX-RedPajama-V2:1129,RedPajama,3,2,2,1,2,0,0,,-1.5122564935064933
UltraX-RedPajama-V2:1130,RedPajama,40,8,6,1,5,0,0,,-0.0560728287183192
UltraX-RedPajama-V2:1131,RedPajama,8,0,0,0,0,0,0,,
UltraX-RedPajama-V2:1132,RedPajama,88,0,0,27,0,0,0,,
UltraX-RedPajama-V2:1133,RedPajama,7,3,1,1,3,0,1,,0.2798958855472007
UltraX-RedPajama-V2:1134,RedPajama,34,2,2,1,2,0,0,,-0.8406839812334592
UltraX-RedPajama-V2:1135,RedPajama,21,2,2,2,1,0,0,,-0.3224350159248104
UltraX-RedPajama-V2:1136,RedPajama,8,2,2,1,1,0,0,,0.2811354617604618
UltraX-RedPajama-V2:1137,RedPajama,50,1,1,2,1,0,0,,-1.066388742241731
UltraX-RedPajama-V2:1138,RedPajama,13,0,0,1,0,0,0,,
UltraX-RedPajama-V2:1139,RedPajama,3,1,0,1,1,0,0,,
UltraX-RedPajama-V2:1140,RedPajama,59,4,4,1,3,0,0,,-0.7186369139634188
UltraX-RedPajama-V2:1141,RedPajama,76,2,2,0,2,0,0,,-0.7972607750818215
UltraX-RedPajama-V2:1142,RedPajama,3,0,0,0,0,0,0,,
UltraX-RedPajama-V2:1143,RedPajama,2,2,1,0,1,0,0,,-0.5968888888888886
UltraX-RedPajama-V2:1144,RedPajama,19,1,1,1,1,0,0,,0.4357241640761522
UltraX-RedPajama-V2:1145,RedPajama,37,4,3,1,2,0,0,,-0.7860392288078568
UltraX-RedPajama-V2:1146,RedPajama,1,0,0,1,0,0,0,,
UltraX-RedPajama-V2:1147,RedPajama,20,1,1,0,1,0,0,,-1.1585402640919753
UltraX-RedPajama-V2:1148,RedPajama,14,0,0,0,0,0,0,,
UltraX-RedPajama-V2:1149,RedPajama,7,2,2,1,1,0,0,,-1.7427204430554273
UltraX-RedPajama-V2:1150,RedPajama,3,0,0,0,0,0,0,,
UltraX-RedPajama-V2:1151,RedPajama,26,7,3,6,7,0,0,,-0.98693576171239
UltraX-RedPajama-V2:1152,RedPajama,8,1,1,0,1,0,0,,-1.1204416524071545
UltraX-RedPajama-V2:1153,RedPajama,38,1,1,1,1,0,0,,-1.6685757718795005
UltraX-RedPajama-V2:1154,RedPajama,21,4,4,1,1,0,0,,-0.5344346304838075
UltraX-RedPajama-V2:1155,RedPajama,34,2,1,1,1,0,0,,-1.0472077579817203
UltraX-RedPajama-V2:1156,RedPajama,58,20,13,1,7,0,0,,-0.8157254518015842
UltraX-RedPajama-V2:1157,RedPajama,13,2,2,1,1,0,0,,-0.25243485743362726
UltraX-RedPajama-V2:1158,RedPajama,9,4,3,1,1,0,0,,-0.9155880400961047
UltraX-RedPajama-V2:1159,RedPajama,28,3,3,1,1,0,0,,-0.36418481097039646
UltraX-RedPajama-V2:1160,RedPajama,16,1,0,1,1,0,0,,
UltraX-RedPajama-V2:1161,RedPajama,10,1,1,0,1,0,0,,-0.5937603246426777
UltraX-RedPajama-V2:1162,RedPajama,9,1,1,1,1,0,0,,-0.022605741486011688
UltraX-RedPajama-V2:1163,RedPajama,10,1,1,1,1,0,0,,0.011945386528445567
UltraX-RedPajama-V2:1164,RedPajama,7,0,0,0,0,0,0,,
UltraX-RedPajama-V2:1165,RedPajama,41,5,4,1,1,0,0,,-0.24575290646880354
UltraX-RedPajama-V2:1166,RedPajama,14,6,6,1,2,0,0,,-0.8307549724618282
UltraX-RedPajama-V2:1167,RedPajama,29,5,4,1,2,0,0,,-0.6665331289299736
UltraX-RedPajama-V2:1168,RedPajama,130,17,17,1,8,0,0,,-0.6270163738183419
UltraX-RedPajama-V2:1169,RedPajama,45,0,0,2,0,0,0,,
UltraX-RedPajama-V2:1170,RedPajama,27,4,4,1,1,0,0,,-0.4775107571096191
UltraX-RedPajama-V2:1171,RedPajama,10,1,1,1,1,0,0,,0.5530058062235925
UltraX-RedPajama-V2:1172,RedPajama,134,18,16,1,6,0,0,,-0.5976660429569991
UltraX-RedPajama-V2:1173,RedPajama,175,10,8,1,4,0,0,,-0.16490135492493696
UltraX-RedPajama-V2:1174,RedPajama,21,2,2,1,1,0,0,,-0.47980093562978166
UltraX-RedPajama-V2:1175,RedPajama,27,2,1,0,2,0,0,,-2.16579689904842
UltraX-RedPajama-V2:1176,RedPajama,5,3,3,0,1,0,0,,-1.0325388321995472
UltraX-RedPajama-V2:1177,RedPajama,39,19,18,1,4,0,0,,-0.6096245441550696
UltraX-RedPajama-V2:1178,RedPajama,27,1,1,1,1,0,0,,-0.5766122157861489
UltraX-RedPajama-V2:1179,RedPajama,30,1,1,1,1,0,0,,-1.2705352132192411
UltraX-RedPajama-V2:1180,RedPajama,9,1,1,0,1,0,0,,-0.42272932286853315
UltraX-RedPajama-V2:1181,RedPajama,23,5,5,5,5,0,0,,-1.0679934334070484
UltraX-RedPajama-V2:1182,RedPajama,35,7,3,1,1,0,0,,-0.5869647453315112
UltraX-RedPajama-V2:1183,RedPajama,47,34,21,1,2,0,0,,-0.23332528398653007
UltraX-RedPajama-V2:1184,RedPajama,4,1,1,1,1,0,0,,-1.2411666666666674
UltraX-RedPajama-V2:1185,RedPajama,227,35,28,2,2,0,0,,0.06490148862830125
UltraX-RedPajama-V2:1186,RedPajama,170,12,12,1,2,0,0,,-0.03681934766298234
UltraX-RedPajama-V2:1187,RedPajama,4,1,1,1,1,0,0,,-0.903412035237726
UltraX-RedPajama-V2:1188,RedPajama,10,2,2,1,1,0,0,,-1.2032969375651064
UltraX-RedPajama-V2:1189,RedPajama,19,1,0,0,1,0,0,,
UltraX-RedPajama-V2:1190,RedPajama,8,2,2,1,1,0,0,,-1.3358631263145702
UltraX-RedPajama-V2:1191,RedPajama,12,0,0,0,0,0,0,,
UltraX-RedPajama-V2:1192,RedPajama,9,1,1,1,1,0,0,,0.5724209401709404
UltraX-RedPajama-V2:1193,RedPajama,22,6,6,0,6,0,0,,-0.8333671218487391
UltraX-RedPajama-V2:1194,RedPajama,9,2,0,1,1,0,0,,
UltraX-RedPajama-V2:1195,RedPajama,17,2,2,2,2,0,0,,-1.085655284027002
UltraX-RedPajama-V2:1196,RedPajama,20,1,1,1,1,0,0,,0.25472123289828197
UltraX-RedPajama-V2:1197,RedPajama,25,3,3,1,1,0,0,,-1.0910949465387763
UltraX-RedPajama-V2:1198,RedPajama,23,0,0,0,0,0,0,,
UltraX-RedPajama-V2:1199,RedPajama,9,2,0,1,1,0,0,,
UltraX-Ultra-FineWeb:0,Ultra-FineWeb,1,0,0,0,0,0,0,,
UltraX-Ultra-FineWeb:1,Ultra-FineWeb,4,0,0,0,0,0,0,,
UltraX-Ultra-FineWeb:2,Ultra-FineWeb,10,0,0,0,0,0,0,,
UltraX-Ultra-FineWeb:3,Ultra-FineWeb,8,0,0,0,0,0,0,,
UltraX-Ultra-FineWeb:4,Ultra-FineWeb,15,0,0,0,0,0,0,,
UltraX-Ultra-FineWeb:5,Ultra-FineWeb,17,3,3,1,1,0,0,,0.35007083576797626
UltraX-Ultra-FineWeb:6,Ultra-FineWeb,5,0,0,0,0,0,0,,
UltraX-Ultra-FineWeb:7,Ultra-FineWeb,3,0,0,0,0,0,0,,
UltraX-Ultra-FineWeb:8,Ultra-FineWeb,8,2,2,0,1,0,0,,0.4311103891383592
UltraX-Ultra-FineWeb:9,Ultra-FineWeb,15,0,0,0,0,0,0,,
UltraX-Ultra-FineWeb:10,Ultra-FineWeb,7,0,0,0,0,0,0,,
UltraX-Ultra-FineWeb:11,Ultra-FineWeb,5,1,1,1,1,0,0,,0.728405313670411
UltraX-Ultra-FineWeb:12,Ultra-FineWeb,1,0,0,0,0,0,0,,
UltraX-Ultra-FineWeb:13,Ultra-FineWeb,1,0,0,0,0,0,0,,
UltraX-Ultra-FineWeb:14,Ultra-FineWeb,20,2,2,0,2,0,0,,0.22431306032057474
UltraX-Ultra-FineWeb:15,Ultra-FineWeb,11,0,0,0,0,0,0,,
UltraX-Ultra-FineWeb:16,Ultra-FineWeb,2,1,1,1,1,0,0,,-0.3367356321839079
UltraX-Ultra-FineWeb:17,Ultra-FineWeb,7,1,1,1,1,0,0,,-0.12946228770150459
UltraX-Ultra-FineWeb:18,Ultra-FineWeb,9,0,0,0,0,0,0,,
UltraX-Ultra-FineWeb:19,Ultra-FineWeb,9,0,0,0,0,0,0,,
UltraX-Ultra-FineWeb:20,Ultra-FineWeb,5,1,1,1,1,0,0,,0.5211963556050323
UltraX-Ultra-FineWeb:21,Ultra-FineWeb,21,1,1,1,1,0,0,,0.15303148555223256
UltraX-Ultra-FineWeb:22,Ultra-FineWeb,5,1,1,0,1,0,0,,0.44833137254901967
UltraX-Ultra-FineWeb:23,Ultra-FineWeb,25,0,0,0,0,0,0,,
UltraX-Ultra-FineWeb:24,Ultra-FineWeb,11,1,1,1,1,0,0,,0.09977298211592256
UltraX-Ultra-FineWeb:25,Ultra-FineWeb,5,1,1,0,1,0,0,,0.8112820512820518
UltraX-Ultra-FineWeb:26,Ultra-FineWeb,10,0,0,0,0,0,0,,
UltraX-Ultra-FineWeb:27,Ultra-FineWeb,8,0,0,0,0,0,0,,
UltraX-Ultra-FineWeb:28,Ultra-FineWeb,17,1,1,1,1,0,0,,0.14321428571428552
UltraX-Ultra-FineWeb:29,Ultra-FineWeb,21,0,0,0,0,0,0,,
UltraX-Ultra-FineWeb:30,Ultra-FineWeb,3,0,0,0,0,0,0,,
UltraX-Ultra-FineWeb:31,Ultra-FineWeb,4,1,1,0,1,0,0,,1.1029480286738353
UltraX-Ultra-FineWeb:32,Ultra-FineWeb,6,0,0,3,0,0,0,,
UltraX-Ultra-FineWeb:33,Ultra-FineWeb,8,3,3,1,1,0,0,,0.10071269841269892
UltraX-Ultra-FineWeb:34,Ultra-FineWeb,99,10,5,1,1,0,0,,0.1315374292164302
UltraX-Ultra-FineWeb:35,Ultra-FineWeb,26,0,0,0,0,0,0,,
UltraX-Ultra-FineWeb:36,Ultra-FineWeb,7,1,1,1,1,0,0,,-0.22988088088088077
UltraX-Ultra-FineWeb:37,Ultra-FineWeb,4,3,2,1,2,0,0,,-0.5669886363636376
UltraX-Ultra-FineWeb:38,Ultra-FineWeb,11,0,0,0,0,0,0,,
UltraX-Ultra-FineWeb:39,Ultra-FineWeb,11,1,1,1,1,0,0,,-0.3681325304150178
UltraX-Ultra-FineWeb:40,Ultra-FineWeb,7,0,0,1,0,0,0,,
UltraX-Ultra-FineWeb:41,Ultra-FineWeb,31,1,1,1,1,0,0,,1.473997570281929
UltraX-Ultra-FineWeb:42,Ultra-FineWeb,14,1,1,0,1,0,0,,0.0029178882642257875
UltraX-Ultra-FineWeb:43,Ultra-FineWeb,13,0,0,0,0,0,0,,
UltraX-Ultra-FineWeb:44,Ultra-FineWeb,17,0,0,0,0,0,0,,
UltraX-Ultra-FineWeb:45,Ultra-FineWeb,14,0,0,0,0,0,0,,
UltraX-Ultra-FineWeb:46,Ultra-FineWeb,14,0,0,0,0,0,0,,
UltraX-Ultra-FineWeb:47,Ultra-FineWeb,5,1,1,1,1,0,0,,0.16516607180408993
UltraX-Ultra-FineWeb:48,Ultra-FineWeb,2,0,0,0,0,0,0,,
UltraX-Ultra-FineWeb:49,Ultra-FineWeb,4,1,1,1,1,0,0,,-0.08025497677017146
UltraX-Ultra-FineWeb:50,Ultra-FineWeb,12,0,0,0,0,0,0,,
UltraX-Ultra-FineWeb:51,Ultra-FineWeb,20,0,0,0,0,0,0,,
UltraX-Ultra-FineWeb:52,Ultra-FineWeb,16,1,1,1,1,0,0,,-0.684206722533772
UltraX-Ultra-FineWeb:53,Ultra-FineWeb,25,0,0,0,0,0,0,,
UltraX-Ultra-FineWeb:54,Ultra-FineWeb,9,0,0,0,0,0,0,,
UltraX-Ultra-FineWeb:55,Ultra-FineWeb,16,4,4,1,2,0,0,,0.12757221320534917
UltraX-Ultra-FineWeb:56,Ultra-FineWeb,15,0,0,0,0,0,0,,
UltraX-Ultra-FineWeb:57,Ultra-FineWeb,9,0,0,0,0,0,0,,
UltraX-Ultra-FineWeb:58,Ultra-FineWeb,4,0,0,0,0,0,0,,
UltraX-Ultra-FineWeb:59,Ultra-FineWeb,9,2,2,1,1,0,0,,0.13868020874783582
UltraX-Ultra-FineWeb:60,Ultra-FineWeb,25,1,2,24,1,0,0,,-0.5468949239571499
UltraX-Ultra-FineWeb:61,Ultra-FineWeb,5,1,1,1,1,0,0,,1.0106122333548804
UltraX-Ultra-FineWeb:62,Ultra-FineWeb,12,0,0,0,0,0,0,,
UltraX-Ultra-FineWeb:63,Ultra-FineWeb,3,0,0,0,0,0,0,,
UltraX-Ultra-FineWeb:64,Ultra-FineWeb,4,0,0,0,0,0,0,,
UltraX-Ultra-FineWeb:65,Ultra-FineWeb,8,1,1,1,1,0,0,,-0.09107463685882244
UltraX-Ultra-FineWeb:66,Ultra-FineWeb,25,1,2,1,1,0,0,,-1.196425811054493
UltraX-Ultra-FineWeb:67,Ultra-FineWeb,8,3,3,0,1,0,0,,0.6658824299223234
UltraX-Ultra-FineWeb:68,Ultra-FineWeb,7,0,0,0,0,0,0,,
UltraX-Ultra-FineWeb:69,Ultra-FineWeb,23,4,4,1,1,0,0,,0.3633568398333642
UltraX-Ultra-FineWeb:70,Ultra-FineWeb,33,0,0,0,0,0,0,,
UltraX-Ultra-FineWeb:71,Ultra-FineWeb,2,0,0,0,0,0,0,,
UltraX-Ultra-FineWeb:72,Ultra-FineWeb,10,0,0,0,0,0,0,,
UltraX-Ultra-FineWeb:73,Ultra-FineWeb,3,0,0,0,0,0,0,,
UltraX-Ultra-FineWeb:74,Ultra-FineWeb,3,0,0,0,0,0,0,,
UltraX-Ultra-FineWeb:75,Ultra-FineWeb,22,0,0,0,0,0,0,,
UltraX-Ultra-FineWeb:76,Ultra-FineWeb,45,4,4,1,2,0,0,,0.18036954881496303
UltraX-Ultra-FineWeb:77,Ultra-FineWeb,7,4,4,1,1,0,0,,-0.6918278819305934
UltraX-Ultra-FineWeb:78,Ultra-FineWeb,5,3,3,1,1,0,0,,-0.5739940937615353
UltraX-Ultra-FineWeb:79,Ultra-FineWeb,13,3,3,1,2,0,0,,-0.00945609756097543
UltraX-Ultra-FineWeb:80,Ultra-FineWeb,6,5,5,1,1,0,0,,-1.500504545454545
UltraX-Ultra-FineWeb:81,Ultra-FineWeb,14,1,1,1,1,0,0,,0.1977713622312569
UltraX-Ultra-FineWeb:82,Ultra-FineWeb,27,0,0,0,0,0,0,,
UltraX-Ultra-FineWeb:83,Ultra-FineWeb,5,1,2,0,1,0,0,,-0.21281200396825373
UltraX-Ultra-FineWeb:84,Ultra-FineWeb,1,0,0,0,0,0,0,,
UltraX-Ultra-FineWeb:85,Ultra-FineWeb,6,1,1,0,1,0,0,,0.2375385308772895
UltraX-Ultra-FineWeb:86,Ultra-FineWeb,8,3,3,0,1,0,0,,-0.4181084358953626
UltraX-Ultra-FineWeb:87,Ultra-FineWeb,9,0,0,0,0,0,0,,
UltraX-Ultra-FineWeb:88,Ultra-FineWeb,3,2,2,1,1,0,0,,-1.0074324324324326
UltraX-Ultra-FineWeb:89,Ultra-FineWeb,44,0,0,0,0,0,0,,
UltraX-Ultra-FineWeb:90,Ultra-FineWeb,6,0,0,1,0,0,0,,
UltraX-Ultra-FineWeb:91,Ultra-FineWeb,51,0,0,0,0,0,0,,
UltraX-Ultra-FineWeb:92,Ultra-FineWeb,4,0,0,0,0,0,0,,
UltraX-Ultra-FineWeb:93,Ultra-FineWeb,4,1,1,1,1,0,0,,0.1730208524089818
UltraX-Ultra-FineWeb:94,Ultra-FineWeb,6,1,1,1,1,0,0,,-2.7740459325178457
UltraX-Ultra-FineWeb:95,Ultra-FineWeb,9,0,0,0,0,0,0,,
UltraX-Ultra-FineWeb:96,Ultra-FineWeb,31,4,4,1,1,0,0,,0.014658765250101347
UltraX-Ultra-FineWeb:97,Ultra-FineWeb,5,0,0,0,0,0,0,,
UltraX-Ultra-FineWeb:98,Ultra-FineWeb,4,0,0,0,0,0,0,,
UltraX-Ultra-FineWeb:99,Ultra-FineWeb,20,1,1,1,1,0,0,,-0.3772222311589921
UltraX-Ultra-FineWeb:100,Ultra-FineWeb,8,0,0,0,0,0,0,,
UltraX-Ultra-FineWeb:101,Ultra-FineWeb,8,0,0,0,0,0,0,,
UltraX-Ultra-FineWeb:102,Ultra-FineWeb,3,0,0,0,0,0,0,,
UltraX-Ultra-FineWeb:103,Ultra-FineWeb,14,0,0,0,0,0,0,,
UltraX-Ultra-FineWeb:104,Ultra-FineWeb,8,0,0,0,0,0,0,,
UltraX-Ultra-FineWeb:105,Ultra-FineWeb,3,1,1,0,1,0,0,,0.45619496855345876
UltraX-Ultra-FineWeb:106,Ultra-FineWeb,10,0,0,2,0,0,0,,
UltraX-Ultra-FineWeb:107,Ultra-FineWeb,15,8,8,0,2,0,0,,-1.020565600939583
UltraX-Ultra-FineWeb:108,Ultra-FineWeb,15,0,0,0,0,0,0,,
UltraX-Ultra-FineWeb:109,Ultra-FineWeb,27,1,1,1,1,0,0,,0.14225278307357048
UltraX-Ultra-FineWeb:110,Ultra-FineWeb,25,0,0,0,0,0,0,,
UltraX-Ultra-FineWeb:111,Ultra-FineWeb,8,0,0,1,0,0,0,,
UltraX-Ultra-FineWeb:112,Ultra-FineWeb,10,4,3,0,1,0,0,,-1.7287264713122927
UltraX-Ultra-FineWeb:113,Ultra-FineWeb,5,1,1,0,1,0,0,,0.48776041666666714
UltraX-Ultra-FineWeb:114,Ultra-FineWeb,11,1,1,1,1,0,0,,0.8023856016731017
UltraX-Ultra-FineWeb:115,Ultra-FineWeb,5,1,1,1,1,0,0,,-1.1516837110059175
UltraX-Ultra-FineWeb:116,Ultra-FineWeb,8,0,0,0,0,0,0,,
UltraX-Ultra-FineWeb:117,Ultra-FineWeb,40,3,3,1,1,0,0,,0.06760076956653016
UltraX-Ultra-FineWeb:118,Ultra-FineWeb,9,8,8,1,1,0,0,,-0.11492691029900293
UltraX-Ultra-FineWeb:119,Ultra-FineWeb,4,0,0,0,0,0,0,,
UltraX-Ultra-FineWeb:120,Ultra-FineWeb,14,12,12,1,1,0,0,,-0.6781214539007099
UltraX-Ultra-FineWeb:121,Ultra-FineWeb,10,1,1,1,1,0,0,,0.7201764809264812
UltraX-Ultra-FineWeb:122,Ultra-FineWeb,4,0,0,0,0,0,0,,
UltraX-Ultra-FineWeb:123,Ultra-FineWeb,6,0,0,0,0,0,0,,
UltraX-Ultra-FineWeb:124,Ultra-FineWeb,5,0,0,0,0,0,0,,
UltraX-Ultra-FineWeb:125,Ultra-FineWeb,28,0,0,1,0,0,0,,
UltraX-Ultra-FineWeb:126,Ultra-FineWeb,3,0,0,0,0,0,0,,
UltraX-Ultra-FineWeb:127,Ultra-FineWeb,51,1,1,1,1,0,0,,-0.08828394134007311
UltraX-Ultra-FineWeb:128,Ultra-FineWeb,3,1,1,1,1,0,1,,-0.32342342342342345
UltraX-Ultra-FineWeb:129,Ultra-FineWeb,10,1,0,0,1,0,0,,
UltraX-Ultra-FineWeb:130,Ultra-FineWeb,14,0,0,0,0,0,0,,
UltraX-Ultra-FineWeb:131,Ultra-FineWeb,7,2,2,0,1,0,0,,0.6495030242001656
UltraX-Ultra-FineWeb:132,Ultra-FineWeb,17,0,0,0,0,0,0,,
UltraX-Ultra-FineWeb:133,Ultra-FineWeb,11,0,0,0,0,0,0,,
UltraX-Ultra-FineWeb:134,Ultra-FineWeb,15,9,9,1,1,0,0,,0.08816781773602678
UltraX-Ultra-FineWeb:135,Ultra-FineWeb,10,7,3,0,2,0,0,,-0.3017035643678856
UltraX-Ultra-FineWeb:136,Ultra-FineWeb,9,0,0,0,0,0,0,,
UltraX-Ultra-FineWeb:137,Ultra-FineWeb,19,0,0,0,0,0,0,,
UltraX-Ultra-FineWeb:138,Ultra-FineWeb,16,0,0,0,0,0,0,,
UltraX-Ultra-FineWeb:139,Ultra-FineWeb,8,1,1,1,1,0,0,,0.5574971715365802
UltraX-Ultra-FineWeb:140,Ultra-FineWeb,10,1,1,1,1,0,0,,0.2554122637716496
UltraX-Ultra-FineWeb:141,Ultra-FineWeb,16,0,0,0,0,0,0,,
UltraX-Ultra-FineWeb:142,Ultra-FineWeb,11,0,0,0,0,0,0,,
UltraX-Ultra-FineWeb:143,Ultra-FineWeb,3,0,0,0,0,0,0,,
UltraX-Ultra-FineWeb:144,Ultra-FineWeb,3,0,0,0,0,0,0,,
UltraX-Ultra-FineWeb:145,Ultra-FineWeb,11,0,0,0,0,0,0,,
UltraX-Ultra-FineWeb:146,Ultra-FineWeb,33,1,1,1,1,0,0,,-0.2713856763076308
UltraX-Ultra-FineWeb:147,Ultra-FineWeb,21,1,1,1,1,0,0,,0.9206970341314946
UltraX-Ultra-FineWeb:148,Ultra-FineWeb,8,1,1,1,1,0,0,,0.9201723514016429
UltraX-Ultra-FineWeb:149,Ultra-FineWeb,67,0,0,0,0,0,0,,
UltraX-Ultra-FineWeb:150,Ultra-FineWeb,394,2,2,1,2,0,0,,-0.19333025767571854
UltraX-Ultra-FineWeb:151,Ultra-FineWeb,13,0,0,0,0,0,0,,
UltraX-Ultra-FineWeb:152,Ultra-FineWeb,6,0,0,0,0,0,0,,
UltraX-Ultra-FineWeb:153,Ultra-FineWeb,8,0,0,0,0,0,0,,
UltraX-Ultra-FineWeb:154,Ultra-FineWeb,8,0,0,0,0,0,0,,
UltraX-Ultra-FineWeb:155,Ultra-FineWeb,95,0,0,0,0,0,0,,
UltraX-Ultra-FineWeb:156,Ultra-FineWeb,6,1,1,1,1,0,0,,0.1605626877149593
UltraX-Ultra-FineWeb:157,Ultra-FineWeb,7,0,0,1,0,0,0,,
UltraX-Ultra-FineWeb:158,Ultra-FineWeb,15,3,3,1,1,0,0,,-1.0226228907449775
UltraX-Ultra-FineWeb:159,Ultra-FineWeb,3,1,1,1,1,0,0,,0.4134801430453603
UltraX-Ultra-FineWeb:160,Ultra-FineWeb,16,2,2,1,1,0,0,,-0.9060190292543764
UltraX-Ultra-FineWeb:161,Ultra-FineWeb,6,0,0,0,0,0,0,,
UltraX-Ultra-FineWeb:162,Ultra-FineWeb,3,0,0,1,0,0,0,,
UltraX-Ultra-FineWeb:163,Ultra-FineWeb,5,0,0,0,0,0,0,,
UltraX-Ultra-FineWeb:164,Ultra-FineWeb,8,3,3,0,1,0,0,,-0.8882499500499508
UltraX-Ultra-FineWeb:165,Ultra-FineWeb,49,0,0,0,0,0,0,,
UltraX-Ultra-FineWeb:166,Ultra-FineWeb,6,0,0,0,0,0,0,,
UltraX-Ultra-FineWeb:167,Ultra-FineWeb,32,2,2,1,1,0,0,,-0.309299210787886
UltraX-Ultra-FineWeb:168,Ultra-FineWeb,3,1,1,1,1,0,0,,-0.18817191283292978
UltraX-Ultra-FineWeb:169,Ultra-FineWeb,33,0,0,1,0,0,0,,
UltraX-Ultra-FineWeb:170,Ultra-FineWeb,16,0,0,0,0,0,0,,
UltraX-Ultra-FineWeb:171,Ultra-FineWeb,4,1,1,0,1,0,0,,0.8254917241087449
UltraX-Ultra-FineWeb:172,Ultra-FineWeb,7,0,0,0,0,0,0,,
UltraX-Ultra-FineWeb:173,Ultra-FineWeb,9,0,0,0,0,0,0,,
UltraX-Ultra-FineWeb:174,Ultra-FineWeb,55,0,0,0,0,0,0,,
UltraX-Ultra-FineWeb:175,Ultra-FineWeb,3,0,0,0,0,0,0,,
UltraX-Ultra-FineWeb:176,Ultra-FineWeb,12,0,1,3,0,0,0,,0.053327723198284716
UltraX-Ultra-FineWeb:177,Ultra-FineWeb,1,0,0,0,0,0,0,,
UltraX-Ultra-FineWeb:178,Ultra-FineWeb,17,12,12,1,1,0,0,,-0.5738160113084687
UltraX-Ultra-FineWeb:179,Ultra-FineWeb,29,6,6,0,5,0,0,,0.051512632193865926
UltraX-Ultra-FineWeb:180,Ultra-FineWeb,6,0,0,0,0,0,0,,
UltraX-Ultra-FineWeb:181,Ultra-FineWeb,2,0,0,0,0,0,0,,
UltraX-Ultra-FineWeb:182,Ultra-FineWeb,2,0,0,0,0,0,0,,
UltraX-Ultra-FineWeb:183,Ultra-FineWeb,36,0,0,0,0,0,0,,
UltraX-Ultra-FineWeb:184,Ultra-FineWeb,13,0,0,0,0,0,0,,
UltraX-Ultra-FineWeb:185,Ultra-FineWeb,16,3,2,0,1,0,0,,-0.46673878631889654
UltraX-Ultra-FineWeb:186,Ultra-FineWeb,12,1,1,1,1,0,0,,0.5747278367392266
UltraX-Ultra-FineWeb:187,Ultra-FineWeb,29,0,0,0,0,0,0,,
UltraX-Ultra-FineWeb:188,Ultra-FineWeb,14,1,1,1,1,0,0,,0.9399370155973221
UltraX-Ultra-FineWeb:189,Ultra-FineWeb,26,1,1,0,1,0,0,,0.8278234712920245
UltraX-Ultra-FineWeb:190,Ultra-FineWeb,17,2,2,1,2,0,0,,-0.5359324668346259
UltraX-Ultra-FineWeb:191,Ultra-FineWeb,6,1,0,1,1,0,0,,
UltraX-Ultra-FineWeb:192,Ultra-FineWeb,22,0,0,0,0,0,0,,
UltraX-Ultra-FineWeb:193,Ultra-FineWeb,15,0,0,0,0,0,0,,
UltraX-Ultra-FineWeb:194,Ultra-FineWeb,6,0,0,0,0,0,0,,
UltraX-Ultra-FineWeb:195,Ultra-FineWeb,4,1,1,1,1,0,0,,0.4620663780663783
UltraX-Ultra-FineWeb:196,Ultra-FineWeb,4,0,0,0,0,0,0,,
UltraX-Ultra-FineWeb:197,Ultra-FineWeb,23,1,1,1,1,0,0,,-0.6954320460817947
UltraX-Ultra-FineWeb:198,Ultra-FineWeb,10,0,0,0,0,0,0,,
UltraX-Ultra-FineWeb:199,Ultra-FineWeb,3,1,1,0,1,0,0,,0.06644960343688044
UltraX-Ultra-FineWeb:200,Ultra-FineWeb,13,0,0,0,0,0,0,,
UltraX-Ultra-FineWeb:201,Ultra-FineWeb,20,1,1,0,1,0,0,,-0.1973050482819092
UltraX-Ultra-FineWeb:202,Ultra-FineWeb,8,0,0,0,0,0,0,,
UltraX-Ultra-FineWeb:203,Ultra-FineWeb,10,0,0,0,0,0,0,,
UltraX-Ultra-FineWeb:204,Ultra-FineWeb,4,3,2,1,2,0,0,,-0.3818787878787884
UltraX-Ultra-FineWeb:205,Ultra-FineWeb,1,0,0,0,0,0,0,,
UltraX-Ultra-FineWeb:206,Ultra-FineWeb,7,0,0,0,0,0,0,,
UltraX-Ultra-FineWeb:207,Ultra-FineWeb,17,0,0,0,0,0,0,,
UltraX-Ultra-FineWeb:208,Ultra-FineWeb,28,0,0,0,0,0,0,,
UltraX-Ultra-FineWeb:209,Ultra-FineWeb,13,0,0,0,0,0,0,,
UltraX-Ultra-FineWeb:210,Ultra-FineWeb,15,0,0,0,0,0,0,,
UltraX-Ultra-FineWeb:211,Ultra-FineWeb,51,1,1,1,1,0,0,,-0.2440398726573303
UltraX-Ultra-FineWeb:212,Ultra-FineWeb,1,0,0,0,0,0,0,,
UltraX-Ultra-FineWeb:213,Ultra-FineWeb,46,0,0,0,0,0,0,,
UltraX-Ultra-FineWeb:214,Ultra-FineWeb,7,0,0,0,0,0,0,,
UltraX-Ultra-FineWeb:215,Ultra-FineWeb,8,0,0,0,0,0,0,,
UltraX-Ultra-FineWeb:216,Ultra-FineWeb,19,0,0,0,0,0,0,,
UltraX-Ultra-FineWeb:217,Ultra-FineWeb,4,0,0,0,0,0,0,,
UltraX-Ultra-FineWeb:218,Ultra-FineWeb,21,0,0,0,0,0,0,,
UltraX-Ultra-FineWeb:219,Ultra-FineWeb,15,0,0,0,0,0,0,,
UltraX-Ultra-FineWeb:220,Ultra-FineWeb,3,1,1,0,1,0,0,,-1.27148834468308
UltraX-Ultra-FineWeb:221,Ultra-FineWeb,8,0,0,0,0,0,0,,
UltraX-Ultra-FineWeb:222,Ultra-FineWeb,13,0,0,0,0,0,0,,
UltraX-Ultra-FineWeb:223,Ultra-FineWeb,2,0,0,0,0,0,0,,
UltraX-Ultra-FineWeb:224,Ultra-FineWeb,35,0,0,0,0,0,0,,
UltraX-Ultra-FineWeb:225,Ultra-FineWeb,5,2,2,0,1,0,0,,0.6917884615384615
UltraX-Ultra-FineWeb:226,Ultra-FineWeb,5,1,1,1,1,0,0,,-1.712093378320338
UltraX-Ultra-FineWeb:227,Ultra-FineWeb,8,0,0,0,0,0,0,,
UltraX-Ultra-FineWeb:228,Ultra-FineWeb,32,0,0,0,0,0,0,,
UltraX-Ultra-FineWeb:229,Ultra-FineWeb,30,6,6,0,2,0,0,,-0.5846352244970312
UltraX-Ultra-FineWeb:230,Ultra-FineWeb,9,0,0,0,0,0,0,,
UltraX-Ultra-FineWeb:231,Ultra-FineWeb,14,0,0,0,0,0,0,,
UltraX-Ultra-FineWeb:232,Ultra-FineWeb,1,0,0,0,0,0,0,,
UltraX-Ultra-FineWeb:233,Ultra-FineWeb,20,0,0,1,0,0,0,,
UltraX-Ultra-FineWeb:234,Ultra-FineWeb,5,0,0,0,0,0,0,,
UltraX-Ultra-FineWeb:235,Ultra-FineWeb,6,0,0,0,0,0,0,,
UltraX-Ultra-FineWeb:236,Ultra-FineWeb,33,0,0,0,0,0,0,,
UltraX-Ultra-FineWeb:237,Ultra-FineWeb,10,0,0,0,0,0,0,,
UltraX-Ultra-FineWeb:238,Ultra-FineWeb,12,0,0,0,0,0,0,,
UltraX-Ultra-FineWeb:239,Ultra-FineWeb,16,0,0,0,0,0,0,,
UltraX-Ultra-FineWeb:240,Ultra-FineWeb,18,0,0,2,0,0,0,,
UltraX-Ultra-FineWeb:241,Ultra-FineWeb,1,0,0,0,0,0,0,,
UltraX-Ultra-FineWeb:242,Ultra-FineWeb,9,0,0,0,0,0,0,,
UltraX-Ultra-FineWeb:243,Ultra-FineWeb,25,0,0,0,0,0,0,,
UltraX-Ultra-FineWeb:244,Ultra-FineWeb,5,0,0,0,0,0,0,,
UltraX-Ultra-FineWeb:245,Ultra-FineWeb,13,1,1,0,1,0,0,,0.5523459832486184
UltraX-Ultra-FineWeb:246,Ultra-FineWeb,2,1,1,0,1,0,0,,0.2763698630136986
UltraX-Ultra-FineWeb:247,Ultra-FineWeb,63,2,1,1,1,0,0,,0.2974952312951604
UltraX-Ultra-FineWeb:248,Ultra-FineWeb,12,3,3,1,1,0,0,,0.2591503427674029
UltraX-Ultra-FineWeb:249,Ultra-FineWeb,14,1,1,0,1,0,0,,0.27836739926739895
UltraX-Ultra-FineWeb:250,Ultra-FineWeb,1,0,0,0,0,0,0,,
UltraX-Ultra-FineWeb:251,Ultra-FineWeb,2,1,1,1,1,0,0,,-0.7718728070175445
UltraX-Ultra-FineWeb:252,Ultra-FineWeb,4,2,2,1,2,0,0,,-0.30579147714605437
UltraX-Ultra-FineWeb:253,Ultra-FineWeb,15,0,0,0,0,0,0,,
UltraX-Ultra-FineWeb:254,Ultra-FineWeb,15,0,0,0,0,0,0,,
UltraX-Ultra-FineWeb:255,Ultra-FineWeb,19,0,0,0,0,0,0,,
UltraX-Ultra-FineWeb:256,Ultra-FineWeb,3,0,0,0,0,0,0,,
UltraX-Ultra-FineWeb:257,Ultra-FineWeb,9,2,2,1,1,0,0,,0.11276800976801038
UltraX-Ultra-FineWeb:258,Ultra-FineWeb,6,0,0,0,0,0,0,,
UltraX-Ultra-FineWeb:259,Ultra-FineWeb,38,0,0,0,0,0,0,,
UltraX-Ultra-FineWeb:260,Ultra-FineWeb,6,0,0,0,0,0,0,,
UltraX-Ultra-FineWeb:261,Ultra-FineWeb,5,0,0,0,0,0,0,,
UltraX-Ultra-FineWeb:262,Ultra-FineWeb,13,1,1,1,1,0,0,,1.3061465858273138
UltraX-Ultra-FineWeb:263,Ultra-FineWeb,6,0,0,0,0,0,0,,
UltraX-Ultra-FineWeb:264,Ultra-FineWeb,11,0,0,0,0,0,0,,
UltraX-Ultra-FineWeb:265,Ultra-FineWeb,3,0,0,0,0,0,0,,
UltraX-Ultra-FineWeb:266,Ultra-FineWeb,15,1,1,1,1,0,0,,-1.0350494843056914
UltraX-Ultra-FineWeb:267,Ultra-FineWeb,11,2,2,0,1,0,0,,-0.24648079290158087
UltraX-Ultra-FineWeb:268,Ultra-FineWeb,12,3,2,1,1,0,0,,-0.9409631981181334
UltraX-Ultra-FineWeb:269,Ultra-FineWeb,1,0,0,0,0,0,0,,
UltraX-Ultra-FineWeb:270,Ultra-FineWeb,2,0,0,0,0,0,0,,
UltraX-Ultra-FineWeb:271,Ultra-FineWeb,1,0,0,1,0,0,0,,
UltraX-Ultra-FineWeb:272,Ultra-FineWeb,16,0,0,0,0,0,0,,
UltraX-Ultra-FineWeb:273,Ultra-FineWeb,20,1,1,1,1,0,0,,0.01795857846747495
UltraX-Ultra-FineWeb:274,Ultra-FineWeb,9,3,2,0,2,0,0,,-0.8383939394503743
UltraX-Ultra-FineWeb:275,Ultra-FineWeb,22,0,0,2,0,0,0,,
UltraX-Ultra-FineWeb:276,Ultra-FineWeb,7,3,2,1,1,0,0,,-0.28123093573093527
UltraX-Ultra-FineWeb:277,Ultra-FineWeb,4,0,0,0,0,0,0,,
UltraX-Ultra-FineWeb:278,Ultra-FineWeb,10,0,0,0,0,0,0,,
UltraX-Ultra-FineWeb:279,Ultra-FineWeb,30,4,4,1,1,0,0,,-0.3712329115630091
UltraX-Ultra-FineWeb:280,Ultra-FineWeb,12,1,1,1,1,0,0,,-0.07904471437016447
UltraX-Ultra-FineWeb:281,Ultra-FineWeb,14,0,0,0,0,0,0,,
UltraX-Ultra-FineWeb:282,Ultra-FineWeb,2,0,0,0,0,0,0,,
UltraX-Ultra-FineWeb:283,Ultra-FineWeb,6,1,1,1,1,0,0,,-0.14594715447154538
UltraX-Ultra-FineWeb:284,Ultra-FineWeb,50,0,0,0,0,0,0,,
UltraX-Ultra-FineWeb:285,Ultra-FineWeb,58,0,0,0,0,0,0,,
UltraX-Ultra-FineWeb:286,Ultra-FineWeb,7,0,0,0,0,0,0,,
UltraX-Ultra-FineWeb:287,Ultra-FineWeb,7,0,0,0,0,0,0,,
UltraX-Ultra-FineWeb:288,Ultra-FineWeb,28,0,0,0,0,0,0,,
UltraX-Ultra-FineWeb:289,Ultra-FineWeb,13,1,1,1,1,0,0,,0.9038602166872076
UltraX-Ultra-FineWeb:290,Ultra-FineWeb,9,0,0,0,0,0,0,,
UltraX-Ultra-FineWeb:291,Ultra-FineWeb,20,1,1,1,1,0,0,,0.026418670057030802
UltraX-Ultra-FineWeb:292,Ultra-FineWeb,8,0,0,0,0,0,0,,
UltraX-Ultra-FineWeb:293,Ultra-FineWeb,9,0,0,0,0,0,0,,
UltraX-Ultra-FineWeb:294,Ultra-FineWeb,3,1,1,1,1,0,0,,-0.9658333333333324
UltraX-Ultra-FineWeb:295,Ultra-FineWeb,18,0,0,0,0,0,0,,
UltraX-Ultra-FineWeb:296,Ultra-FineWeb,16,0,0,0,0,0,0,,
UltraX-Ultra-FineWeb:297,Ultra-FineWeb,12,2,2,1,1,0,0,,0.34441718341673244
UltraX-Ultra-FineWeb:298,Ultra-FineWeb,6,0,0,0,0,0,0,,
UltraX-Ultra-FineWeb:299,Ultra-FineWeb,12,1,1,0,1,0,0,,0.017472940290844896
UltraX-Ultra-FineWeb:300,Ultra-FineWeb,16,0,0,0,0,0,0,,
UltraX-Ultra-FineWeb:301,Ultra-FineWeb,11,0,0,0,0,0,0,,
UltraX-Ultra-FineWeb:302,Ultra-FineWeb,1,0,0,0,0,0,0,,
UltraX-Ultra-FineWeb:303,Ultra-FineWeb,15,3,3,0,1,0,0,,-0.037504599326279475
UltraX-Ultra-FineWeb:304,Ultra-FineWeb,31,3,3,1,1,0,0,,0.06634723133830978
UltraX-Ultra-FineWeb:305,Ultra-FineWeb,3,1,1,1,1,0,0,,1.0853137254901961
UltraX-Ultra-FineWeb:306,Ultra-FineWeb,2,1,1,1,1,0,0,,-0.008401098901098969
UltraX-Ultra-FineWeb:307,Ultra-FineWeb,30,2,3,1,1,0,0,,-0.15473455896646815
UltraX-Ultra-FineWeb:308,Ultra-FineWeb,19,0,0,0,0,0,0,,
UltraX-Ultra-FineWeb:309,Ultra-FineWeb,45,3,3,1,2,0,0,,0.2058320114142571
UltraX-Ultra-FineWeb:310,Ultra-FineWeb,24,0,0,0,0,0,0,,
UltraX-Ultra-FineWeb:311,Ultra-FineWeb,11,0,0,0,0,0,0,,
UltraX-Ultra-FineWeb:312,Ultra-FineWeb,19,9,9,0,1,0,0,,0.9735724883882817
UltraX-Ultra-FineWeb:313,Ultra-FineWeb,33,0,0,0,0,0,0,,
UltraX-Ultra-FineWeb:314,Ultra-FineWeb,21,0,0,0,0,0,0,,
UltraX-Ultra-FineWeb:315,Ultra-FineWeb,20,0,0,1,0,0,0,,
UltraX-Ultra-FineWeb:316,Ultra-FineWeb,76,5,5,1,4,0,0,,0.2624031602104546
UltraX-Ultra-FineWeb:317,Ultra-FineWeb,3,0,0,0,0,0,0,,
UltraX-Ultra-FineWeb:318,Ultra-FineWeb,14,0,0,0,0,0,0,,
UltraX-Ultra-FineWeb:319,Ultra-FineWeb,14,0,0,0,0,0,0,,
UltraX-Ultra-FineWeb:320,Ultra-FineWeb,2,0,0,0,0,0,0,,
UltraX-Ultra-FineWeb:321,Ultra-FineWeb,6,0,0,0,0,0,0,,
UltraX-Ultra-FineWeb:322,Ultra-FineWeb,33,0,0,0,0,0,0,,
UltraX-Ultra-FineWeb:323,Ultra-FineWeb,10,1,1,1,1,0,0,,0.41434121488896114
UltraX-Ultra-FineWeb:324,Ultra-FineWeb,3,0,0,0,0,0,0,,
UltraX-Ultra-FineWeb:325,Ultra-FineWeb,5,1,1,1,1,0,0,,0.46549354834323253
UltraX-Ultra-FineWeb:326,Ultra-FineWeb,16,2,2,1,1,0,0,,-0.7133455712796719
UltraX-Ultra-FineWeb:327,Ultra-FineWeb,5,0,0,1,0,0,0,,
UltraX-Ultra-FineWeb:328,Ultra-FineWeb,12,1,1,0,1,0,0,,0.2917958746073017
UltraX-Ultra-FineWeb:329,Ultra-FineWeb,6,0,0,3,0,0,0,,
UltraX-Ultra-FineWeb:330,Ultra-FineWeb,1,0,0,0,0,0,0,,
UltraX-Ultra-FineWeb:331,Ultra-FineWeb,19,0,0,0,0,0,0,,
UltraX-Ultra-FineWeb:332,Ultra-FineWeb,63,4,4,1,1,0,0,,0.15721362212293322
UltraX-Ultra-FineWeb:333,Ultra-FineWeb,3,0,0,0,0,0,0,,
UltraX-Ultra-FineWeb:334,Ultra-FineWeb,6,0,0,0,0,0,0,,
UltraX-Ultra-FineWeb:335,Ultra-FineWeb,12,0,0,0,0,0,0,,
UltraX-Ultra-FineWeb:336,Ultra-FineWeb,17,0,0,1,0,0,0,,
UltraX-Ultra-FineWeb:337,Ultra-FineWeb,23,4,4,1,1,0,0,,-0.2462013540371153
UltraX-Ultra-FineWeb:338,Ultra-FineWeb,12,4,4,1,1,0,0,,1.0830293564794342
UltraX-Ultra-FineWeb:339,Ultra-FineWeb,2,0,0,1,0,0,0,,
UltraX-Ultra-FineWeb:340,Ultra-FineWeb,14,0,0,1,0,0,0,,
UltraX-Ultra-FineWeb:341,Ultra-FineWeb,4,1,1,0,1,0,0,,-0.06561066886673927
UltraX-Ultra-FineWeb:342,Ultra-FineWeb,8,1,1,1,1,0,0,,-1.3950515873015874
UltraX-Ultra-FineWeb:343,Ultra-FineWeb,4,1,1,1,1,0,0,,-1.276338091876486
UltraX-Ultra-FineWeb:344,Ultra-FineWeb,4,0,0,0,0,0,0,,
UltraX-Ultra-FineWeb:345,Ultra-FineWeb,3,0,0,0,0,0,0,,
UltraX-Ultra-FineWeb:346,Ultra-FineWeb,6,4,4,1,1,0,0,,-1.5035899470899476
UltraX-Ultra-FineWeb:347,Ultra-FineWeb,3,0,0,1,0,0,0,,
UltraX-Ultra-FineWeb:348,Ultra-FineWeb,2,0,0,0,0,0,0,,
UltraX-Ultra-FineWeb:349,Ultra-FineWeb,12,0,0,0,0,0,0,,
UltraX-Ultra-FineWeb:350,Ultra-FineWeb,6,0,0,0,0,0,0,,
UltraX-Ultra-FineWeb:351,Ultra-FineWeb,6,0,0,0,0,0,0,,
UltraX-Ultra-FineWeb:352,Ultra-FineWeb,9,0,0,0,0,0,0,,
UltraX-Ultra-FineWeb:353,Ultra-FineWeb,9,0,0,0,0,0,0,,
UltraX-Ultra-FineWeb:354,Ultra-FineWeb,18,1,1,1,1,0,0,,0.6250747743650038
UltraX-Ultra-FineWeb:355,Ultra-FineWeb,7,0,0,0,0,0,0,,
UltraX-Ultra-FineWeb:356,Ultra-FineWeb,6,0,0,0,0,0,0,,
UltraX-Ultra-FineWeb:357,Ultra-FineWeb,8,0,0,0,0,0,0,,
UltraX-Ultra-FineWeb:358,Ultra-FineWeb,7,0,0,0,0,0,0,,
UltraX-Ultra-FineWeb:359,Ultra-FineWeb,4,0,0,0,0,0,0,,
UltraX-Ultra-FineWeb:360,Ultra-FineWeb,14,0,0,0,0,0,0,,
UltraX-Ultra-FineWeb:361,Ultra-FineWeb,11,0,0,0,0,0,0,,
UltraX-Ultra-FineWeb:362,Ultra-FineWeb,25,1,1,1,1,0,0,,-0.6768568711587752
UltraX-Ultra-FineWeb:363,Ultra-FineWeb,8,0,0,0,0,0,0,,
UltraX-Ultra-FineWeb:364,Ultra-FineWeb,14,0,0,0,0,0,0,,
UltraX-Ultra-FineWeb:365,Ultra-FineWeb,23,2,2,1,1,0,0,,1.2310027202095313
UltraX-Ultra-FineWeb:366,Ultra-FineWeb,27,5,5,1,1,0,0,,0.09698790332047924
UltraX-Ultra-FineWeb:367,Ultra-FineWeb,4,2,2,1,1,0,1,,-1.3885697197539297
UltraX-Ultra-FineWeb:368,Ultra-FineWeb,2,1,1,1,1,0,0,,0.11673938002296147
UltraX-Ultra-FineWeb:369,Ultra-FineWeb,6,0,0,0,0,0,0,,
UltraX-Ultra-FineWeb:370,Ultra-FineWeb,3,0,0,0,0,0,0,,
UltraX-Ultra-FineWeb:371,Ultra-FineWeb,16,0,0,0,0,0,0,,
UltraX-Ultra-FineWeb:372,Ultra-FineWeb,15,0,1,3,0,0,0,,-0.5054278872539975
UltraX-Ultra-FineWeb:373,Ultra-FineWeb,22,0,0,1,0,0,0,,
UltraX-Ultra-FineWeb:374,Ultra-FineWeb,54,0,0,1,0,0,0,,
UltraX-Ultra-FineWeb:375,Ultra-FineWeb,60,2,2,1,1,0,0,,-0.5035149860232542
UltraX-Ultra-FineWeb:376,Ultra-FineWeb,8,1,1,1,1,0,0,,-0.6397973326772108
UltraX-Ultra-FineWeb:377,Ultra-FineWeb,26,1,1,1,1,0,0,,-0.29778382827836136
UltraX-Ultra-FineWeb:378,Ultra-FineWeb,12,0,0,0,0,0,0,,
UltraX-Ultra-FineWeb:379,Ultra-FineWeb,4,0,0,0,0,0,0,,
UltraX-Ultra-FineWeb:380,Ultra-FineWeb,2,1,1,1,1,0,0,,0.33378205128205174
UltraX-Ultra-FineWeb:381,Ultra-FineWeb,3,1,1,0,1,0,0,,0.004044860368389358
UltraX-Ultra-FineWeb:382,Ultra-FineWeb,5,0,0,0,0,0,0,,
UltraX-Ultra-FineWeb:383,Ultra-FineWeb,10,0,0,0,0,0,0,,
UltraX-Ultra-FineWeb:384,Ultra-FineWeb,14,0,0,0,0,0,0,,
UltraX-Ultra-FineWeb:385,Ultra-FineWeb,28,2,2,1,1,0,0,,0.27520426996427005
UltraX-Ultra-FineWeb:386,Ultra-FineWeb,7,0,0,0,0,0,0,,
UltraX-Ultra-FineWeb:387,Ultra-FineWeb,15,2,2,1,1,0,0,,-0.228159976527337
UltraX-Ultra-FineWeb:388,Ultra-FineWeb,1,0,0,0,0,0,0,,
UltraX-Ultra-FineWeb:389,Ultra-FineWeb,6,0,0,0,0,0,0,,
UltraX-Ultra-FineWeb:390,Ultra-FineWeb,6,0,0,0,0,0,0,,
UltraX-Ultra-FineWeb:391,Ultra-FineWeb,12,0,0,0,0,0,0,,
UltraX-Ultra-FineWeb:392,Ultra-FineWeb,22,0,0,0,0,0,0,,
UltraX-Ultra-FineWeb:393,Ultra-FineWeb,6,1,1,0,1,0,0,,0.2254036537195514
UltraX-Ultra-FineWeb:394,Ultra-FineWeb,4,3,3,0,1,0,0,,-1.0287037037037035
UltraX-Ultra-FineWeb:395,Ultra-FineWeb,57,3,3,0,1,0,0,,0.25884161727180643
UltraX-Ultra-FineWeb:396,Ultra-FineWeb,51,0,0,1,0,0,0,,
UltraX-Ultra-FineWeb:397,Ultra-FineWeb,4,1,1,1,1,0,0,,-0.08555803571428555
UltraX-Ultra-FineWeb:398,Ultra-FineWeb,6,0,0,0,0,0,0,,
UltraX-Ultra-FineWeb:399,Ultra-FineWeb,8,2,2,0,2,0,0,,0.07798342830839733
UltraX-Ultra-FineWeb:400,Ultra-FineWeb,6,2,2,0,1,0,0,,0.38929229946083943
UltraX-Ultra-FineWeb:401,Ultra-FineWeb,41,5,1,1,1,0,0,,0.4115313319338041
UltraX-Ultra-FineWeb:402,Ultra-FineWeb,15,0,0,1,0,0,0,,
UltraX-Ultra-FineWeb:403,Ultra-FineWeb,7,0,0,0,0,0,0,,
UltraX-Ultra-FineWeb:404,Ultra-FineWeb,8,2,2,1,1,0,0,,0.43069020065393104
UltraX-Ultra-FineWeb:405,Ultra-FineWeb,6,1,2,2,1,0,1,,-0.12119999999999997
UltraX-Ultra-FineWeb:406,Ultra-FineWeb,4,0,0,0,0,0,0,,
UltraX-Ultra-FineWeb:407,Ultra-FineWeb,57,1,1,1,1,0,0,,0.5427936615482425
UltraX-Ultra-FineWeb:408,Ultra-FineWeb,17,0,0,0,0,0,0,,
UltraX-Ultra-FineWeb:409,Ultra-FineWeb,7,2,2,1,1,0,0,,0.6668754931343166
UltraX-Ultra-FineWeb:410,Ultra-FineWeb,22,12,11,1,1,0,0,,-0.4123795741431948
UltraX-Ultra-FineWeb:411,Ultra-FineWeb,17,0,0,0,0,0,0,,
UltraX-Ultra-FineWeb:412,Ultra-FineWeb,8,0,0,0,0,0,0,,
UltraX-Ultra-FineWeb:413,Ultra-FineWeb,67,1,1,1,1,0,0,,0.05552387522405766
UltraX-Ultra-FineWeb:414,Ultra-FineWeb,10,0,0,0,0,0,0,,
UltraX-Ultra-FineWeb:415,Ultra-FineWeb,9,1,1,1,1,0,0,,0.7437031385281383
UltraX-Ultra-FineWeb:416,Ultra-FineWeb,2,0,0,1,0,0,0,,
UltraX-Ultra-FineWeb:417,Ultra-FineWeb,7,0,0,0,0,0,0,,
UltraX-Ultra-FineWeb:418,Ultra-FineWeb,139,8,8,0,8,0,0,,-0.8374079831617998
UltraX-Ultra-FineWeb:419,Ultra-FineWeb,4,1,1,1,1,0,0,,0.33291562685680365
UltraX-Ultra-FineWeb:420,Ultra-FineWeb,1,0,0,0,0,0,0,,
UltraX-Ultra-FineWeb:421,Ultra-FineWeb,7,0,0,1,0,0,0,,
UltraX-Ultra-FineWeb:422,Ultra-FineWeb,10,0,0,0,0,0,0,,
UltraX-Ultra-FineWeb:423,Ultra-FineWeb,10,0,1,1,0,0,0,,-0.2500607481641959
UltraX-Ultra-FineWeb:424,Ultra-FineWeb,5,0,0,1,0,0,0,,
UltraX-Ultra-FineWeb:425,Ultra-FineWeb,39,0,0,0,0,0,0,,
UltraX-Ultra-FineWeb:426,Ultra-FineWeb,19,1,1,1,1,0,0,,-1.021870529524799
UltraX-Ultra-FineWeb:427,Ultra-FineWeb,22,0,0,3,0,0,0,,
UltraX-Ultra-FineWeb:428,Ultra-FineWeb,30,1,1,2,1,0,0,,1.7246812238010367
UltraX-Ultra-FineWeb:429,Ultra-FineWeb,55,1,1,1,1,0,0,,0.05596441341542935
UltraX-Ultra-FineWeb:430,Ultra-FineWeb,13,1,1,1,1,0,0,,-1.0552081224302583
UltraX-Ultra-FineWeb:431,Ultra-FineWeb,17,2,2,1,1,0,0,,0.44202696529219665
UltraX-Ultra-FineWeb:432,Ultra-FineWeb,3,0,0,0,0,0,0,,
UltraX-Ultra-FineWeb:433,Ultra-FineWeb,1,0,0,0,0,0,0,,
UltraX-Ultra-FineWeb:434,Ultra-FineWeb,83,0,0,0,0,0,0,,
UltraX-Ultra-FineWeb:435,Ultra-FineWeb,31,0,0,0,0,0,0,,
UltraX-Ultra-FineWeb:436,Ultra-FineWeb,1,0,0,0,0,0,0,,
UltraX-Ultra-FineWeb:437,Ultra-FineWeb,3,0,0,1,0,0,0,,
UltraX-Ultra-FineWeb:438,Ultra-FineWeb,6,1,0,0,1,0,0,,
UltraX-Ultra-FineWeb:439,Ultra-FineWeb,122,2,2,1,1,0,0,,-0.05910519880731879
UltraX-Ultra-FineWeb:440,Ultra-FineWeb,7,0,0,0,0,0,0,,
UltraX-Ultra-FineWeb:441,Ultra-FineWeb,6,0,0,0,0,0,0,,
UltraX-Ultra-FineWeb:442,Ultra-FineWeb,13,0,1,0,0,0,0,,-1.0299143628518634
UltraX-Ultra-FineWeb:443,Ultra-FineWeb,13,1,1,1,1,0,0,,-0.7507997076023392
UltraX-Ultra-FineWeb:444,Ultra-FineWeb,8,1,0,0,1,0,0,,
UltraX-Ultra-FineWeb:445,Ultra-FineWeb,9,5,3,1,4,0,0,,-1.2559362027104513
UltraX-Ultra-FineWeb:446,Ultra-FineWeb,10,3,3,1,2,0,0,,0.6150326953748007
UltraX-Ultra-FineWeb:447,Ultra-FineWeb,42,1,1,0,1,0,0,,0.2582633321525929
UltraX-Ultra-FineWeb:448,Ultra-FineWeb,46,0,0,1,0,0,0,,
UltraX-Ultra-FineWeb:449,Ultra-FineWeb,16,0,0,0,0,0,0,,
UltraX-Ultra-FineWeb:450,Ultra-FineWeb,91,7,5,1,1,0,0,,0.33390318377022954
UltraX-Ultra-FineWeb:451,Ultra-FineWeb,21,0,0,0,0,0,0,,
UltraX-Ultra-FineWeb:452,Ultra-FineWeb,24,7,6,1,1,0,0,,-0.3127608018209518
UltraX-Ultra-FineWeb:453,Ultra-FineWeb,21,3,1,1,1,0,0,,0.5284614890024093
UltraX-Ultra-FineWeb:454,Ultra-FineWeb,51,3,2,1,1,0,0,,-1.259845409648345
UltraX-Ultra-FineWeb:455,Ultra-FineWeb,3,0,0,0,0,0,0,,
UltraX-Ultra-FineWeb:456,Ultra-FineWeb,13,2,2,1,1,0,0,,0.20256604371238573
UltraX-Ultra-FineWeb:457,Ultra-FineWeb,47,0,0,0,0,0,0,,
UltraX-Ultra-FineWeb:458,Ultra-FineWeb,7,2,2,1,1,0,0,,-0.12102276369742704
UltraX-Ultra-FineWeb:459,Ultra-FineWeb,1,0,0,0,0,0,0,,
UltraX-Ultra-FineWeb:460,Ultra-FineWeb,56,0,0,1,0,0,0,,
UltraX-Ultra-FineWeb:461,Ultra-FineWeb,11,0,0,0,0,0,0,,
UltraX-Ultra-FineWeb:462,Ultra-FineWeb,11,1,1,1,1,0,0,,0.7977166666666671
UltraX-Ultra-FineWeb:463,Ultra-FineWeb,7,0,0,1,0,0,0,,
UltraX-Ultra-FineWeb:464,Ultra-FineWeb,19,0,0,0,0,0,0,,
UltraX-Ultra-FineWeb:465,Ultra-FineWeb,11,2,1,0,1,0,1,,-0.16100447663502315
UltraX-Ultra-FineWeb:466,Ultra-FineWeb,13,0,0,0,0,0,0,,
UltraX-Ultra-FineWeb:467,Ultra-FineWeb,21,0,0,0,0,0,0,,
UltraX-Ultra-FineWeb:468,Ultra-FineWeb,28,0,0,0,0,0,0,,
UltraX-Ultra-FineWeb:469,Ultra-FineWeb,3,3,2,1,2,0,0,,0.3724021526418788
UltraX-Ultra-FineWeb:470,Ultra-FineWeb,1,0,0,0,0,0,0,,
UltraX-Ultra-FineWeb:471,Ultra-FineWeb,14,1,1,1,1,0,0,,0.26149023659527604
UltraX-Ultra-FineWeb:472,Ultra-FineWeb,3,0,0,0,0,0,0,,
UltraX-Ultra-FineWeb:473,Ultra-FineWeb,10,0,0,0,0,0,0,,
UltraX-Ultra-FineWeb:474,Ultra-FineWeb,3,0,0,0,0,0,0,,
UltraX-Ultra-FineWeb:475,Ultra-FineWeb,3,0,0,1,0,0,0,,
UltraX-Ultra-FineWeb:476,Ultra-FineWeb,17,1,1,1,1,0,0,,0.23473278920153895
UltraX-Ultra-FineWeb:477,Ultra-FineWeb,20,0,0,0,0,0,0,,
UltraX-Ultra-FineWeb:478,Ultra-FineWeb,37,0,0,0,0,0,0,,
UltraX-Ultra-FineWeb:479,Ultra-FineWeb,26,0,0,0,0,0,0,,
UltraX-Ultra-FineWeb:480,Ultra-FineWeb,5,0,0,0,0,0,0,,
UltraX-Ultra-FineWeb:481,Ultra-FineWeb,1,0,0,0,0,0,0,,
UltraX-Ultra-FineWeb:482,Ultra-FineWeb,10,0,0,0,0,0,0,,
UltraX-Ultra-FineWeb:483,Ultra-FineWeb,5,0,0,0,0,0,0,,
UltraX-Ultra-FineWeb:484,Ultra-FineWeb,16,0,0,0,0,0,0,,
UltraX-Ultra-FineWeb:485,Ultra-FineWeb,24,0,0,0,0,0,0,,
UltraX-Ultra-FineWeb:486,Ultra-FineWeb,33,0,0,0,0,0,0,,
UltraX-Ultra-FineWeb:487,Ultra-FineWeb,14,1,1,4,1,0,0,,-0.49121984683445596
UltraX-Ultra-FineWeb:488,Ultra-FineWeb,21,0,0,0,0,0,0,,
UltraX-Ultra-FineWeb:489,Ultra-FineWeb,7,0,0,0,0,0,0,,
UltraX-Ultra-FineWeb:490,Ultra-FineWeb,5,0,0,0,0,0,0,,
UltraX-Ultra-FineWeb:491,Ultra-FineWeb,6,0,0,0,0,0,0,,
UltraX-Ultra-FineWeb:492,Ultra-FineWeb,29,1,1,0,1,0,0,,0.492213796397472
UltraX-Ultra-FineWeb:493,Ultra-FineWeb,9,0,0,1,0,0,0,,
UltraX-Ultra-FineWeb:494,Ultra-FineWeb,15,0,0,0,0,0,0,,
UltraX-Ultra-FineWeb:495,Ultra-FineWeb,98,0,0,0,0,0,0,,
UltraX-Ultra-FineWeb:496,Ultra-FineWeb,19,0,0,0,0,0,0,,
UltraX-Ultra-FineWeb:497,Ultra-FineWeb,1,0,0,1,0,0,0,,
UltraX-Ultra-FineWeb:498,Ultra-FineWeb,6,0,0,0,0,0,0,,
UltraX-Ultra-FineWeb:499,Ultra-FineWeb,9,2,2,1,1,0,0,,-0.1297027980853862
UltraX-Ultra-FineWeb:500,Ultra-FineWeb,6,0,0,0,0,0,0,,
UltraX-Ultra-FineWeb:501,Ultra-FineWeb,40,0,0,0,0,0,0,,
UltraX-Ultra-FineWeb:502,Ultra-FineWeb,13,2,2,1,1,0,0,,1.1471412174168254
UltraX-Ultra-FineWeb:503,Ultra-FineWeb,23,1,1,0,1,0,0,,0.7721452048551498
UltraX-Ultra-FineWeb:504,Ultra-FineWeb,13,0,0,0,0,0,0,,
UltraX-Ultra-FineWeb:505,Ultra-FineWeb,1,0,0,0,0,0,0,,
UltraX-Ultra-FineWeb:506,Ultra-FineWeb,37,28,28,1,3,0,0,,-0.3002174354981566
UltraX-Ultra-FineWeb:507,Ultra-FineWeb,8,1,1,0,1,0,0,,1.1298267739977987
UltraX-Ultra-FineWeb:508,Ultra-FineWeb,74,3,1,3,1,0,0,,-0.2891038502157022
UltraX-Ultra-FineWeb:509,Ultra-FineWeb,19,0,0,0,0,0,0,,
UltraX-Ultra-FineWeb:510,Ultra-FineWeb,16,2,2,3,2,0,0,,-1.201630300594899
UltraX-Ultra-FineWeb:511,Ultra-FineWeb,23,1,1,1,1,0,0,,0.23198416326691707
UltraX-Ultra-FineWeb:512,Ultra-FineWeb,3,0,0,0,0,0,0,,
UltraX-Ultra-FineWeb:513,Ultra-FineWeb,30,1,1,1,1,0,0,,-0.19111107379028702
UltraX-Ultra-FineWeb:514,Ultra-FineWeb,14,0,0,0,0,0,0,,
UltraX-Ultra-FineWeb:515,Ultra-FineWeb,1,0,0,0,0,0,0,,
UltraX-Ultra-FineWeb:516,Ultra-FineWeb,18,1,1,0,1,0,0,,0.49303761602680307
UltraX-Ultra-FineWeb:517,Ultra-FineWeb,66,1,1,1,1,0,0,,0.6311231347121824
UltraX-Ultra-FineWeb:518,Ultra-FineWeb,4,0,0,0,0,0,0,,
UltraX-Ultra-FineWeb:519,Ultra-FineWeb,3,0,0,0,0,0,0,,
UltraX-Ultra-FineWeb:520,Ultra-FineWeb,57,0,0,0,0,0,0,,
UltraX-Ultra-FineWeb:521,Ultra-FineWeb,14,0,0,0,0,0,0,,
UltraX-Ultra-FineWeb:522,Ultra-FineWeb,6,1,1,0,1,0,0,,0.38584586466165405
UltraX-Ultra-FineWeb:523,Ultra-FineWeb,18,0,0,1,0,0,0,,
UltraX-Ultra-FineWeb:524,Ultra-FineWeb,30,1,0,0,1,0,0,,
UltraX-Ultra-FineWeb:525,Ultra-FineWeb,20,7,7,5,2,0,0,,0.5063019688373034
UltraX-Ultra-FineWeb:526,Ultra-FineWeb,9,3,2,2,2,0,0,,-0.18560040297612534
UltraX-Ultra-FineWeb:527,Ultra-FineWeb,102,8,8,0,1,0,0,,-0.44462245526571476
UltraX-Ultra-FineWeb:528,Ultra-FineWeb,5,0,0,0,0,0,0,,
UltraX-Ultra-FineWeb:529,Ultra-FineWeb,26,0,0,1,0,0,0,,
UltraX-Ultra-FineWeb:530,Ultra-FineWeb,19,2,2,0,1,0,0,,0.29217485235763974
UltraX-Ultra-FineWeb:531,Ultra-FineWeb,8,1,1,1,1,0,0,,0.1695090685034364
UltraX-Ultra-FineWeb:532,Ultra-FineWeb,1,0,0,0,0,0,0,,
UltraX-Ultra-FineWeb:533,Ultra-FineWeb,5,0,0,0,0,0,0,,
UltraX-Ultra-FineWeb:534,Ultra-FineWeb,94,41,41,1,1,0,0,,-0.10144570936279695
UltraX-Ultra-FineWeb:535,Ultra-FineWeb,32,1,1,1,1,0,0,,-2.0754284478687555
UltraX-Ultra-FineWeb:536,Ultra-FineWeb,1,0,0,0,0,0,0,,
UltraX-Ultra-FineWeb:537,Ultra-FineWeb,4,0,0,0,0,0,0,,
UltraX-Ultra-FineWeb:538,Ultra-FineWeb,13,5,4,0,1,0,0,,-0.8543012790274132
UltraX-Ultra-FineWeb:539,Ultra-FineWeb,9,0,0,0,0,0,0,,
UltraX-Ultra-FineWeb:540,Ultra-FineWeb,23,0,0,0,0,0,0,,
UltraX-Ultra-FineWeb:541,Ultra-FineWeb,5,0,0,0,0,0,0,,
UltraX-Ultra-FineWeb:542,Ultra-FineWeb,10,1,1,1,1,0,0,,-0.227529437862926
UltraX-Ultra-FineWeb:543,Ultra-FineWeb,6,1,1,1,1,0,0,,-1.418537244232493
UltraX-Ultra-FineWeb:544,Ultra-FineWeb,11,4,4,1,1,0,0,,-0.607817407087281
UltraX-Ultra-FineWeb:545,Ultra-FineWeb,22,3,3,1,1,0,0,,1.2204875256322625
UltraX-Ultra-FineWeb:546,Ultra-FineWeb,30,0,0,0,0,0,0,,
UltraX-Ultra-FineWeb:547,Ultra-FineWeb,12,6,6,1,1,0,0,,-0.5090184376252873
UltraX-Ultra-FineWeb:548,Ultra-FineWeb,59,0,0,0,0,0,0,,
UltraX-Ultra-FineWeb:549,Ultra-FineWeb,11,2,0,0,2,0,0,,
UltraX-Ultra-FineWeb:550,Ultra-FineWeb,11,0,0,0,0,0,0,,
UltraX-Ultra-FineWeb:551,Ultra-FineWeb,13,0,0,0,0,0,0,,
UltraX-Ultra-FineWeb:552,Ultra-FineWeb,15,0,0,1,0,0,0,,
UltraX-Ultra-FineWeb:553,Ultra-FineWeb,1,0,0,0,0,0,0,,
UltraX-Ultra-FineWeb:554,Ultra-FineWeb,52,2,2,0,1,0,0,,-0.10507033723824843
UltraX-Ultra-FineWeb:555,Ultra-FineWeb,19,0,0,0,0,0,0,,
UltraX-Ultra-FineWeb:556,Ultra-FineWeb,13,0,0,0,0,0,0,,
UltraX-Ultra-FineWeb:557,Ultra-FineWeb,7,1,1,1,1,0,0,,-0.03946171171171109
UltraX-Ultra-FineWeb:558,Ultra-FineWeb,7,5,5,1,2,0,0,,0.2907606809129284
UltraX-Ultra-FineWeb:559,Ultra-FineWeb,70,3,3,1,2,0,0,,0.3874532259582333
UltraX-Ultra-FineWeb:560,Ultra-FineWeb,26,0,0,0,0,0,0,,
UltraX-Ultra-FineWeb:561,Ultra-FineWeb,17,0,0,0,0,0,0,,
UltraX-Ultra-FineWeb:562,Ultra-FineWeb,21,3,3,1,1,0,0,,0.9430879832408969
UltraX-Ultra-FineWeb:563,Ultra-FineWeb,23,1,1,1,1,0,0,,0.4895216449228901
UltraX-Ultra-FineWeb:564,Ultra-FineWeb,19,1,1,0,1,0,1,,-0.9410281632368651
UltraX-Ultra-FineWeb:565,Ultra-FineWeb,24,0,0,0,0,0,0,,
UltraX-Ultra-FineWeb:566,Ultra-FineWeb,42,9,8,1,1,0,0,,-0.6933237665706491
UltraX-Ultra-FineWeb:567,Ultra-FineWeb,9,0,0,0,0,0,0,,
UltraX-Ultra-FineWeb:568,Ultra-FineWeb,42,7,6,0,1,0,0,,-0.15181234863694115
UltraX-Ultra-FineWeb:569,Ultra-FineWeb,6,0,0,0,0,0,0,,
UltraX-Ultra-FineWeb:570,Ultra-FineWeb,60,3,3,2,1,0,0,,-0.13842829865276496
UltraX-Ultra-FineWeb:571,Ultra-FineWeb,7,0,0,0,0,0,0,,
UltraX-Ultra-FineWeb:572,Ultra-FineWeb,10,0,0,0,0,0,0,,
UltraX-Ultra-FineWeb:573,Ultra-FineWeb,9,1,1,1,1,0,0,,-0.5914358888394222
UltraX-Ultra-FineWeb:574,Ultra-FineWeb,6,1,1,1,1,0,0,,0.5541996028935294
UltraX-Ultra-FineWeb:575,Ultra-FineWeb,3,0,0,0,0,0,0,,
UltraX-Ultra-FineWeb:576,Ultra-FineWeb,4,2,2,1,2,0,0,,-0.37586825683693714
UltraX-Ultra-FineWeb:577,Ultra-FineWeb,8,4,2,1,2,0,0,,0.3428689046537139
UltraX-Ultra-FineWeb:578,Ultra-FineWeb,6,0,0,0,0,0,0,,
UltraX-Ultra-FineWeb:579,Ultra-FineWeb,36,4,4,1,3,0,0,,-0.48852612618452085
UltraX-Ultra-FineWeb:580,Ultra-FineWeb,4,2,1,1,1,0,0,,0.5722727272727264
UltraX-Ultra-FineWeb:581,Ultra-FineWeb,33,9,6,1,5,0,0,,-0.007818562610228952
UltraX-Ultra-FineWeb:582,Ultra-FineWeb,20,0,0,0,0,0,0,,
UltraX-Ultra-FineWeb:583,Ultra-FineWeb,9,0,0,0,0,0,0,,
UltraX-Ultra-FineWeb:584,Ultra-FineWeb,30,0,0,0,0,0,0,,
UltraX-Ultra-FineWeb:585,Ultra-FineWeb,20,0,0,1,0,0,0,,
UltraX-Ultra-FineWeb:586,Ultra-FineWeb,24,0,0,0,0,0,0,,
UltraX-Ultra-FineWeb:587,Ultra-FineWeb,2,0,0,1,0,0,0,,
UltraX-Ultra-FineWeb:588,Ultra-FineWeb,25,1,1,1,1,0,0,,-0.49482535397672667
UltraX-Ultra-FineWeb:589,Ultra-FineWeb,1,0,0,0,0,0,0,,
UltraX-Ultra-FineWeb:590,Ultra-FineWeb,21,5,5,1,1,0,0,,0.5037187394781144
UltraX-Ultra-FineWeb:591,Ultra-FineWeb,22,1,1,1,1,0,0,,0.5172395855408389
UltraX-Ultra-FineWeb:592,Ultra-FineWeb,7,2,1,1,1,0,0,,-0.5790098890903241
UltraX-Ultra-FineWeb:593,Ultra-FineWeb,7,1,1,1,1,0,0,,0.3010821096426808
UltraX-Ultra-FineWeb:594,Ultra-FineWeb,8,0,0,0,0,0,0,,
UltraX-Ultra-FineWeb:595,Ultra-FineWeb,6,0,0,1,0,0,0,,
UltraX-Ultra-FineWeb:596,Ultra-FineWeb,60,0,0,0,0,0,0,,
UltraX-Ultra-FineWeb:597,Ultra-FineWeb,5,0,0,0,0,0,0,,
UltraX-Ultra-FineWeb:598,Ultra-FineWeb,2,0,0,0,0,0,0,,
UltraX-Ultra-FineWeb:599,Ultra-FineWeb,13,0,0,0,0,0,0,,
UltraX-Ultra-FineWeb:600,Ultra-FineWeb,7,0,0,0,0,0,0,,
UltraX-Ultra-FineWeb:601,Ultra-FineWeb,1,0,0,0,0,0,0,,
UltraX-Ultra-FineWeb:602,Ultra-FineWeb,1,0,0,0,0,0,0,,
UltraX-Ultra-FineWeb:603,Ultra-FineWeb,5,1,1,1,1,0,0,,-0.11214634189503503
UltraX-Ultra-FineWeb:604,Ultra-FineWeb,10,0,0,0,0,0,0,,
UltraX-Ultra-FineWeb:605,Ultra-FineWeb,9,1,1,1,1,0,0,,-1.1483234319768947
UltraX-Ultra-FineWeb:606,Ultra-FineWeb,27,1,1,1,1,0,0,,0.29131523206930066
UltraX-Ultra-FineWeb:607,Ultra-FineWeb,1,0,0,0,0,0,0,,
UltraX-Ultra-FineWeb:608,Ultra-FineWeb,6,0,0,0,0,0,0,,
UltraX-Ultra-FineWeb:609,Ultra-FineWeb,14,1,1,0,1,0,0,,0.5065718010060118
UltraX-Ultra-FineWeb:610,Ultra-FineWeb,5,1,1,1,1,0,0,,1.0808921957671958
UltraX-Ultra-FineWeb:611,Ultra-FineWeb,13,0,0,0,0,0,0,,
UltraX-Ultra-FineWeb:612,Ultra-FineWeb,11,0,0,0,0,0,0,,
UltraX-Ultra-FineWeb:613,Ultra-FineWeb,13,0,0,1,0,0,0,,
UltraX-Ultra-FineWeb:614,Ultra-FineWeb,15,0,0,1,0,0,0,,
UltraX-Ultra-FineWeb:615,Ultra-FineWeb,9,0,0,0,0,0,0,,
UltraX-Ultra-FineWeb:616,Ultra-FineWeb,4,0,0,0,0,0,0,,
UltraX-Ultra-FineWeb:617,Ultra-FineWeb,4,0,0,0,0,0,0,,
UltraX-Ultra-FineWeb:618,Ultra-FineWeb,10,0,0,9,0,0,0,,
UltraX-Ultra-FineWeb:619,Ultra-FineWeb,7,0,0,0,0,0,0,,
UltraX-Ultra-FineWeb:620,Ultra-FineWeb,7,1,1,1,1,0,0,,-0.16535383087089883
UltraX-Ultra-FineWeb:621,Ultra-FineWeb,49,1,1,1,1,0,0,,0.550585561308659
UltraX-Ultra-FineWeb:622,Ultra-FineWeb,14,0,0,0,0,0,0,,
UltraX-Ultra-FineWeb:623,Ultra-FineWeb,4,1,1,1,1,0,0,,0.045598845598845195
UltraX-Ultra-FineWeb:624,Ultra-FineWeb,17,1,1,1,1,0,0,,0.03321576385851621
UltraX-Ultra-FineWeb:625,Ultra-FineWeb,6,0,0,0,0,0,0,,
UltraX-Ultra-FineWeb:626,Ultra-FineWeb,8,0,0,1,0,0,0,,
UltraX-Ultra-FineWeb:627,Ultra-FineWeb,16,0,0,0,0,0,0,,
UltraX-Ultra-FineWeb:628,Ultra-FineWeb,7,0,0,0,0,0,0,,
UltraX-Ultra-FineWeb:629,Ultra-FineWeb,22,3,3,1,1,0,0,,0.32981165514461885
UltraX-Ultra-FineWeb:630,Ultra-FineWeb,67,0,0,0,0,0,0,,
UltraX-Ultra-FineWeb:631,Ultra-FineWeb,1,0,0,1,0,0,0,,
UltraX-Ultra-FineWeb:632,Ultra-FineWeb,7,1,1,1,1,0,0,,1.3576562049062053
UltraX-Ultra-FineWeb:633,Ultra-FineWeb,18,0,0,0,0,0,0,,
UltraX-Ultra-FineWeb:634,Ultra-FineWeb,36,0,0,7,0,0,0,,
UltraX-Ultra-FineWeb:635,Ultra-FineWeb,7,2,2,1,1,0,0,,-0.8145698135198138
UltraX-Ultra-FineWeb:636,Ultra-FineWeb,1,0,0,0,0,0,0,,
UltraX-Ultra-FineWeb:637,Ultra-FineWeb,37,0,0,0,0,0,0,,
UltraX-Ultra-FineWeb:638,Ultra-FineWeb,2,1,1,1,1,0,0,,-1.0719565217391303
UltraX-Ultra-FineWeb:639,Ultra-FineWeb,15,2,2,2,2,0,0,,0.43765933344073993
UltraX-Ultra-FineWeb:640,Ultra-FineWeb,153,2,0,0,1,0,0,,
UltraX-Ultra-FineWeb:641,Ultra-FineWeb,3,1,1,1,1,0,0,,-2.9347469680756193
UltraX-Ultra-FineWeb:642,Ultra-FineWeb,9,0,0,0,0,0,0,,
UltraX-Ultra-FineWeb:643,Ultra-FineWeb,8,0,0,0,0,0,0,,
UltraX-Ultra-FineWeb:644,Ultra-FineWeb,7,0,0,0,0,0,0,,
UltraX-Ultra-FineWeb:645,Ultra-FineWeb,26,0,0,14,0,0,0,,
UltraX-Ultra-FineWeb:646,Ultra-FineWeb,17,3,2,0,1,0,0,,-0.41669040506380917
UltraX-Ultra-FineWeb:647,Ultra-FineWeb,10,0,0,0,0,0,0,,
UltraX-Ultra-FineWeb:648,Ultra-FineWeb,17,0,0,0,0,0,0,,
UltraX-Ultra-FineWeb:649,Ultra-FineWeb,28,1,1,1,1,0,0,,-0.2705722164340614
UltraX-Ultra-FineWeb:650,Ultra-FineWeb,22,1,1,1,1,0,0,,0.45067775831597867
UltraX-Ultra-FineWeb:651,Ultra-FineWeb,5,0,0,0,0,0,0,,
UltraX-Ultra-FineWeb:652,Ultra-FineWeb,26,0,0,0,0,0,0,,
UltraX-Ultra-FineWeb:653,Ultra-FineWeb,18,1,1,1,1,0,0,,0.06004776620397134
UltraX-Ultra-FineWeb:654,Ultra-FineWeb,7,0,0,0,0,0,0,,
UltraX-Ultra-FineWeb:655,Ultra-FineWeb,14,1,1,1,1,0,0,,0.6290073756098424
UltraX-Ultra-FineWeb:656,Ultra-FineWeb,30,0,0,0,0,0,0,,
UltraX-Ultra-FineWeb:657,Ultra-FineWeb,3,0,0,0,0,0,0,,
UltraX-Ultra-FineWeb:658,Ultra-FineWeb,1,0,0,0,0,0,0,,
UltraX-Ultra-FineWeb:659,Ultra-FineWeb,18,1,1,0,1,0,0,,-1.5362074601114566
UltraX-Ultra-FineWeb:660,Ultra-FineWeb,13,0,0,0,0,0,0,,
UltraX-Ultra-FineWeb:661,Ultra-FineWeb,6,1,1,1,1,0,0,,0.24061891482922615
UltraX-Ultra-FineWeb:662,Ultra-FineWeb,11,1,1,0,1,0,0,,-0.3520194614858321
UltraX-Ultra-FineWeb:663,Ultra-FineWeb,35,1,1,0,1,0,0,,-0.14533973194640826
UltraX-Ultra-FineWeb:664,Ultra-FineWeb,3,0,0,0,0,0,0,,
UltraX-Ultra-FineWeb:665,Ultra-FineWeb,9,0,0,0,0,0,0,,
UltraX-Ultra-FineWeb:666,Ultra-FineWeb,5,0,0,0,0,0,0,,
UltraX-Ultra-FineWeb:667,Ultra-FineWeb,5,0,0,1,0,0,0,,
UltraX-Ultra-FineWeb:668,Ultra-FineWeb,7,1,1,1,1,0,0,,0.10788014032750848
UltraX-Ultra-FineWeb:669,Ultra-FineWeb,12,0,0,0,0,0,0,,
UltraX-Ultra-FineWeb:670,Ultra-FineWeb,4,0,0,0,0,0,0,,
UltraX-Ultra-FineWeb:671,Ultra-FineWeb,1,0,0,1,0,0,0,,
UltraX-Ultra-FineWeb:672,Ultra-FineWeb,5,0,0,0,0,0,0,,
UltraX-Ultra-FineWeb:673,Ultra-FineWeb,6,0,0,0,0,0,0,,
UltraX-Ultra-FineWeb:674,Ultra-FineWeb,2,0,0,1,0,0,0,,
UltraX-Ultra-FineWeb:675,Ultra-FineWeb,20,0,0,0,0,0,0,,
UltraX-Ultra-FineWeb:676,Ultra-FineWeb,44,0,0,0,0,0,0,,
UltraX-Ultra-FineWeb:677,Ultra-FineWeb,14,1,1,0,1,0,0,,0.07821688034187968
UltraX-Ultra-FineWeb:678,Ultra-FineWeb,85,1,0,0,1,0,0,,
UltraX-Ultra-FineWeb:679,Ultra-FineWeb,4,1,1,1,1,0,0,,-1.52890977443609
UltraX-Ultra-FineWeb:680,Ultra-FineWeb,15,1,1,1,1,0,0,,-0.4987992119448421
UltraX-Ultra-FineWeb:681,Ultra-FineWeb,3,1,1,1,1,0,0,,-0.1426485922836287
UltraX-Ultra-FineWeb:682,Ultra-FineWeb,2,0,0,0,0,0,0,,
UltraX-Ultra-FineWeb:683,Ultra-FineWeb,11,1,1,1,1,0,0,,0.44832025813973697
UltraX-Ultra-FineWeb:684,Ultra-FineWeb,4,1,1,1,1,0,0,,0.11631170699366145
UltraX-Ultra-FineWeb:685,Ultra-FineWeb,5,0,0,0,0,0,0,,
UltraX-Ultra-FineWeb:686,Ultra-FineWeb,12,0,0,0,0,0,0,,
UltraX-Ultra-FineWeb:687,Ultra-FineWeb,7,0,0,0,0,0,0,,
UltraX-Ultra-FineWeb:688,Ultra-FineWeb,29,2,2,1,1,0,0,,-0.07433991823018626
UltraX-Ultra-FineWeb:689,Ultra-FineWeb,25,1,1,1,1,0,0,,0.16527229055741177
UltraX-Ultra-FineWeb:690,Ultra-FineWeb,61,2,2,0,1,0,0,,0.1693951012291608
UltraX-Ultra-FineWeb:691,Ultra-FineWeb,9,0,0,0,0,0,0,,
UltraX-Ultra-FineWeb:692,Ultra-FineWeb,13,0,0,0,0,0,0,,
UltraX-Ultra-FineWeb:693,Ultra-FineWeb,1,0,0,0,0,0,0,,
UltraX-Ultra-FineWeb:694,Ultra-FineWeb,6,2,2,1,1,0,0,,-0.014857843137255244
UltraX-Ultra-FineWeb:695,Ultra-FineWeb,12,0,0,0,0,0,0,,
UltraX-Ultra-FineWeb:696,Ultra-FineWeb,12,0,0,0,0,0,0,,
UltraX-Ultra-FineWeb:697,Ultra-FineWeb,3,1,1,1,1,0,0,,1.547725468975468
UltraX-Ultra-FineWeb:698,Ultra-FineWeb,1,0,0,0,0,0,0,,
UltraX-Ultra-FineWeb:699,Ultra-FineWeb,11,1,1,1,1,0,0,,0.5758083304784742
UltraX-Ultra-FineWeb:700,Ultra-FineWeb,6,0,0,0,0,0,0,,
UltraX-Ultra-FineWeb:701,Ultra-FineWeb,9,0,0,0,0,0,0,,
UltraX-Ultra-FineWeb:702,Ultra-FineWeb,21,1,1,1,1,0,0,,0.6596568984321545
UltraX-Ultra-FineWeb:703,Ultra-FineWeb,7,2,2,1,1,0,0,,-0.7221606938525724
UltraX-Ultra-FineWeb:704,Ultra-FineWeb,44,2,7,6,2,0,2,,-0.6035168815462937
UltraX-Ultra-FineWeb:705,Ultra-FineWeb,27,0,0,0,0,0,0,,
UltraX-Ultra-FineWeb:706,Ultra-FineWeb,5,0,0,0,0,0,0,,
UltraX-Ultra-FineWeb:707,Ultra-FineWeb,1,0,0,0,0,0,0,,
UltraX-Ultra-FineWeb:708,Ultra-FineWeb,4,1,1,0,1,0,0,,-0.880862607099143
UltraX-Ultra-FineWeb:709,Ultra-FineWeb,59,2,2,1,1,0,0,,-0.6494161512930532
UltraX-Ultra-FineWeb:710,Ultra-FineWeb,16,1,1,1,1,0,0,,-0.12285886817942693
UltraX-Ultra-FineWeb:711,Ultra-FineWeb,8,0,0,1,0,0,0,,
UltraX-Ultra-FineWeb:712,Ultra-FineWeb,11,0,0,0,0,0,0,,
UltraX-Ultra-FineWeb:713,Ultra-FineWeb,39,2,0,1,1,0,0,,
UltraX-Ultra-FineWeb:714,Ultra-FineWeb,6,0,0,0,0,0,0,,
UltraX-Ultra-FineWeb:715,Ultra-FineWeb,15,5,5,1,2,0,0,,-0.20921335130909657
UltraX-Ultra-FineWeb:716,Ultra-FineWeb,5,1,1,1,1,0,0,,-1.2562315821256034
UltraX-Ultra-FineWeb:717,Ultra-FineWeb,1,0,0,0,0,0,0,,
UltraX-Ultra-FineWeb:718,Ultra-FineWeb,1,0,0,1,0,0,0,,
UltraX-Ultra-FineWeb:719,Ultra-FineWeb,27,4,4,0,4,0,0,,-0.38464800242839026
UltraX-Ultra-FineWeb:720,Ultra-FineWeb,6,0,0,1,0,0,0,,
UltraX-Ultra-FineWeb:721,Ultra-FineWeb,3,0,0,0,0,0,0,,
UltraX-Ultra-FineWeb:722,Ultra-FineWeb,4,1,1,1,1,0,0,,0.038477918376652376
UltraX-Ultra-FineWeb:723,Ultra-FineWeb,22,1,1,1,1,0,0,,0.0012992510135374502
UltraX-Ultra-FineWeb:724,Ultra-FineWeb,4,2,2,1,2,0,0,,-0.40365415733134125
UltraX-Ultra-FineWeb:725,Ultra-FineWeb,12,1,1,1,1,0,0,,0.3950259725893899
UltraX-Ultra-FineWeb:726,Ultra-FineWeb,2,0,0,0,0,0,0,,
UltraX-Ultra-FineWeb:727,Ultra-FineWeb,75,1,1,2,1,0,0,,-0.8780489842113575
UltraX-Ultra-FineWeb:728,Ultra-FineWeb,1,0,0,0,0,0,0,,
UltraX-Ultra-FineWeb:729,Ultra-FineWeb,10,0,3,3,0,0,0,,-0.3782857142857141
UltraX-Ultra-FineWeb:730,Ultra-FineWeb,74,1,1,5,1,0,0,,-0.26536813833008654
UltraX-Ultra-FineWeb:731,Ultra-FineWeb,71,4,4,0,4,0,0,,-0.13452274185963908
UltraX-Ultra-FineWeb:732,Ultra-FineWeb,6,2,2,1,2,0,0,,-0.045919871794872336
UltraX-Ultra-FineWeb:733,Ultra-FineWeb,15,8,8,5,4,0,0,,-0.45229354091104046
UltraX-Ultra-FineWeb:734,Ultra-FineWeb,4,0,0,0,0,0,0,,
UltraX-Ultra-FineWeb:735,Ultra-FineWeb,10,0,0,0,0,0,0,,
UltraX-Ultra-FineWeb:736,Ultra-FineWeb,16,3,2,1,1,0,0,,-0.37556713272895514
UltraX-Ultra-FineWeb:737,Ultra-FineWeb,50,0,0,0,0,0,0,,
UltraX-Ultra-FineWeb:738,Ultra-FineWeb,1,0,0,1,0,0,0,,
UltraX-Ultra-FineWeb:739,Ultra-FineWeb,16,7,6,1,1,0,0,,-1.0518131034631475
UltraX-Ultra-FineWeb:740,Ultra-FineWeb,7,0,0,4,0,0,0,,
UltraX-Ultra-FineWeb:741,Ultra-FineWeb,26,1,1,1,1,0,0,,0.24639295989784138
UltraX-Ultra-FineWeb:742,Ultra-FineWeb,4,1,1,1,1,0,0,,0.26050287526093996
UltraX-Ultra-FineWeb:743,Ultra-FineWeb,20,1,1,1,1,0,0,,0.027723148479573467
UltraX-Ultra-FineWeb:744,Ultra-FineWeb,7,2,1,0,1,0,0,,-0.004438774635438847
UltraX-Ultra-FineWeb:745,Ultra-FineWeb,8,0,0,0,0,0,0,,
UltraX-Ultra-FineWeb:746,Ultra-FineWeb,6,0,0,0,0,0,0,,
UltraX-Ultra-FineWeb:747,Ultra-FineWeb,16,1,1,1,1,0,0,,0.521988657090743
UltraX-Ultra-FineWeb:748,Ultra-FineWeb,10,0,0,0,0,0,0,,
UltraX-Ultra-FineWeb:749,Ultra-FineWeb,37,2,2,2,2,0,0,,0.041879325710174164
UltraX-Ultra-FineWeb:750,Ultra-FineWeb,83,0,0,3,0,0,0,,
UltraX-Ultra-FineWeb:751,Ultra-FineWeb,10,0,0,1,0,0,0,,
UltraX-Ultra-FineWeb:752,Ultra-FineWeb,42,10,10,1,1,0,0,,0.11569846692211705
UltraX-Ultra-FineWeb:753,Ultra-FineWeb,16,0,0,0,0,0,0,,
UltraX-Ultra-FineWeb:754,Ultra-FineWeb,13,10,9,1,1,0,0,,0.28132203907203923
UltraX-Ultra-FineWeb:755,Ultra-FineWeb,21,4,4,1,1,0,0,,0.2513170248868777
UltraX-Ultra-FineWeb:756,Ultra-FineWeb,1,0,0,0,0,0,0,,
UltraX-Ultra-FineWeb:757,Ultra-FineWeb,9,1,1,1,1,0,0,,-0.19474663473199083
UltraX-Ultra-FineWeb:758,Ultra-FineWeb,39,2,2,1,2,0,0,,-0.5822515087192839
UltraX-Ultra-FineWeb:759,Ultra-FineWeb,5,0,0,0,0,0,0,,
UltraX-Ultra-FineWeb:760,Ultra-FineWeb,13,0,0,0,0,0,0,,
UltraX-Ultra-FineWeb:761,Ultra-FineWeb,13,0,0,0,0,0,0,,
UltraX-Ultra-FineWeb:762,Ultra-FineWeb,8,1,1,1,1,0,0,,-0.3874777183600706
UltraX-Ultra-FineWeb:763,Ultra-FineWeb,14,0,0,0,0,0,0,,
UltraX-Ultra-FineWeb:764,Ultra-FineWeb,19,0,0,0,0,0,0,,
UltraX-Ultra-FineWeb:765,Ultra-FineWeb,6,0,0,0,0,0,0,,
UltraX-Ultra-FineWeb:766,Ultra-FineWeb,10,7,5,1,2,0,0,,-0.037153189792663355
UltraX-Ultra-FineWeb:767,Ultra-FineWeb,19,0,0,1,0,0,0,,
UltraX-Ultra-FineWeb:768,Ultra-FineWeb,6,0,0,0,0,0,0,,
UltraX-Ultra-FineWeb:769,Ultra-FineWeb,17,0,0,0,0,0,0,,
UltraX-Ultra-FineWeb:770,Ultra-FineWeb,5,0,0,0,0,0,0,,
UltraX-Ultra-FineWeb:771,Ultra-FineWeb,12,0,0,1,0,0,0,,
UltraX-Ultra-FineWeb:772,Ultra-FineWeb,16,2,2,0,2,0,0,,-0.3075438225406719
UltraX-Ultra-FineWeb:773,Ultra-FineWeb,9,0,0,0,0,0,0,,
UltraX-Ultra-FineWeb:774,Ultra-FineWeb,1,0,0,0,0,0,0,,
UltraX-Ultra-FineWeb:775,Ultra-FineWeb,7,2,2,1,1,0,0,,0.3000462307664451
UltraX-Ultra-FineWeb:776,Ultra-FineWeb,8,0,0,0,0,0,0,,
UltraX-Ultra-FineWeb:777,Ultra-FineWeb,26,1,1,1,1,0,0,,-0.0884355454045771
UltraX-Ultra-FineWeb:778,Ultra-FineWeb,4,0,0,0,0,0,0,,
UltraX-Ultra-FineWeb:779,Ultra-FineWeb,29,0,0,0,0,0,0,,
UltraX-Ultra-FineWeb:780,Ultra-FineWeb,1,0,0,0,0,0,0,,
UltraX-Ultra-FineWeb:781,Ultra-FineWeb,26,0,0,0,0,0,0,,
UltraX-Ultra-FineWeb:782,Ultra-FineWeb,2,1,1,0,1,0,0,,-0.9151285714285713
UltraX-Ultra-FineWeb:783,Ultra-FineWeb,11,0,0,0,0,0,0,,
UltraX-Ultra-FineWeb:784,Ultra-FineWeb,3,0,0,0,0,0,0,,
UltraX-Ultra-FineWeb:785,Ultra-FineWeb,31,10,10,1,1,0,0,,-0.5452074639595121
UltraX-Ultra-FineWeb:786,Ultra-FineWeb,6,0,0,0,0,0,0,,
UltraX-Ultra-FineWeb:787,Ultra-FineWeb,12,1,1,0,1,0,0,,0.38369526281587607
UltraX-Ultra-FineWeb:788,Ultra-FineWeb,3,0,0,0,0,0,0,,
UltraX-Ultra-FineWeb:789,Ultra-FineWeb,5,0,0,0,0,0,0,,
UltraX-Ultra-FineWeb:790,Ultra-FineWeb,6,1,1,1,1,0,0,,0.7837226107226112
UltraX-Ultra-FineWeb:791,Ultra-FineWeb,11,0,0,0,0,0,0,,
UltraX-Ultra-FineWeb:792,Ultra-FineWeb,4,0,0,0,0,0,0,,
UltraX-Ultra-FineWeb:793,Ultra-FineWeb,11,6,6,1,1,0,0,,-0.8843775322393901
UltraX-Ultra-FineWeb:794,Ultra-FineWeb,5,0,0,0,0,0,0,,
UltraX-Ultra-FineWeb:795,Ultra-FineWeb,6,0,0,0,0,0,0,,
UltraX-Ultra-FineWeb:796,Ultra-FineWeb,12,0,0,0,0,0,0,,
UltraX-Ultra-FineWeb:797,Ultra-FineWeb,14,1,1,1,1,0,0,,-0.06966838735746173
UltraX-Ultra-FineWeb:798,Ultra-FineWeb,2,0,0,0,0,0,0,,
UltraX-Ultra-FineWeb:799,Ultra-FineWeb,29,6,5,1,1,0,0,,-0.8554912157184713
UltraX-Ultra-FineWeb:800,Ultra-FineWeb,29,0,0,0,0,0,0,,
UltraX-Ultra-FineWeb:801,Ultra-FineWeb,2,0,0,0,0,0,0,,
UltraX-Ultra-FineWeb:802,Ultra-FineWeb,2,0,0,1,0,0,0,,
UltraX-Ultra-FineWeb:803,Ultra-FineWeb,5,1,1,0,1,0,0,,0.21467584227366832
UltraX-Ultra-FineWeb:804,Ultra-FineWeb,1,0,0,0,0,0,0,,
UltraX-Ultra-FineWeb:805,Ultra-FineWeb,78,2,2,0,1,0,0,,0.4030693918815169
UltraX-Ultra-FineWeb:806,Ultra-FineWeb,28,2,2,0,1,0,0,,-0.040552512239115934
UltraX-Ultra-FineWeb:807,Ultra-FineWeb,4,2,2,1,2,0,0,,-0.013726574500768862
UltraX-Ultra-FineWeb:808,Ultra-FineWeb,41,2,1,0,2,0,1,,-0.45255818810040793
UltraX-Ultra-FineWeb:809,Ultra-FineWeb,48,2,2,0,1,0,0,,0.44235518404071694
UltraX-Ultra-FineWeb:810,Ultra-FineWeb,8,1,1,1,1,0,0,,0.5270599730458221
UltraX-Ultra-FineWeb:811,Ultra-FineWeb,4,0,0,1,0,0,0,,
UltraX-Ultra-FineWeb:812,Ultra-FineWeb,7,1,1,1,1,0,0,,0.21115145225066367
UltraX-Ultra-FineWeb:813,Ultra-FineWeb,11,0,0,0,0,0,0,,
UltraX-Ultra-FineWeb:814,Ultra-FineWeb,2,1,1,1,1,0,0,,0.9511445783132535
UltraX-Ultra-FineWeb:815,Ultra-FineWeb,7,0,0,0,0,0,0,,
UltraX-Ultra-FineWeb:816,Ultra-FineWeb,4,0,0,0,0,0,0,,
UltraX-Ultra-FineWeb:817,Ultra-FineWeb,6,2,2,0,1,0,0,,-0.6885784313725498
UltraX-Ultra-FineWeb:818,Ultra-FineWeb,5,0,0,0,0,0,0,,
UltraX-Ultra-FineWeb:819,Ultra-FineWeb,13,0,0,0,0,0,0,,
UltraX-Ultra-FineWeb:820,Ultra-FineWeb,6,1,1,0,1,0,0,,-1.331391696605281
UltraX-Ultra-FineWeb:821,Ultra-FineWeb,7,0,0,0,0,0,0,,
UltraX-Ultra-FineWeb:822,Ultra-FineWeb,8,0,0,0,0,0,0,,
UltraX-Ultra-FineWeb:823,Ultra-FineWeb,2,0,0,1,0,0,0,,
UltraX-Ultra-FineWeb:824,Ultra-FineWeb,10,1,1,0,1,0,0,,0.02898117510190179
UltraX-Ultra-FineWeb:825,Ultra-FineWeb,9,0,0,0,0,0,0,,
UltraX-Ultra-FineWeb:826,Ultra-FineWeb,19,1,1,1,1,0,0,,-0.17137645237139942
UltraX-Ultra-FineWeb:827,Ultra-FineWeb,6,0,0,0,0,0,0,,
UltraX-Ultra-FineWeb:828,Ultra-FineWeb,4,0,0,0,0,0,0,,
UltraX-Ultra-FineWeb:829,Ultra-FineWeb,4,1,1,0,1,0,0,,0.2250220588235301
UltraX-Ultra-FineWeb:830,Ultra-FineWeb,6,0,0,0,0,0,0,,
UltraX-Ultra-FineWeb:831,Ultra-FineWeb,57,1,1,1,1,0,0,,-0.06929639725337733
UltraX-Ultra-FineWeb:832,Ultra-FineWeb,10,0,0,5,0,0,0,,
UltraX-Ultra-FineWeb:833,Ultra-FineWeb,9,2,2,1,2,0,0,,-0.29646598639455757
UltraX-Ultra-FineWeb:834,Ultra-FineWeb,9,0,0,0,0,0,0,,
UltraX-Ultra-FineWeb:835,Ultra-FineWeb,14,0,0,0,0,0,0,,
UltraX-Ultra-FineWeb:836,Ultra-FineWeb,8,1,1,0,1,0,0,,0.47904761904761894
UltraX-Ultra-FineWeb:837,Ultra-FineWeb,4,0,0,0,0,0,0,,
UltraX-Ultra-FineWeb:838,Ultra-FineWeb,21,1,1,1,1,0,0,,0.04599459773698378
UltraX-Ultra-FineWeb:839,Ultra-FineWeb,32,0,0,0,0,0,0,,
UltraX-Ultra-FineWeb:840,Ultra-FineWeb,13,6,6,1,1,0,0,,0.23448192131963008
UltraX-Ultra-FineWeb:841,Ultra-FineWeb,10,1,1,1,1,0,0,,0.3166339986505511
UltraX-Ultra-FineWeb:842,Ultra-FineWeb,13,0,0,0,0,0,0,,
UltraX-Ultra-FineWeb:843,Ultra-FineWeb,58,1,1,1,1,0,0,,-0.0516412207980359
UltraX-Ultra-FineWeb:844,Ultra-FineWeb,27,8,8,1,3,0,0,,0.050679536296101446
UltraX-Ultra-FineWeb:845,Ultra-FineWeb,2,0,0,0,0,0,0,,
UltraX-Ultra-FineWeb:846,Ultra-FineWeb,37,0,0,0,0,0,0,,
UltraX-Ultra-FineWeb:847,Ultra-FineWeb,152,13,13,0,9,0,0,,0.4378918290098861
UltraX-Ultra-FineWeb:848,Ultra-FineWeb,7,0,0,0,0,0,0,,
UltraX-Ultra-FineWeb:849,Ultra-FineWeb,15,0,0,0,0,0,0,,
UltraX-Ultra-FineWeb:850,Ultra-FineWeb,13,0,0,0,0,0,0,,
UltraX-Ultra-FineWeb:851,Ultra-FineWeb,4,0,0,0,0,0,0,,
UltraX-Ultra-FineWeb:852,Ultra-FineWeb,7,1,1,1,1,0,0,,-0.07010768345208529
UltraX-Ultra-FineWeb:853,Ultra-FineWeb,7,0,0,1,0,0,0,,
UltraX-Ultra-FineWeb:854,Ultra-FineWeb,14,0,0,0,0,0,0,,
UltraX-Ultra-FineWeb:855,Ultra-FineWeb,9,1,1,1,1,0,0,,-1.7455053616804626
UltraX-Ultra-FineWeb:856,Ultra-FineWeb,13,0,2,4,0,0,0,,-0.23149980737181863
UltraX-Ultra-FineWeb:857,Ultra-FineWeb,3,0,0,0,0,0,0,,
UltraX-Ultra-FineWeb:858,Ultra-FineWeb,21,1,0,1,1,0,0,,
UltraX-Ultra-FineWeb:859,Ultra-FineWeb,13,0,0,0,0,0,0,,
UltraX-Ultra-FineWeb:860,Ultra-FineWeb,9,0,0,0,0,0,0,,
UltraX-Ultra-FineWeb:861,Ultra-FineWeb,13,0,0,0,0,0,0,,
UltraX-Ultra-FineWeb:862,Ultra-FineWeb,20,0,0,0,0,0,0,,
UltraX-Ultra-FineWeb:863,Ultra-FineWeb,36,0,0,0,0,0,0,,
UltraX-Ultra-FineWeb:864,Ultra-FineWeb,6,0,0,0,0,0,0,,
UltraX-Ultra-FineWeb:865,Ultra-FineWeb,15,1,1,0,1,0,0,,-0.6470884674268822
UltraX-Ultra-FineWeb:866,Ultra-FineWeb,36,8,8,1,2,0,0,,-0.20011277024134788
UltraX-Ultra-FineWeb:867,Ultra-FineWeb,19,0,0,0,0,0,0,,
UltraX-Ultra-FineWeb:868,Ultra-FineWeb,6,0,0,0,0,0,0,,
UltraX-Ultra-FineWeb:869,Ultra-FineWeb,26,1,1,1,1,0,0,,-1.4341609038084835
UltraX-Ultra-FineWeb:870,Ultra-FineWeb,110,0,0,0,0,0,0,,
UltraX-Ultra-FineWeb:871,Ultra-FineWeb,6,0,0,0,0,0,0,,
UltraX-Ultra-FineWeb:872,Ultra-FineWeb,8,0,0,0,0,0,0,,
UltraX-Ultra-FineWeb:873,Ultra-FineWeb,19,0,0,0,0,0,0,,
UltraX-Ultra-FineWeb:874,Ultra-FineWeb,4,0,0,0,0,0,0,,
UltraX-Ultra-FineWeb:875,Ultra-FineWeb,3,0,0,0,0,0,0,,
UltraX-Ultra-FineWeb:876,Ultra-FineWeb,9,0,0,0,0,0,0,,
UltraX-Ultra-FineWeb:877,Ultra-FineWeb,8,1,1,1,1,0,0,,-0.24753519770613863
UltraX-Ultra-FineWeb:878,Ultra-FineWeb,29,1,1,1,1,0,0,,-1.4270149790645617
UltraX-Ultra-FineWeb:879,Ultra-FineWeb,17,0,0,0,0,0,0,,
UltraX-Ultra-FineWeb:880,Ultra-FineWeb,122,1,1,1,1,0,0,,-1.4912433165783892
UltraX-Ultra-FineWeb:881,Ultra-FineWeb,34,0,0,0,0,0,0,,
UltraX-Ultra-FineWeb:882,Ultra-FineWeb,5,0,0,0,0,0,0,,
UltraX-Ultra-FineWeb:883,Ultra-FineWeb,8,0,0,0,0,0,0,,
UltraX-Ultra-FineWeb:884,Ultra-FineWeb,11,1,1,1,1,0,0,,1.1503351453575785
UltraX-Ultra-FineWeb:885,Ultra-FineWeb,8,0,0,1,0,0,0,,
UltraX-Ultra-FineWeb:886,Ultra-FineWeb,10,0,0,0,0,0,0,,
UltraX-Ultra-FineWeb:887,Ultra-FineWeb,10,0,0,0,0,0,0,,
UltraX-Ultra-FineWeb:888,Ultra-FineWeb,13,1,1,1,1,0,0,,0.21519862261329692
UltraX-Ultra-FineWeb:889,Ultra-FineWeb,5,0,0,0,0,0,0,,
UltraX-Ultra-FineWeb:890,Ultra-FineWeb,7,0,0,0,0,0,0,,
UltraX-Ultra-FineWeb:891,Ultra-FineWeb,7,0,0,0,0,0,0,,
UltraX-Ultra-FineWeb:892,Ultra-FineWeb,5,0,0,0,0,0,0,,
UltraX-Ultra-FineWeb:893,Ultra-FineWeb,302,0,0,3,0,0,0,,
UltraX-Ultra-FineWeb:894,Ultra-FineWeb,40,0,0,0,0,0,0,,
UltraX-Ultra-FineWeb:895,Ultra-FineWeb,16,0,1,0,0,0,0,,-0.38090529100529125
UltraX-Ultra-FineWeb:896,Ultra-FineWeb,44,2,2,1,1,0,0,,0.6296955013142238
UltraX-Ultra-FineWeb:897,Ultra-FineWeb,1,0,0,0,0,0,0,,
UltraX-Ultra-FineWeb:898,Ultra-FineWeb,19,0,0,0,0,0,0,,
UltraX-Ultra-FineWeb:899,Ultra-FineWeb,3,0,0,0,0,0,0,,
UltraX-Ultra-FineWeb:900,Ultra-FineWeb,5,0,0,0,0,0,0,,
UltraX-Ultra-FineWeb:901,Ultra-FineWeb,9,0,0,0,0,0,0,,
UltraX-Ultra-FineWeb:902,Ultra-FineWeb,18,0,0,0,0,0,0,,
UltraX-Ultra-FineWeb:903,Ultra-FineWeb,74,1,0,0,1,0,0,,
UltraX-Ultra-FineWeb:904,Ultra-FineWeb,9,0,0,0,0,0,0,,
UltraX-Ultra-FineWeb:905,Ultra-FineWeb,1,0,0,0,0,0,0,,
UltraX-Ultra-FineWeb:906,Ultra-FineWeb,13,0,0,1,0,0,0,,
UltraX-Ultra-FineWeb:907,Ultra-FineWeb,12,0,0,0,0,0,0,,
UltraX-Ultra-FineWeb:908,Ultra-FineWeb,5,0,0,0,0,0,0,,
UltraX-Ultra-FineWeb:909,Ultra-FineWeb,5,0,0,0,0,0,0,,
UltraX-Ultra-FineWeb:910,Ultra-FineWeb,3,0,0,0,0,0,0,,
UltraX-Ultra-FineWeb:911,Ultra-FineWeb,1,0,0,0,0,0,0,,
UltraX-Ultra-FineWeb:912,Ultra-FineWeb,1,0,0,0,0,0,0,,
UltraX-Ultra-FineWeb:913,Ultra-FineWeb,2,1,0,2,1,0,0,,
UltraX-Ultra-FineWeb:914,Ultra-FineWeb,6,1,1,1,1,0,0,,0.7819576372865713
UltraX-Ultra-FineWeb:915,Ultra-FineWeb,9,3,3,1,1,0,0,,0.8355519005847958
UltraX-Ultra-FineWeb:916,Ultra-FineWeb,5,0,0,0,0,0,0,,
UltraX-Ultra-FineWeb:917,Ultra-FineWeb,6,0,0,4,0,0,0,,
UltraX-Ultra-FineWeb:918,Ultra-FineWeb,8,0,0,0,0,0,0,,
UltraX-Ultra-FineWeb:919,Ultra-FineWeb,32,0,0,0,0,0,0,,
UltraX-Ultra-FineWeb:920,Ultra-FineWeb,3,0,0,0,0,0,0,,
UltraX-Ultra-FineWeb:921,Ultra-FineWeb,56,1,0,0,1,0,0,,
UltraX-Ultra-FineWeb:922,Ultra-FineWeb,46,0,0,0,0,0,0,,
UltraX-Ultra-FineWeb:923,Ultra-FineWeb,1,0,0,1,0,0,0,,
UltraX-Ultra-FineWeb:924,Ultra-FineWeb,9,2,2,1,1,0,0,,0.5287737726669617
UltraX-Ultra-FineWeb:925,Ultra-FineWeb,2,0,0,0,0,0,0,,
UltraX-Ultra-FineWeb:926,Ultra-FineWeb,21,2,2,1,1,0,0,,-0.18178906778479575
UltraX-Ultra-FineWeb:927,Ultra-FineWeb,3,0,0,0,0,0,0,,
UltraX-Ultra-FineWeb:928,Ultra-FineWeb,7,5,5,1,1,0,0,,0.25417312030075223
UltraX-Ultra-FineWeb:929,Ultra-FineWeb,17,1,1,1,1,0,0,,0.28234559425460226
UltraX-Ultra-FineWeb:930,Ultra-FineWeb,86,1,1,0,1,0,0,,-1.053795746390004
UltraX-Ultra-FineWeb:931,Ultra-FineWeb,7,0,0,0,0,0,0,,
UltraX-Ultra-FineWeb:932,Ultra-FineWeb,7,0,0,0,0,0,0,,
UltraX-Ultra-FineWeb:933,Ultra-FineWeb,3,0,0,0,0,0,0,,
UltraX-Ultra-FineWeb:934,Ultra-FineWeb,22,3,3,1,1,0,0,,-0.34239438563015945
UltraX-Ultra-FineWeb:935,Ultra-FineWeb,12,0,0,0,0,0,0,,
UltraX-Ultra-FineWeb:936,Ultra-FineWeb,8,0,0,0,0,0,0,,
UltraX-Ultra-FineWeb:937,Ultra-FineWeb,5,0,0,0,0,0,0,,
UltraX-Ultra-FineWeb:938,Ultra-FineWeb,39,7,5,1,1,0,0,,0.10569424665060989
UltraX-Ultra-FineWeb:939,Ultra-FineWeb,2,1,1,1,1,0,0,,0.19365604092876865
UltraX-Ultra-FineWeb:940,Ultra-FineWeb,21,0,0,2,0,0,0,,
UltraX-Ultra-FineWeb:941,Ultra-FineWeb,4,0,0,0,0,0,0,,
UltraX-Ultra-FineWeb:942,Ultra-FineWeb,8,0,0,0,0,0,0,,
UltraX-Ultra-FineWeb:943,Ultra-FineWeb,37,10,11,3,7,0,0,,-0.33582777287208376
UltraX-Ultra-FineWeb:944,Ultra-FineWeb,12,0,0,0,0,0,0,,
UltraX-Ultra-FineWeb:945,Ultra-FineWeb,7,1,1,1,1,0,0,,0.34797056878306876
UltraX-Ultra-FineWeb:946,Ultra-FineWeb,70,1,0,0,1,0,0,,
UltraX-Ultra-FineWeb:947,Ultra-FineWeb,9,0,0,0,0,0,0,,
UltraX-Ultra-FineWeb:948,Ultra-FineWeb,5,0,0,0,0,0,0,,
UltraX-Ultra-FineWeb:949,Ultra-FineWeb,21,0,0,0,0,0,0,,
UltraX-Ultra-FineWeb:950,Ultra-FineWeb,13,1,1,2,1,0,0,,-1.3925370370370374
UltraX-Ultra-FineWeb:951,Ultra-FineWeb,5,0,0,0,0,0,0,,
UltraX-Ultra-FineWeb:952,Ultra-FineWeb,19,0,0,0,0,0,0,,
UltraX-Ultra-FineWeb:953,Ultra-FineWeb,2,0,0,0,0,0,0,,
UltraX-Ultra-FineWeb:954,Ultra-FineWeb,1,0,0,0,0,0,0,,
UltraX-Ultra-FineWeb:955,Ultra-FineWeb,14,4,3,0,1,0,0,,-2.1733339474698816
UltraX-Ultra-FineWeb:956,Ultra-FineWeb,15,0,0,0,0,0,0,,
UltraX-Ultra-FineWeb:957,Ultra-FineWeb,81,0,0,0,0,0,0,,
UltraX-Ultra-FineWeb:958,Ultra-FineWeb,10,0,0,0,0,0,0,,
UltraX-Ultra-FineWeb:959,Ultra-FineWeb,19,2,1,1,1,0,0,,0.17952917915756483
UltraX-Ultra-FineWeb:960,Ultra-FineWeb,10,0,0,0,0,0,0,,
UltraX-Ultra-FineWeb:961,Ultra-FineWeb,27,0,0,1,0,0,0,,
UltraX-Ultra-FineWeb:962,Ultra-FineWeb,6,0,0,1,0,0,0,,
UltraX-Ultra-FineWeb:963,Ultra-FineWeb,4,0,0,0,0,0,0,,
UltraX-Ultra-FineWeb:964,Ultra-FineWeb,4,2,2,1,2,0,0,,-0.44762448009506794
UltraX-Ultra-FineWeb:965,Ultra-FineWeb,147,5,2,1,1,0,0,,0.3415754405687714
UltraX-Ultra-FineWeb:966,Ultra-FineWeb,14,1,1,1,1,0,0,,-1.2700594165251262
UltraX-Ultra-FineWeb:967,Ultra-FineWeb,3,1,1,1,1,0,0,,-0.011369047619046668
UltraX-Ultra-FineWeb:968,Ultra-FineWeb,5,0,0,0,0,0,0,,
UltraX-Ultra-FineWeb:969,Ultra-FineWeb,16,2,1,1,1,0,0,,-0.24800368114119564
UltraX-Ultra-FineWeb:970,Ultra-FineWeb,2,0,0,0,0,0,0,,
UltraX-Ultra-FineWeb:971,Ultra-FineWeb,34,0,0,0,0,0,0,,
UltraX-Ultra-FineWeb:972,Ultra-FineWeb,20,2,2,1,1,0,0,,-0.2665178069349965
UltraX-Ultra-FineWeb:973,Ultra-FineWeb,3,0,0,0,0,0,0,,
UltraX-Ultra-FineWeb:974,Ultra-FineWeb,63,2,2,1,1,0,0,,0.20447096982946
UltraX-Ultra-FineWeb:975,Ultra-FineWeb,1,0,0,0,0,0,0,,
UltraX-Ultra-FineWeb:976,Ultra-FineWeb,7,0,0,0,0,0,0,,
UltraX-Ultra-FineWeb:977,Ultra-FineWeb,6,1,1,1,1,0,0,,-0.41914864471114477
UltraX-Ultra-FineWeb:978,Ultra-FineWeb,62,5,5,1,1,0,0,,-0.9461576514456969
UltraX-Ultra-FineWeb:979,Ultra-FineWeb,2,0,0,0,0,0,0,,
UltraX-Ultra-FineWeb:980,Ultra-FineWeb,1,0,0,0,0,0,0,,
UltraX-Ultra-FineWeb:981,Ultra-FineWeb,4,1,1,0,1,0,0,,0.6148603333660807
UltraX-Ultra-FineWeb:982,Ultra-FineWeb,20,0,0,0,0,0,0,,
UltraX-Ultra-FineWeb:983,Ultra-FineWeb,14,0,0,0,0,0,0,,
UltraX-Ultra-FineWeb:984,Ultra-FineWeb,2,0,0,0,0,0,0,,
UltraX-Ultra-FineWeb:985,Ultra-FineWeb,1,0,0,1,0,0,0,,
UltraX-Ultra-FineWeb:986,Ultra-FineWeb,2,0,0,0,0,0,0,,
UltraX-Ultra-FineWeb:987,Ultra-FineWeb,4,0,0,1,0,0,0,,
UltraX-Ultra-FineWeb:988,Ultra-FineWeb,10,1,1,1,1,0,0,,-0.5510614437363506
UltraX-Ultra-FineWeb:989,Ultra-FineWeb,2,0,0,0,0,0,0,,
UltraX-Ultra-FineWeb:990,Ultra-FineWeb,48,0,0,0,0,0,0,,
UltraX-Ultra-FineWeb:991,Ultra-FineWeb,18,5,5,1,1,0,0,,-0.7135239677930985
UltraX-Ultra-FineWeb:992,Ultra-FineWeb,106,1,1,1,1,0,0,,0.42422855601880194
UltraX-Ultra-FineWeb:993,Ultra-FineWeb,24,0,0,0,0,0,0,,
UltraX-Ultra-FineWeb:994,Ultra-FineWeb,9,0,0,0,0,0,0,,
UltraX-Ultra-FineWeb:995,Ultra-FineWeb,28,0,0,0,0,0,0,,
UltraX-Ultra-FineWeb:996,Ultra-FineWeb,14,0,0,0,0,0,0,,
UltraX-Ultra-FineWeb:997,Ultra-FineWeb,1,0,0,0,0,0,0,,
UltraX-Ultra-FineWeb:998,Ultra-FineWeb,6,0,0,0,0,0,0,,
UltraX-Ultra-FineWeb:999,Ultra-FineWeb,3,0,0,0,0,0,0,,
UltraX-Ultra-FineWeb:1000,Ultra-FineWeb,26,1,1,1,1,0,0,,-0.41357217729397
UltraX-Ultra-FineWeb:1001,Ultra-FineWeb,39,1,0,1,1,0,0,,
UltraX-Ultra-FineWeb:1002,Ultra-FineWeb,9,1,1,1,1,0,0,,-2.352874930935012
UltraX-Ultra-FineWeb:1003,Ultra-FineWeb,45,0,0,0,0,0,0,,
UltraX-Ultra-FineWeb:1004,Ultra-FineWeb,19,1,1,0,1,0,0,,-1.3134606021904869
UltraX-Ultra-FineWeb:1005,Ultra-FineWeb,3,1,1,1,1,0,0,,0.6049324392712547
UltraX-Ultra-FineWeb:1006,Ultra-FineWeb,17,3,3,1,2,0,0,,-0.31814327912574303
UltraX-Ultra-FineWeb:1007,Ultra-FineWeb,17,2,2,1,2,0,0,,-0.6284343803738146
UltraX-Ultra-FineWeb:1008,Ultra-FineWeb,24,2,2,1,2,0,0,,-0.7370862088240315
UltraX-Ultra-FineWeb:1009,Ultra-FineWeb,5,0,0,0,0,0,0,,
UltraX-Ultra-FineWeb:1010,Ultra-FineWeb,7,0,0,0,0,0,0,,
UltraX-Ultra-FineWeb:1011,Ultra-FineWeb,22,2,2,1,1,0,0,,0.04396950386644605
UltraX-Ultra-FineWeb:1012,Ultra-FineWeb,14,1,1,1,1,0,0,,-0.31818220292707977
UltraX-Ultra-FineWeb:1013,Ultra-FineWeb,5,0,0,0,0,0,0,,
UltraX-Ultra-FineWeb:1014,Ultra-FineWeb,49,1,1,0,1,0,0,,0.47777044422027526
UltraX-Ultra-FineWeb:1015,Ultra-FineWeb,19,0,0,0,0,0,0,,
UltraX-Ultra-FineWeb:1016,Ultra-FineWeb,17,0,0,0,0,0,0,,
UltraX-Ultra-FineWeb:1017,Ultra-FineWeb,5,0,0,0,0,0,0,,
UltraX-Ultra-FineWeb:1018,Ultra-FineWeb,14,1,1,1,1,0,0,,-0.5346125534000983
UltraX-Ultra-FineWeb:1019,Ultra-FineWeb,1,0,0,0,0,0,0,,
UltraX-Ultra-FineWeb:1020,Ultra-FineWeb,7,1,1,3,1,0,0,,-0.14891206273246116
UltraX-Ultra-FineWeb:1021,Ultra-FineWeb,32,18,18,1,11,0,0,,-0.5293295053220604
UltraX-Ultra-FineWeb:1022,Ultra-FineWeb,5,1,1,0,1,0,0,,0.8700505952380952
UltraX-Ultra-FineWeb:1023,Ultra-FineWeb,96,4,4,1,1,0,0,,0.11735998641108036
UltraX-Ultra-FineWeb:1024,Ultra-FineWeb,6,0,0,0,0,0,0,,
UltraX-Ultra-FineWeb:1025,Ultra-FineWeb,24,0,0,1,0,0,0,,
UltraX-Ultra-FineWeb:1026,Ultra-FineWeb,16,0,0,0,0,0,0,,
UltraX-Ultra-FineWeb:1027,Ultra-FineWeb,3,0,0,0,0,0,0,,
UltraX-Ultra-FineWeb:1028,Ultra-FineWeb,34,2,1,1,1,0,0,,-0.3208997431416689
UltraX-Ultra-FineWeb:1029,Ultra-FineWeb,8,0,0,0,0,0,0,,
UltraX-Ultra-FineWeb:1030,Ultra-FineWeb,1,0,0,0,0,0,0,,
UltraX-Ultra-FineWeb:1031,Ultra-FineWeb,20,2,2,2,2,0,0,,-1.5549423736092987
UltraX-Ultra-FineWeb:1032,Ultra-FineWeb,32,0,0,0,0,0,0,,
UltraX-Ultra-FineWeb:1033,Ultra-FineWeb,194,31,18,1,1,0,0,,0.14789911589821347
UltraX-Ultra-FineWeb:1034,Ultra-FineWeb,9,5,4,1,2,0,0,,-0.39104385964912414
UltraX-Ultra-FineWeb:1035,Ultra-FineWeb,3,0,0,0,0,0,0,,
UltraX-Ultra-FineWeb:1036,Ultra-FineWeb,7,0,0,0,0,0,0,,
UltraX-Ultra-FineWeb:1037,Ultra-FineWeb,1,0,0,0,0,0,0,,
UltraX-Ultra-FineWeb:1038,Ultra-FineWeb,19,1,1,0,1,0,0,,0.43799723361847587
UltraX-Ultra-FineWeb:1039,Ultra-FineWeb,8,0,0,0,0,0,0,,
UltraX-Ultra-FineWeb:1040,Ultra-FineWeb,11,0,0,0,0,0,0,,
UltraX-Ultra-FineWeb:1041,Ultra-FineWeb,26,22,21,1,1,0,0,,-0.6343072579101339
UltraX-Ultra-FineWeb:1042,Ultra-FineWeb,4,1,1,1,1,0,0,,0.6604533488192033
UltraX-Ultra-FineWeb:1043,Ultra-FineWeb,103,1,1,0,1,0,0,,-0.7355481116548317
UltraX-Ultra-FineWeb:1044,Ultra-FineWeb,93,0,0,0,0,0,0,,
UltraX-Ultra-FineWeb:1045,Ultra-FineWeb,1,0,0,0,0,0,0,,
UltraX-Ultra-FineWeb:1046,Ultra-FineWeb,20,0,0,0,0,0,0,,
UltraX-Ultra-FineWeb:1047,Ultra-FineWeb,6,1,1,1,1,0,0,,-1.0056730158730156
UltraX-Ultra-FineWeb:1048,Ultra-FineWeb,11,0,0,0,0,0,0,,
UltraX-Ultra-FineWeb:1049,Ultra-FineWeb,27,0,0,0,0,0,0,,
UltraX-Ultra-FineWeb:1050,Ultra-FineWeb,1,0,0,0,0,0,0,,
UltraX-Ultra-FineWeb:1051,Ultra-FineWeb,41,1,1,0,1,0,0,,-0.20835576245415233
UltraX-Ultra-FineWeb:1052,Ultra-FineWeb,1,0,0,0,0,0,0,,
UltraX-Ultra-FineWeb:1053,Ultra-FineWeb,32,0,0,0,0,0,0,,
UltraX-Ultra-FineWeb:1054,Ultra-FineWeb,3,0,0,0,0,0,0,,
UltraX-Ultra-FineWeb:1055,Ultra-FineWeb,268,72,72,1,1,0,0,,-0.33629119772753846
UltraX-Ultra-FineWeb:1056,Ultra-FineWeb,17,1,1,1,1,0,0,,-0.3528170088599243
UltraX-Ultra-FineWeb:1057,Ultra-FineWeb,32,0,1,1,0,0,0,,0.3592055097295539
UltraX-Ultra-FineWeb:1058,Ultra-FineWeb,4,2,2,1,1,0,0,,0.2086199186991866
UltraX-Ultra-FineWeb:1059,Ultra-FineWeb,3,0,0,0,0,0,0,,
UltraX-Ultra-FineWeb:1060,Ultra-FineWeb,10,2,2,1,2,0,0,,0.3592873231335574
UltraX-Ultra-FineWeb:1061,Ultra-FineWeb,8,1,1,0,1,0,0,,-1.895616421277135
UltraX-Ultra-FineWeb:1062,Ultra-FineWeb,7,5,4,1,1,0,0,,0.8939602936979263
UltraX-Ultra-FineWeb:1063,Ultra-FineWeb,5,2,2,0,1,0,0,,0.0298293650793644
UltraX-Ultra-FineWeb:1064,Ultra-FineWeb,10,1,1,1,1,0,0,,0.5414201539201544
UltraX-Ultra-FineWeb:1065,Ultra-FineWeb,18,1,1,0,1,0,0,,-1.2575652710558014
UltraX-Ultra-FineWeb:1066,Ultra-FineWeb,1,0,0,0,0,0,0,,
UltraX-Ultra-FineWeb:1067,Ultra-FineWeb,6,1,0,1,1,0,0,,
UltraX-Ultra-FineWeb:1068,Ultra-FineWeb,6,0,0,0,0,0,0,,
UltraX-Ultra-FineWeb:1069,Ultra-FineWeb,5,0,0,0,0,0,0,,
UltraX-Ultra-FineWeb:1070,Ultra-FineWeb,82,30,23,1,1,0,0,,-1.0553706606565667
UltraX-Ultra-FineWeb:1071,Ultra-FineWeb,6,0,0,0,0,0,0,,
UltraX-Ultra-FineWeb:1072,Ultra-FineWeb,137,0,0,0,0,0,0,,
UltraX-Ultra-FineWeb:1073,Ultra-FineWeb,7,0,0,0,0,0,0,,
UltraX-Ultra-FineWeb:1074,Ultra-FineWeb,1,0,0,0,0,0,0,,
UltraX-Ultra-FineWeb:1075,Ultra-FineWeb,12,0,0,1,0,0,0,,
UltraX-Ultra-FineWeb:1076,Ultra-FineWeb,5,1,1,0,1,0,0,,-0.35424497377622455
UltraX-Ultra-FineWeb:1077,Ultra-FineWeb,6,0,0,0,0,0,0,,
UltraX-Ultra-FineWeb:1078,Ultra-FineWeb,6,1,1,1,1,0,0,,0.5928450274862564
UltraX-Ultra-FineWeb:1079,Ultra-FineWeb,6,0,0,0,0,0,0,,
UltraX-Ultra-FineWeb:1080,Ultra-FineWeb,6,0,4,0,0,0,0,,-1.9134092775041047
UltraX-Ultra-FineWeb:1081,Ultra-FineWeb,16,0,0,0,0,0,0,,
UltraX-Ultra-FineWeb:1082,Ultra-FineWeb,7,0,0,0,0,0,0,,
UltraX-Ultra-FineWeb:1083,Ultra-FineWeb,23,0,0,0,0,0,0,,
UltraX-Ultra-FineWeb:1084,Ultra-FineWeb,12,1,1,1,1,0,0,,0.400259388296095
UltraX-Ultra-FineWeb:1085,Ultra-FineWeb,13,0,0,0,0,0,0,,
UltraX-Ultra-FineWeb:1086,Ultra-FineWeb,14,2,2,1,1,0,0,,0.2988157166907168
UltraX-Ultra-FineWeb:1087,Ultra-FineWeb,7,0,0,0,0,0,0,,
UltraX-Ultra-FineWeb:1088,Ultra-FineWeb,47,2,2,1,1,0,0,,0.40990691327463313
UltraX-Ultra-FineWeb:1089,Ultra-FineWeb,9,0,0,0,0,0,0,,
UltraX-Ultra-FineWeb:1090,Ultra-FineWeb,10,0,0,0,0,0,0,,
UltraX-Ultra-FineWeb:1091,Ultra-FineWeb,15,0,0,0,0,0,0,,
UltraX-Ultra-FineWeb:1092,Ultra-FineWeb,15,0,0,0,0,0,0,,
UltraX-Ultra-FineWeb:1093,Ultra-FineWeb,15,1,1,0,1,0,0,,-0.15317704661690268
UltraX-Ultra-FineWeb:1094,Ultra-FineWeb,5,0,0,0,0,0,0,,
UltraX-Ultra-FineWeb:1095,Ultra-FineWeb,18,5,5,1,2,0,0,,-0.0938252943794069
UltraX-Ultra-FineWeb:1096,Ultra-FineWeb,20,0,0,0,0,0,0,,
UltraX-Ultra-FineWeb:1097,Ultra-FineWeb,32,0,0,0,0,0,0,,
UltraX-Ultra-FineWeb:1098,Ultra-FineWeb,11,1,1,0,1,0,0,,0.515625184636189
UltraX-Ultra-FineWeb:1099,Ultra-FineWeb,12,4,3,2,1,0,0,,0.4583034621323696
UltraX-Ultra-FineWeb:1100,Ultra-FineWeb,7,0,0,0,0,0,0,,
UltraX-Ultra-FineWeb:1101,Ultra-FineWeb,14,0,0,0,0,0,0,,
UltraX-Ultra-FineWeb:1102,Ultra-FineWeb,18,0,0,2,0,0,0,,
UltraX-Ultra-FineWeb:1103,Ultra-FineWeb,29,0,0,0,0,0,0,,
UltraX-Ultra-FineWeb:1104,Ultra-FineWeb,12,1,1,1,1,0,0,,-2.5975839236521057
UltraX-Ultra-FineWeb:1105,Ultra-FineWeb,32,0,1,0,0,0,0,,-0.1342754265352326
UltraX-Ultra-FineWeb:1106,Ultra-FineWeb,5,0,0,0,0,0,0,,
UltraX-Ultra-FineWeb:1107,Ultra-FineWeb,2,0,0,0,0,0,0,,
UltraX-Ultra-FineWeb:1108,Ultra-FineWeb,2,0,0,1,0,0,0,,
UltraX-Ultra-FineWeb:1109,Ultra-FineWeb,10,1,1,0,1,0,0,,-0.03829815777687173
UltraX-Ultra-FineWeb:1110,Ultra-FineWeb,7,1,1,1,1,0,0,,0.7734141700158315
UltraX-Ultra-FineWeb:1111,Ultra-FineWeb,6,0,0,0,0,0,0,,
UltraX-Ultra-FineWeb:1112,Ultra-FineWeb,45,0,0,1,0,0,0,,
UltraX-Ultra-FineWeb:1113,Ultra-FineWeb,3,0,0,0,0,0,0,,
UltraX-Ultra-FineWeb:1114,Ultra-FineWeb,18,0,0,1,0,0,0,,
UltraX-Ultra-FineWeb:1115,Ultra-FineWeb,6,0,0,0,0,0,0,,
UltraX-Ultra-FineWeb:1116,Ultra-FineWeb,8,1,1,1,1,0,0,,-2.2691561539256506
UltraX-Ultra-FineWeb:1117,Ultra-FineWeb,14,0,0,0,0,0,0,,
UltraX-Ultra-FineWeb:1118,Ultra-FineWeb,27,0,0,0,0,0,0,,
UltraX-Ultra-FineWeb:1119,Ultra-FineWeb,7,4,4,1,2,0,0,,-0.5696398809523808
UltraX-Ultra-FineWeb:1120,Ultra-FineWeb,10,0,0,0,0,0,0,,
UltraX-Ultra-FineWeb:1121,Ultra-FineWeb,11,2,2,1,1,0,0,,-1.7305785376784448
UltraX-Ultra-FineWeb:1122,Ultra-FineWeb,3,0,0,0,0,0,0,,
UltraX-Ultra-FineWeb:1123,Ultra-FineWeb,37,0,0,1,0,0,0,,
UltraX-Ultra-FineWeb:1124,Ultra-FineWeb,16,0,0,0,0,0,0,,
UltraX-Ultra-FineWeb:1125,Ultra-FineWeb,11,3,3,0,1,0,0,,-2.290685084087549
UltraX-Ultra-FineWeb:1126,Ultra-FineWeb,18,0,0,0,0,0,0,,
UltraX-Ultra-FineWeb:1127,Ultra-FineWeb,5,1,1,1,1,0,0,,0.8564945189690523
UltraX-Ultra-FineWeb:1128,Ultra-FineWeb,27,0,0,0,0,0,0,,
UltraX-Ultra-FineWeb:1129,Ultra-FineWeb,67,39,39,1,3,0,0,,-0.3990592820774639
UltraX-Ultra-FineWeb:1130,Ultra-FineWeb,21,0,0,0,0,0,0,,
UltraX-Ultra-FineWeb:1131,Ultra-FineWeb,25,0,0,0,0,0,0,,
UltraX-Ultra-FineWeb:1132,Ultra-FineWeb,19,0,0,0,0,0,0,,
UltraX-Ultra-FineWeb:1133,Ultra-FineWeb,16,0,0,0,0,0,0,,
UltraX-Ultra-FineWeb:1134,Ultra-FineWeb,56,0,0,0,0,0,0,,
UltraX-Ultra-FineWeb:1135,Ultra-FineWeb,26,0,0,0,0,0,0,,
UltraX-Ultra-FineWeb:1136,Ultra-FineWeb,26,0,0,0,0,0,0,,
UltraX-Ultra-FineWeb:1137,Ultra-FineWeb,8,1,1,1,1,0,0,,0.21605953639383912
UltraX-Ultra-FineWeb:1138,Ultra-FineWeb,7,0,0,0,0,0,0,,
UltraX-Ultra-FineWeb:1139,Ultra-FineWeb,8,0,0,0,0,0,0,,
UltraX-Ultra-FineWeb:1140,Ultra-FineWeb,3,0,0,0,0,0,0,,
UltraX-Ultra-FineWeb:1141,Ultra-FineWeb,3,0,0,0,0,0,0,,
UltraX-Ultra-FineWeb:1142,Ultra-FineWeb,31,3,2,1,1,0,0,,0.04673215821439669
UltraX-Ultra-FineWeb:1143,Ultra-FineWeb,66,1,1,0,1,0,0,,0.7320645309409564
UltraX-Ultra-FineWeb:1144,Ultra-FineWeb,18,0,0,0,0,0,0,,
UltraX-Ultra-FineWeb:1145,Ultra-FineWeb,72,0,0,0,0,0,0,,
UltraX-Ultra-FineWeb:1146,Ultra-FineWeb,14,0,0,1,0,0,0,,
UltraX-Ultra-FineWeb:1147,Ultra-FineWeb,11,0,0,0,0,0,0,,
UltraX-Ultra-FineWeb:1148,Ultra-FineWeb,18,1,1,1,1,0,0,,-0.18101951655842363
UltraX-Ultra-FineWeb:1149,Ultra-FineWeb,8,0,0,0,0,0,0,,
UltraX-Ultra-FineWeb:1150,Ultra-FineWeb,11,1,1,1,1,0,0,,-0.47541720037789403
UltraX-Ultra-FineWeb:1151,Ultra-FineWeb,21,0,0,0,0,0,0,,
UltraX-Ultra-FineWeb:1152,Ultra-FineWeb,13,1,1,0,1,0,0,,-1.9434909255188209
UltraX-Ultra-FineWeb:1153,Ultra-FineWeb,6,0,0,0,0,0,0,,
UltraX-Ultra-FineWeb:1154,Ultra-FineWeb,3,0,0,0,0,0,0,,
UltraX-Ultra-FineWeb:1155,Ultra-FineWeb,17,0,0,0,0,0,0,,
UltraX-Ultra-FineWeb:1156,Ultra-FineWeb,15,1,0,1,1,0,0,,
UltraX-Ultra-FineWeb:1157,Ultra-FineWeb,2,0,0,0,0,0,0,,
UltraX-Ultra-FineWeb:1158,Ultra-FineWeb,12,0,0,0,0,0,0,,
UltraX-Ultra-FineWeb:1159,Ultra-FineWeb,48,0,0,0,0,0,0,,
UltraX-Ultra-FineWeb:1160,Ultra-FineWeb,6,0,0,0,0,0,0,,
UltraX-Ultra-FineWeb:1161,Ultra-FineWeb,3,0,0,0,0,0,0,,
UltraX-Ultra-FineWeb:1162,Ultra-FineWeb,15,0,0,0,0,0,0,,
UltraX-Ultra-FineWeb:1163,Ultra-FineWeb,1,0,0,0,0,0,0,,
UltraX-Ultra-FineWeb:1164,Ultra-FineWeb,9,0,0,0,0,0,0,,
UltraX-Ultra-FineWeb:1165,Ultra-FineWeb,5,2,2,1,1,0,0,,-1.1331222527997555
UltraX-Ultra-FineWeb:1166,Ultra-FineWeb,36,0,0,0,0,0,0,,
UltraX-Ultra-FineWeb:1167,Ultra-FineWeb,3,0,0,2,0,0,0,,
UltraX-Ultra-FineWeb:1168,Ultra-FineWeb,7,0,0,0,0,0,0,,
UltraX-Ultra-FineWeb:1169,Ultra-FineWeb,46,0,0,2,0,0,0,,
UltraX-Ultra-FineWeb:1170,Ultra-FineWeb,9,0,0,0,0,0,0,,
UltraX-Ultra-FineWeb:1171,Ultra-FineWeb,8,1,1,1,1,0,0,,0.6145201241853373
UltraX-Ultra-FineWeb:1172,Ultra-FineWeb,10,0,0,0,0,0,0,,
UltraX-Ultra-FineWeb:1173,Ultra-FineWeb,16,0,0,0,0,0,0,,
UltraX-Ultra-FineWeb:1174,Ultra-FineWeb,3,0,0,0,0,0,0,,
UltraX-Ultra-FineWeb:1175,Ultra-FineWeb,28,1,1,0,1,0,0,,1.072431801028583
UltraX-Ultra-FineWeb:1176,Ultra-FineWeb,5,0,0,0,0,0,0,,
UltraX-Ultra-FineWeb:1177,Ultra-FineWeb,1,0,0,0,0,0,0,,
UltraX-Ultra-FineWeb:1178,Ultra-FineWeb,10,0,0,2,0,0,0,,
UltraX-Ultra-FineWeb:1179,Ultra-FineWeb,11,0,0,0,0,0,0,,
UltraX-Ultra-FineWeb:1180,Ultra-FineWeb,12,3,3,1,1,0,0,,-0.11162933652409723
UltraX-Ultra-FineWeb:1181,Ultra-FineWeb,3,0,0,0,0,0,0,,
UltraX-Ultra-FineWeb:1182,Ultra-FineWeb,63,0,0,0,0,0,0,,
UltraX-Ultra-FineWeb:1183,Ultra-FineWeb,1,0,0,0,0,0,0,,
UltraX-Ultra-FineWeb:1184,Ultra-FineWeb,15,0,0,1,0,0,0,,
UltraX-Ultra-FineWeb:1185,Ultra-FineWeb,3,0,0,0,0,0,0,,
UltraX-Ultra-FineWeb:1186,Ultra-FineWeb,2,0,0,0,0,0,0,,
UltraX-Ultra-FineWeb:1187,Ultra-FineWeb,7,1,1,1,1,0,0,,0.8791932022084197
UltraX-Ultra-FineWeb:1188,Ultra-FineWeb,27,0,0,0,0,0,0,,
UltraX-Ultra-FineWeb:1189,Ultra-FineWeb,6,0,0,0,0,0,0,,
UltraX-Ultra-FineWeb:1190,Ultra-FineWeb,19,0,0,0,0,0,0,,
UltraX-Ultra-FineWeb:1191,Ultra-FineWeb,9,0,0,0,0,0,0,,
UltraX-Ultra-FineWeb:1192,Ultra-FineWeb,5,0,0,0,0,0,0,,
UltraX-Ultra-FineWeb:1193,Ultra-FineWeb,10,1,1,0,1,0,1,,-1.0207377848097954
UltraX-Ultra-FineWeb:1194,Ultra-FineWeb,2,1,1,1,1,0,0,,-0.6706462585034014
UltraX-Ultra-FineWeb:1195,Ultra-FineWeb,4,1,1,1,1,0,0,,-1.195515669515669
UltraX-Ultra-FineWeb:1196,Ultra-FineWeb,16,0,0,0,0,0,0,,
UltraX-Ultra-FineWeb:1197,Ultra-FineWeb,7,0,0,0,0,0,0,,
UltraX-Ultra-FineWeb:1198,Ultra-FineWeb,10,0,0,0,0,0,0,,
UltraX-Ultra-FineWeb:1199,Ultra-FineWeb,14,0,0,0,0,0,0,,
